pais	proyecto	variable	positivos	n	pct
Argentina	PRJNA1321764	sin_carbapenemasa	5	55	9.1
Argentina	PRJNA1321764	CC258	30	55	54.5
Argentina	PRJNA1321764	blaKPC	25	55	45.5
Argentina	PRJNA1321764	blaNDM	27	55	49.1
Argentina	PRJNA1331742	sin_carbapenemasa	1	12	8.3
Argentina	PRJNA1331742	CC258	4	12	33.3
Argentina	PRJNA1331742	blaKPC	8	12	66.7
Argentina	PRJNA1331742	blaNDM	4	12	33.3
Argentina	PRJNA658369	sin_carbapenemasa	1	18	5.6
Argentina	PRJNA658369	CC258	13	18	72.2
Argentina	PRJNA658369	blaKPC	17	18	94.4
Argentina	PRJNA658369	blaNDM	0	18	0.0
Brazil	PRJEB25631	sin_carbapenemasa	4	8	50.0
Brazil	PRJEB25631	CC258	7	8	87.5
Brazil	PRJEB25631	blaKPC	4	8	50.0
Brazil	PRJEB25631	blaNDM	0	8	0.0
Brazil	PRJEB25746	sin_carbapenemasa	1	26	3.8
Brazil	PRJEB25746	CC258	22	26	84.6
Brazil	PRJEB25746	blaKPC	25	26	96.2
Brazil	PRJEB25746	blaNDM	0	26	0.0
Brazil	PRJEB34380	sin_carbapenemasa	0	80	0.0
Brazil	PRJEB34380	CC258	60	80	75.0
Brazil	PRJEB34380	blaKPC	71	80	88.8
Brazil	PRJEB34380	blaNDM	9	80	11.2
Brazil	PRJEB41225	sin_carbapenemasa	1	38	2.6
Brazil	PRJEB41225	CC258	33	38	86.8
Brazil	PRJEB41225	blaKPC	37	38	97.4
Brazil	PRJEB41225	blaNDM	0	38	0.0
Brazil	PRJNA1000963	sin_carbapenemasa	0	13	0.0
Brazil	PRJNA1000963	CC258	6	13	46.2
Brazil	PRJNA1000963	blaKPC	13	13	100.0
Brazil	PRJNA1000963	blaNDM	0	13	0.0
Brazil	PRJNA1017435	sin_carbapenemasa	0	11	0.0
Brazil	PRJNA1017435	CC258	2	11	18.2
Brazil	PRJNA1017435	blaKPC	11	11	100.0
Brazil	PRJNA1017435	blaNDM	11	11	100.0
Brazil	PRJNA1077801	sin_carbapenemasa	4	8	50.0
Brazil	PRJNA1077801	CC258	4	8	50.0
Brazil	PRJNA1077801	blaKPC	4	8	50.0
Brazil	PRJNA1077801	blaNDM	0	8	0.0
Brazil	PRJNA1087366	sin_carbapenemasa	4	8	50.0
Brazil	PRJNA1087366	CC258	4	8	50.0
Brazil	PRJNA1087366	blaKPC	4	8	50.0
Brazil	PRJNA1087366	blaNDM	0	8	0.0
Brazil	PRJNA1137286	sin_carbapenemasa	12	49	24.5
Brazil	PRJNA1137286	CC258	35	49	71.4
Brazil	PRJNA1137286	blaKPC	37	49	75.5
Brazil	PRJNA1137286	blaNDM	3	49	6.1
Brazil	PRJNA1143028	sin_carbapenemasa	29	52	55.8
Brazil	PRJNA1143028	CC258	44	52	84.6
Brazil	PRJNA1143028	blaKPC	23	52	44.2
Brazil	PRJNA1143028	blaNDM	0	52	0.0
Brazil	PRJNA1229583	sin_carbapenemasa	15	15	100.0
Brazil	PRJNA1229583	CC258	0	15	0.0
Brazil	PRJNA1229583	blaKPC	0	15	0.0
Brazil	PRJNA1229583	blaNDM	0	15	0.0
Brazil	PRJNA1279746	sin_carbapenemasa	11	11	100.0
Brazil	PRJNA1279746	CC258	0	11	0.0
Brazil	PRJNA1279746	blaKPC	0	11	0.0
Brazil	PRJNA1279746	blaNDM	0	11	0.0
Brazil	PRJNA1301913	sin_carbapenemasa	7	12	58.3
Brazil	PRJNA1301913	CC258	4	12	33.3
Brazil	PRJNA1301913	blaKPC	4	12	33.3
Brazil	PRJNA1301913	blaNDM	1	12	8.3
Brazil	PRJNA1377197	sin_carbapenemasa	6	112	5.4
Brazil	PRJNA1377197	CC258	68	112	60.7
Brazil	PRJNA1377197	blaKPC	104	112	92.9
Brazil	PRJNA1377197	blaNDM	2	112	1.8
Brazil	PRJNA1420207	sin_carbapenemasa	19	88	21.6
Brazil	PRJNA1420207	CC258	33	88	37.5
Brazil	PRJNA1420207	blaKPC	64	88	72.7
Brazil	PRJNA1420207	blaNDM	5	88	5.7
Brazil	PRJNA252957	sin_carbapenemasa	1	11	9.1
Brazil	PRJNA252957	CC258	9	11	81.8
Brazil	PRJNA252957	blaKPC	10	11	90.9
Brazil	PRJNA252957	blaNDM	0	11	0.0
Brazil	PRJNA377546	sin_carbapenemasa	12	60	20.0
Brazil	PRJNA377546	CC258	51	60	85.0
Brazil	PRJNA377546	blaKPC	48	60	80.0
Brazil	PRJNA377546	blaNDM	0	60	0.0
Brazil	PRJNA489262	sin_carbapenemasa	0	9	0.0
Brazil	PRJNA489262	CC258	8	9	88.9
Brazil	PRJNA489262	blaKPC	9	9	100.0
Brazil	PRJNA489262	blaNDM	0	9	0.0
Brazil	PRJNA510003	sin_carbapenemasa	1	60	1.7
Brazil	PRJNA510003	CC258	41	60	68.3
Brazil	PRJNA510003	blaKPC	59	60	98.3
Brazil	PRJNA510003	blaNDM	0	60	0.0
Brazil	PRJNA521546	sin_carbapenemasa	3	9	33.3
Brazil	PRJNA521546	CC258	4	9	44.4
Brazil	PRJNA521546	blaKPC	6	9	66.7
Brazil	PRJNA521546	blaNDM	0	9	0.0
Brazil	PRJNA644576	sin_carbapenemasa	0	18	0.0
Brazil	PRJNA644576	CC258	17	18	94.4
Brazil	PRJNA644576	blaKPC	18	18	100.0
Brazil	PRJNA644576	blaNDM	0	18	0.0
Brazil	PRJNA677881	sin_carbapenemasa	5	69	7.2
Brazil	PRJNA677881	CC258	34	69	49.3
Brazil	PRJNA677881	blaKPC	46	69	66.7
Brazil	PRJNA677881	blaNDM	20	69	29.0
Brazil	PRJNA755436	sin_carbapenemasa	2	26	7.7
Brazil	PRJNA755436	CC258	25	26	96.2
Brazil	PRJNA755436	blaKPC	24	26	92.3
Brazil	PRJNA755436	blaNDM	0	26	0.0
Brazil	PRJNA823356	sin_carbapenemasa	6	15	40.0
Brazil	PRJNA823356	CC258	9	15	60.0
Brazil	PRJNA823356	blaKPC	9	15	60.0
Brazil	PRJNA823356	blaNDM	0	15	0.0
Brazil	PRJNA830894	sin_carbapenemasa	9	67	13.4
Brazil	PRJNA830894	CC258	46	67	68.7
Brazil	PRJNA830894	blaKPC	58	67	86.6
Brazil	PRJNA830894	blaNDM	0	67	0.0
Brazil	PRJNA879417	sin_carbapenemasa	3	38	7.9
Brazil	PRJNA879417	CC258	13	38	34.2
Brazil	PRJNA879417	blaKPC	6	38	15.8
Brazil	PRJNA879417	blaNDM	34	38	89.5
Brazil	PRJNA940446	sin_carbapenemasa	2	95	2.1
Brazil	PRJNA940446	CC258	60	95	63.2
Brazil	PRJNA940446	blaKPC	93	95	97.9
Brazil	PRJNA940446	blaNDM	0	95	0.0
Chile	PRJNA1184783	sin_carbapenemasa	116	116	100.0
Chile	PRJNA1184783	CC258	27	116	23.3
Chile	PRJNA1184783	blaKPC	0	116	0.0
Chile	PRJNA1184783	blaNDM	0	116	0.0
Chile	PRJNA1420929	sin_carbapenemasa	85	126	67.5
Chile	PRJNA1420929	CC258	31	126	24.6
Chile	PRJNA1420929	blaKPC	15	126	11.9
Chile	PRJNA1420929	blaNDM	26	126	20.6
Chile	PRJNA658369	sin_carbapenemasa	37	37	100.0
Chile	PRJNA658369	CC258	17	37	45.9
Chile	PRJNA658369	blaKPC	0	37	0.0
Chile	PRJNA658369	blaNDM	0	37	0.0
Chile	PRJNA815754	sin_carbapenemasa	2	9	22.2
Chile	PRJNA815754	CC258	3	9	33.3
Chile	PRJNA815754	blaKPC	3	9	33.3
Chile	PRJNA815754	blaNDM	4	9	44.4
Chile	PRJNA962904	sin_carbapenemasa	407	465	87.5
Chile	PRJNA962904	CC258	108	465	23.2
Chile	PRJNA962904	blaKPC	15	465	3.2
Chile	PRJNA962904	blaNDM	43	465	9.2
Colombia	PRJEB80567	sin_carbapenemasa	183	334	54.8
Colombia	PRJEB80567	CC258	60	334	18.0
Colombia	PRJEB80567	blaKPC	140	334	41.9
Colombia	PRJEB80567	blaNDM	18	334	5.4
Colombia	PRJNA1273169	sin_carbapenemasa	8	8	100.0
Colombia	PRJNA1273169	CC258	1	8	12.5
Colombia	PRJNA1273169	blaKPC	0	8	0.0
Colombia	PRJNA1273169	blaNDM	0	8	0.0
Colombia	PRJNA1430879	sin_carbapenemasa	16	16	100.0
Colombia	PRJNA1430879	CC258	0	16	0.0
Colombia	PRJNA1430879	blaKPC	0	16	0.0
Colombia	PRJNA1430879	blaNDM	0	16	0.0
Colombia	PRJNA378654	sin_carbapenemasa	56	108	51.9
Colombia	PRJNA378654	CC258	27	108	25.0
Colombia	PRJNA378654	blaKPC	52	108	48.1
Colombia	PRJNA378654	blaNDM	0	108	0.0
Colombia	PRJNA391501	sin_carbapenemasa	1	25	4.0
Colombia	PRJNA391501	CC258	4	25	16.0
Colombia	PRJNA391501	blaKPC	24	25	96.0
Colombia	PRJNA391501	blaNDM	0	25	0.0
Colombia	PRJNA657895	sin_carbapenemasa	0	24	0.0
Colombia	PRJNA657895	CC258	17	24	70.8
Colombia	PRJNA657895	blaKPC	23	24	95.8
Colombia	PRJNA657895	blaNDM	1	24	4.2
Colombia	PRJNA658369	sin_carbapenemasa	4	94	4.3
Colombia	PRJNA658369	CC258	44	94	46.8
Colombia	PRJNA658369	blaKPC	80	94	85.1
Colombia	PRJNA658369	blaNDM	14	94	14.9
Colombia	PRJNA937403	sin_carbapenemasa	2	64	3.1
Colombia	PRJNA937403	CC258	14	64	21.9
Colombia	PRJNA937403	blaKPC	60	64	93.8
Colombia	PRJNA937403	blaNDM	8	64	12.5
Ecuador	PRJEB56918	sin_carbapenemasa	0	47	0.0
Ecuador	PRJEB56918	CC258	29	47	61.7
Ecuador	PRJEB56918	blaKPC	47	47	100.0
Ecuador	PRJEB56918	blaNDM	0	47	0.0
Ecuador	PRJNA507384	sin_carbapenemasa	1	18	5.6
Ecuador	PRJNA507384	CC258	5	18	27.8
Ecuador	PRJNA507384	blaKPC	17	18	94.4
Ecuador	PRJNA507384	blaNDM	0	18	0.0
Ecuador	PRJNA953974	sin_carbapenemasa	2	21	9.5
Ecuador	PRJNA953974	CC258	2	21	9.5
Ecuador	PRJNA953974	blaKPC	17	21	81.0
Ecuador	PRJNA953974	blaNDM	1	21	4.8
Ecuador	PRJNA956653	sin_carbapenemasa	8	13	61.5
Ecuador	PRJNA956653	CC258	0	13	0.0
Ecuador	PRJNA956653	blaKPC	5	13	38.5
Ecuador	PRJNA956653	blaNDM	0	13	0.0
Paraguay	PRJEB56918	sin_carbapenemasa	52	77	67.5
Paraguay	PRJEB56918	CC258	22	77	28.6
Paraguay	PRJEB56918	blaKPC	4	77	5.2
Paraguay	PRJEB56918	blaNDM	21	77	27.3
Peru	PRJNA1168566	sin_carbapenemasa	12	12	100.0
Peru	PRJNA1168566	CC258	0	12	0.0
Peru	PRJNA1168566	blaKPC	0	12	0.0
Peru	PRJNA1168566	blaNDM	0	12	0.0
Peru	PRJNA1354878	sin_carbapenemasa	170	305	55.7
Peru	PRJNA1354878	CC258	41	305	13.4
Peru	PRJNA1354878	blaKPC	21	305	6.9
Peru	PRJNA1354878	blaNDM	112	305	36.7
Peru	PRJNA865026	sin_carbapenemasa	0	12	0.0
Peru	PRJNA865026	CC258	1	12	8.3
Peru	PRJNA865026	blaKPC	2	12	16.7
Peru	PRJNA865026	blaNDM	11	12	91.7
Peru	PRJNA936133	sin_carbapenemasa	0	10	0.0
Peru	PRJNA936133	CC258	2	10	20.0
Peru	PRJNA936133	blaKPC	8	10	80.0
Peru	PRJNA936133	blaNDM	4	10	40.0
Peru	PRJNA990326	sin_carbapenemasa	0	46	0.0
Peru	PRJNA990326	CC258	6	46	13.0
Peru	PRJNA990326	blaKPC	3	46	6.5
Peru	PRJNA990326	blaNDM	38	46	82.6
Uruguay	PRJNA610564	sin_carbapenemasa	11	11	100.0
Uruguay	PRJNA610564	CC258	10	11	90.9
Uruguay	PRJNA610564	blaKPC	0	11	0.0
Uruguay	PRJNA610564	blaNDM	0	11	0.0
Uruguay	PRJNA857878	sin_carbapenemasa	0	15	0.0
Uruguay	PRJNA857878	CC258	15	15	100.0
Uruguay	PRJNA857878	blaKPC	15	15	100.0
Uruguay	PRJNA857878	blaNDM	2	15	13.3
