GCA_000757665.1	JPXZ01000076.1	1	1180	100.000	1180
GCA_000966305.1	LANH01000044.1	3	1182	100.000	1180
GCA_000988155.1	LAXF01000049.1	10707	11886	100.000	1180
GCA_001007775.1	JZBZ01000061.1	906	1	99.890	906
GCA_001500225.1	LMZH01000026.1	97955	96776	100.000	1180
GCA_001649615.1	LUUW01000018.1	1	1180	99.915	1180
GCA_001649625.1	LUUV01000015.1	1	1136	100.000	1136
GCA_001649675.1	LUUZ01000023.1	1	1136	100.000	1136
GCA_001649705.1	LUVB01000028.1	1	1180	100.000	1180
GCA_001649765.1	LUVG01000023.1	1	1180	100.000	1180
GCA_001649795.1	LUVH01000024.1	1	1180	100.000	1180
GCA_001649805.1	LUVK01000033.1	1	1180	100.000	1180
GCA_001649815.1	LUUY01000019.1	1	1180	100.000	1180
GCA_001649875.1	LUVC01000022.1	1	1180	100.000	1180
GCA_001649895.1	LUVI01000026.1	1	1180	100.000	1180
GCA_001649955.1	LUVL01000019.1	1	1180	100.000	1180
GCA_001649975.1	LUVM01000021.1	1	1136	100.000	1136
GCA_001758065.1	MANM01000001.1	1	1154	100.000	1154
GCA_001758135.1	MANL01000358.1	1	1180	100.000	1180
GCA_001758165.1	MANR01000099.1	1	1180	100.000	1180
GCA_002018935.1	MWPK01000018.1	1	1136	100.000	1136
GCA_002018965.1	MWPL01000020.1	1	1180	100.000	1180
GCA_002018995.1	MWPM01000018.1	1	1136	100.000	1136
GCA_002019005.1	MWPN01000028.1	1	1136	100.000	1136
GCA_002019025.1	MWPO01000019.1	1	1136	100.000	1136
GCA_002019035.1	MWPP01000023.1	1	1180	100.000	1180
GCA_002245595.1	NKKO01000104.1	1187	8	100.000	1180
GCA_002250465.1	NLCO01000123.1	1180	1	100.000	1180
GCA_002727055.2	NXDV01000016.1	20702	21881	99.407	1180
GCA_002922935.1	PQVM01000067.1	1	1177	100.000	1177
GCA_003130565.1	QFLH01000043.1	1179	1	99.406	1179
GCA_003325575.1	QORF01000079.1	1	1180	100.000	1180
GCA_003325635.1	QORG01000035.1	1	1177	100.000	1177
GCA_003325665.1	QORH01000074.1	1	1178	100.000	1178
GCA_003583525.1	QXNZ01000129.1	1018	1	99.804	1018
GCA_003583535.1	QXOB01000045.1	1	1018	99.804	1018
GCA_003583565.1	QXOG01000054.1	1	1018	99.509	1018
GCA_003583575.1	QXOH01000007.1	1	1018	99.804	1018
GCA_003583605.1	QXON01000055.1	1	906	99.890	906
GCA_003583615.1	QYCV01000059.1	1018	1	99.804	1018
GCA_003583625.1	QXOE01000049.1	1	1018	99.804	1018
GCA_003583665.1	QXOL01000078.1	1	1018	99.804	1018
GCA_003584255.1	QXOA01000027.1	1	906	99.890	906
GCA_003584275.1	QXOC01000145.1	1	906	99.890	906
GCA_003584305.1	QXOD01000009.1	1018	1	99.804	1018
GCA_003584315.1	QYCS01000183.1	1018	1	99.804	1018
GCA_003584325.1	QXOF01000101.1	1	1018	99.804	1018
GCA_003584365.1	QXOI01000050.1	1	1018	99.804	1018
GCA_003584375.1	QXOJ01000164.1	1	854	99.883	854
GCA_003584385.1	QXOK01000045.1	1	1015	99.803	1015
GCA_003584425.1	QXOM01000019.1	1	885	99.887	885
GCA_003584455.1	QXOP01000093.1	1	1018	99.804	1018
GCA_003584485.1	QYCW01000135.1	906	1	99.890	906
GCA_003584505.1	QYCX01000090.1	1	906	99.890	906
GCA_003584515.1	QYCT01000208.1	1	1018	99.804	1018
GCA_003584535.1	QYCU01000121.1	906	1	99.890	906
GCA_003595665.1	QXOQ01000037.1	1	1015	99.803	1015
GCA_003595675.1	QXOR01000016.1	1	1015	99.803	1015
GCA_003595745.1	QXOT01000027.1	1018	1	99.804	1018
GCA_003595765.1	QXOV01000035.1	1	1015	99.803	1015
GCA_003595805.1	QXOX01000001.1	1	1018	99.804	1018
GCA_003595815.1	QXOY01000048.1	1	1018	99.804	1018
GCA_003595835.1	QXPB01000008.1	1	1018	99.804	1018
GCA_003595865.1	QXPC01000033.1	1018	1	99.804	1018
GCA_003595885.1	QXPE01000084.1	1	1018	99.804	1018
GCA_003595925.1	QXPF01000049.1	1	876	99.772	876
GCA_003595955.1	QXPH01000066.1	906	1	99.890	906
GCA_003595985.1	QXPJ01000011.1	1	994	100.000	994
GCA_003595995.1	QXPK01000049.1	1	1018	99.804	1018
GCA_003596015.1	QXPL01000077.1	1	1018	99.804	1018
GCA_003596025.1	QXPQ01000114.1	1	906	99.890	906
GCA_003596065.1	QXPR01000241.1	906	1	99.890	906
GCA_003596075.1	QXPT01000089.1	1	906	99.890	906
GCA_003596105.1	QXPU01000103.1	1018	1	99.804	1018
GCA_003596125.1	QXOW01000055.1	1	1018	99.804	1018
GCA_003596135.1	QXOZ01000010.1	1018	1	99.804	1018
GCA_003596165.1	QXPA01000060.1	1182	3	99.407	1180
GCA_003596175.1	QXPI01000123.1	1018	1	99.804	1018
GCA_003596205.1	QXPM01000068.1	1015	1	99.803	1015
GCA_003596215.1	QXPN01000101.1	1	994	100.000	994
GCA_003596235.1	QXPO01000048.1	1018	1	99.804	1018
GCA_003596265.1	QXPP01000112.1	1018	1	99.804	1018
GCA_003597385.1	QXPV01000046.1	1	1018	99.804	1018
GCA_003812485.1	CP033869.1	198976	197797	100.000	1180
GCA_003812485.1	CP033869.1	277916	276737	100.000	1180
GCA_003812485.1	CP033869.1	293855	295034	100.000	1180
GCA_003812485.1	CP033869.1	998735	997556	100.000	1180
GCA_003812485.1	CP033869.1	1178346	1179525	100.000	1180
GCA_003812485.1	CP033869.1	1675309	1674130	100.000	1180
GCA_003812485.1	CP033869.1	1786087	1787266	100.000	1180
GCA_003812485.1	CP033869.1	1942960	1941781	100.000	1180
GCA_003812485.1	CP033869.1	2331842	2333021	100.000	1180
GCA_003812485.1	CP033869.1	2341135	2342314	100.000	1180
GCA_003812485.1	CP033869.1	2575692	2574513	100.000	1180
GCA_003812485.1	CP033869.1	3942170	3940991	100.000	1180
GCA_003812485.1	CP033869.1	3965997	3967176	100.000	1180
GCA_004282835.1	RJLV01000019.1	1	1180	99.407	1180
GCA_004282845.1	RJLW01000085.1	1	1180	99.407	1180
GCA_004347305.1	SDHE01000052.1	1	1180	100.000	1180
GCA_004347305.1	SDHE01000020.1	36434	37613	100.000	1180
GCA_004359905.1	SDHD01000096.1	1	991	100.000	991
GCA_006493735.1	VHGM01000101.1	1180	1	100.000	1180
GCA_006493975.1	VHGJ01000157.1	895	2074	89.924	1181
GCA_006494085.1	VHGR01000038.1	101700	100523	99.576	1180
GCA_006843645.1	CP032215.1	364642	363463	100.000	1180
GCA_006843645.1	CP032215.1	2080796	2079617	100.000	1180
GCA_006843645.1	CP032215.1	691984	693163	99.407	1180
GCA_006843645.1	CP032215.1	2127447	2126268	99.407	1180
GCA_006843645.1	CP032215.1	2795812	2796991	99.407	1180
GCA_006843645.1	CP032215.1	2814518	2815697	99.407	1180
GCA_006843645.1	CP032215.1	2943898	2942719	99.407	1180
GCA_006843645.1	CP032215.1	3369857	3368678	99.407	1180
GCA_006843645.1	CP032215.1	3379390	3380569	99.407	1180
GCA_006843645.1	CP032215.1	3526025	3527204	99.407	1180
GCA_006843645.1	CP032215.1	3598339	3597161	99.322	1180
GCA_006843645.1	CP032216.1	67079	65900	99.407	1180
GCA_006843645.1	CP032217.1	5393	6572	99.407	1180
GCA_008180145.1	VTBA01000085.1	1	1180	100.000	1180
GCA_008477565.1	PGTR01000025.1	55038	56217	100.000	1180
GCA_009754965.1	WPIP01000430.1	1	1179	100.000	1179
GCA_009754985.1	WPIQ01000003.1	239979	241158	100.000	1180
GCA_009829595.1	WTZK01000008.1	63888	64843	99.686	956
GCA_009829755.1	NTFR01000012.1	1	1180	100.000	1180
GCA_009898245.1	VHOG01000081.1	1118	1	100.000	1118
GCA_012276735.1	JAAXKW010000051.1	1180	1	100.000	1180
GCA_012276745.1	JAAXKV010000054.1	1	1086	100.000	1086
GCA_012524275.1	JABACK010000061.1	1018	1	99.804	1018
GCA_012955825.1	JABBYU010000284.1	906	1	100.000	906
GCA_012955845.1	JABBYV010000147.1	1	906	100.000	906
GCA_012956585.1	JABBYT010000189.1	906	1	100.000	906
GCA_013138415.1	WJWS01000025.1	1	1180	100.000	1180
GCA_013138435.1	WJWT01000072.1	1	1180	100.000	1180
GCA_013138475.1	WJWR01000040.1	1180	1	100.000	1180
GCA_015536845.1	JABLWT010000160.1	1	1180	100.000	1180
GCA_015536855.1	JABLWS010000064.1	1	1118	100.000	1118
GCA_015536875.1	JABLWU010000091.1	1	1136	100.000	1136
GCA_015536925.1	JABLWP010000062.1	1180	1	100.000	1180
GCA_015536935.1	JABLWR010000093.1	1	1180	100.000	1180
GCA_015536955.1	JACDYB010000080.1	1	1180	100.000	1180
GCA_015536965.1	JABLWO010000071.1	1	1180	100.000	1180
GCA_015537035.1	JABLWN010000065.1	1180	1	99.407	1180
GCA_015537085.1	JACDYD010000085.1	1	906	99.890	906
GCA_015537095.1	JABLWM010000106.1	1	1170	100.000	1170
GCA_015537125.1	JACDYF010000052.1	1180	1	100.000	1180
GCA_015537145.1	JACDYH010000060.1	906	1	99.890	906
GCA_015537155.1	JABLWL010000076.1	1	1180	100.000	1180
GCA_015537165.1	JABLWK010000088.1	1	982	100.000	982
GCA_015537175.1	JACDYG010000100.1	1	1170	100.000	1170
GCA_015537225.1	JACDYI010000050.1	1	1180	100.000	1180
GCA_015537245.1	JABLWI010000057.1	1	906	99.890	906
GCA_015537255.1	JABLWH010000002.1	356524	355345	100.000	1180
GCA_015537275.1	JABLWJ010000104.1	1049	1	100.000	1049
GCA_015537275.1	JABLWJ010000023.1	50458	49283	88.964	1178
GCA_015537285.1	JABLWG010000025.1	1180	1	100.000	1180
GCA_015537295.1	JABLWF010000081.1	1	1180	100.000	1180
GCA_015537345.1	JACDYJ010000057.1	1180	1	100.000	1180
GCA_015537365.1	JABLWE010000074.1	1	1136	100.000	1136
GCA_015537385.1	JACDYK010000060.1	1180	1	100.000	1180
GCA_015537405.1	JACDYL010000062.1	1	906	99.890	906
GCA_015537415.1	JACDYM010000049.1	1137	2	100.000	1136
GCA_015537445.1	JACDYN010000043.1	1	1180	100.000	1180
GCA_015537465.1	JABLWD010000108.1	1180	1	100.000	1180
GCA_015537485.1	JABLWC010000040.1	1	1180	100.000	1180
GCA_015537505.1	JABLWB010000049.1	1114	1	100.000	1114
GCA_015537525.1	JACDYO010000061.1	1	906	99.890	906
GCA_015537535.1	JACDYP010000064.1	1180	1	100.000	1180
GCA_015537575.1	JABLWA010000050.1	979	1	100.000	979
GCA_015537605.1	JABLVZ010000091.1	1	1170	100.000	1170
GCA_015537615.1	JABLVY010000098.1	1	1170	100.000	1170
GCA_015537635.1	JABLVX010000064.1	1	1180	100.000	1180
GCA_015537665.1	JABLVW010000073.1	1	1180	100.000	1180
GCA_015537675.1	JACDYR010000045.1	1	1180	100.000	1180
GCA_015537705.1	JABLVV010000077.1	978	1	100.000	978
GCA_015537725.1	JABLVU010000061.1	1	1180	100.000	1180
GCA_015537745.1	JACDYS010000064.1	1180	1	100.000	1180
GCA_015537755.1	JABLVT010000043.1	1	1180	100.000	1180
GCA_015537765.1	JABLVR010000056.1	1180	1	100.000	1180
GCA_015537775.1	JABLVS010000073.1	1182	3	100.000	1180
GCA_015537825.1	JABLVQ010000084.1	956	1	99.686	956
GCA_015537845.1	JACDYT010000078.1	1	1180	100.000	1180
GCA_015537855.1	JACDYU010000013.1	86758	87937	100.000	1180
GCA_015537865.1	JABLVP010000050.1	1180	1	100.000	1180
GCA_015537905.1	JACDYV010000047.1	1	1180	100.000	1180
GCA_015537915.1	JABLVO010000056.1	1180	1	100.000	1180
GCA_015537945.1	JABLVN010000040.1	1	1180	100.000	1180
GCA_015537965.1	JACDYW010000053.1	1180	1	100.000	1180
GCA_015537975.1	JABLVM010000047.1	1180	1	100.000	1180
GCA_015537995.1	JACDYX010000070.1	1180	1	100.000	1180
GCA_015538025.1	JABLVL010000049.1	906	1	99.890	906
GCA_015538045.1	JACDYZ010000066.1	1	1118	100.000	1118
GCA_015538055.1	JACDYY010000049.1	1180	1	100.000	1180
GCA_015538085.1	JABLVK010000058.1	1	1180	100.000	1180
GCA_015538105.1	JABLVJ010000095.1	1	1170	100.000	1170
GCA_015538125.1	JACDZA010000033.1	1180	1	100.000	1180
GCA_015538135.1	JABLVI010000057.1	1077	1	100.000	1077
GCA_015538155.1	JACDZB010000001.1	140708	141887	100.000	1180
GCA_015538165.1	JABLVH010000077.1	1	1170	100.000	1170
GCA_015538205.1	JACDZC010000058.1	1	1018	99.804	1018
GCA_015538225.1	JABLVG010000072.1	1	1180	100.000	1180
GCA_015538235.1	JACDZD010000039.1	1180	1	100.000	1180
GCA_015538255.1	JABLVE010000065.1	1180	1	100.000	1180
GCA_015538275.1	JABLVF010000044.1	1136	1	100.000	1136
GCA_015538305.1	JABLVD010000065.1	1	906	99.890	906
GCA_015538325.1	JABLVB010000101.1	1	1170	100.000	1170
GCA_015538335.1	JABLVC010000045.1	1180	1	100.000	1180
GCA_015538345.1	JABLVA010000052.1	1180	1	100.000	1180
GCA_015538355.1	JABLUZ010000005.1	1606	427	100.000	1180
GCA_015666275.1	JADPHH010000215.1	1	1180	100.000	1180
GCA_015666285.1	JADPHJ010000193.1	1180	1	100.000	1180
GCA_015666365.1	JADPHK010000191.1	1180	1	100.000	1180
GCA_015666475.1	JADPHP010000199.1	1180	1	100.000	1180
GCA_015666515.1	JADPHT010000126.1	1180	1	100.000	1180
GCA_015666535.1	JADPHU010000068.1	906	1	99.890	906
GCA_016054975.1	JAECSL010000161.1	1	1018	99.804	1018
GCA_016055015.1	JAECSO010000083.1	1	1180	100.000	1180
GCA_016055335.1	JAECSV010000219.1	1180	1	100.000	1180
GCA_016055475.1	JAECTD010000185.1	1180	1	100.000	1180
GCA_016055485.1	JAECTC010000135.1	1	1180	100.000	1180
GCA_016055595.1	JAECTH010000122.1	1	1180	100.000	1180
GCA_016055685.1	JAECTN010000106.1	1180	1	100.000	1180
GCA_016055715.1	JAECTM010000156.1	1	1180	100.000	1180
GCA_016055835.1	JAECTU010000078.1	1180	1	100.000	1180
GCA_016055945.1	JAECTZ010000121.1	1	1180	100.000	1180
GCA_016056005.1	JAECUB010000150.1	1	1180	100.000	1180
GCA_016056045.1	JAECUD010000334.1	1180	1	100.000	1180
GCA_016056095.1	JAECUH010000085.1	1	1018	99.804	1018
GCA_016056125.1	JAECUI010000083.1	1180	1	100.000	1180
GCA_016056145.1	JAECUJ010000128.1	1	1078	100.000	1078
GCA_016416045.1	JAELUO010000075.1	1	1180	100.000	1180
GCA_016484945.1	DADAJG010000166.1	1	1138	100.000	1138
GCA_016484955.1	DADAJL010000027.1	29093	30251	100.000	1159
GCA_016484985.1	DADAJD010000274.1	1	1138	100.000	1138
GCA_016485025.1	DADAJE010000142.1	1	1138	100.000	1138
GCA_016485045.1	DADAJF010000320.1	1	1138	100.000	1138
GCA_016485085.1	DADAJH010000124.1	958	1	100.000	958
GCA_016485105.1	DADAJM010000299.1	1	1138	100.000	1138
GCA_016485125.1	DADAJJ010000283.1	1163	2321	100.000	1159
GCA_016485145.1	DADAJQ010000269.1	1	1138	100.000	1138
GCA_016485185.1	DADAJX010000349.1	1	1138	100.000	1138
GCA_016485205.1	DADAJP010000246.1	1	1138	100.000	1138
GCA_016485225.1	DADAJT010000207.1	1	1138	100.000	1138
GCA_016485245.1	DADAJS010000054.1	4458	5637	100.000	1180
GCA_016485265.1	DADAJY010000098.1	1159	1	100.000	1159
GCA_016485285.1	DADAJN010000299.1	1	1138	100.000	1138
GCA_016485305.1	DADAJO010000285.1	1	1138	100.000	1138
GCA_016485325.1	DADAJV010000216.1	1	1076	100.000	1076
GCA_016485345.1	DADAJR010000196.1	3668	4826	100.000	1159
GCA_016485365.1	DADAJU010000293.1	1	1138	100.000	1138
GCA_016485965.1	DADALE010000089.1	1	983	99.695	983
GCA_016487265.1	DADANS010000096.1	1	1138	99.473	1138
GCA_016487725.1	DADAOH010000063.1	1	1139	99.473	1139
GCA_017909475.1	VCQS01000193.1	1180	1	100.000	1180
GCA_017909485.1	VDBK01000048.1	16516	15577	99.681	940
GCA_017909495.1	VDBL01000052.1	16504	15584	99.891	921
GCA_017960395.1	VCQR01000145.1	1172	1	100.000	1172
GCA_018156045.1	JAGTAJ010000090.1	1068	1	99.625	1068
GCA_018156055.1	JAGTAK010000108.1	1	906	100.000	906
GCA_018156145.1	JAGTAH010000072.1	1	1179	99.406	1179
GCA_018156665.1	PNFN01000074.1	1179	1	100.000	1179
GCA_018156705.1	PNJI01000097.1	1352	173	100.000	1180
GCA_018156725.1	PNFO01000086.1	1396	217	100.000	1180
GCA_018156745.1	PNJH01000132.1	1180	1	100.000	1180
GCA_020657695.1	JAJDFW010000008.1	1	1180	100.000	1180
GCA_020657695.1	JAJDFW010000062.1	130530	129351	100.000	1180
GCA_020657695.1	JAJDFW010000061.1	1	1180	100.000	1180
GCA_020657695.1	JAJDFW010000060.1	1180	1	100.000	1180
GCA_020657695.1	JAJDFW010000006.1	1	1180	100.000	1180
GCA_020657695.1	JAJDFW010000006.1	9294	10473	100.000	1180
GCA_020657695.1	JAJDFW010000053.1	1	1180	100.000	1180
GCA_020657695.1	JAJDFW010000005.1	23863	22684	100.000	1180
GCA_020657695.1	JAJDFW010000044.1	1180	1	100.000	1180
GCA_020657695.1	JAJDFW010000043.1	58162	59341	100.000	1180
GCA_020657695.1	JAJDFW010000041.1	1180	1	100.000	1180
GCA_020657695.1	JAJDFW010000004.1	1	1180	100.000	1180
GCA_020657695.1	JAJDFW010000036.1	1	1180	100.000	1180
GCA_020657695.1	JAJDFW010000035.1	17781	16602	100.000	1180
GCA_020657695.1	JAJDFW010000030.1	1180	1	100.000	1180
GCA_020657695.1	JAJDFW010000003.1	127369	126190	100.000	1180
GCA_020657695.1	JAJDFW010000029.1	52828	51649	100.000	1180
GCA_020657695.1	JAJDFW010000026.1	1180	1	100.000	1180
GCA_020657695.1	JAJDFW010000026.1	11747	12926	100.000	1180
GCA_020657695.1	JAJDFW010000025.1	1180	1	100.000	1180
GCA_020657695.1	JAJDFW010000023.1	1180	1	100.000	1180
GCA_020657695.1	JAJDFW010000020.1	1	1180	100.000	1180
GCA_020657695.1	JAJDFW010000017.1	1	1180	100.000	1180
GCA_020657695.1	JAJDFW010000016.1	57111	58290	100.000	1180
GCA_020657695.1	JAJDFW010000010.1	1180	1	100.000	1180
GCA_020657695.1	JAJDFW010000010.1	40918	42097	100.000	1180
GCA_021402995.1	JAJIXP010000058.1	1124	1	99.555	1124
GCA_022660815.1	JAADZR010000002.1	148521	147342	100.000	1180
GCA_022660815.1	JAADZR010000002.1	1227588	1228767	100.000	1180
GCA_022660815.1	JAADZR010000002.1	1352602	1353781	100.000	1180
GCA_022660815.1	JAADZR010000002.1	1361895	1363074	100.000	1180
GCA_022660815.1	JAADZR010000002.1	2016610	2015431	100.000	1180
GCA_022660815.1	JAADZR010000002.1	1276162	1277341	99.831	1180
GCA_022660815.1	JAADZR010000002.1	328131	329310	99.746	1180
GCA_022660815.1	JAADZR010000001.1	483429	484608	100.000	1180
GCA_022660815.1	JAADZR010000001.1	1001785	1002964	100.000	1180
GCA_022660815.1	JAADZR010000001.1	1115004	1113825	100.000	1180
GCA_022660815.1	JAADZR010000001.1	906905	905726	99.915	1180
GCA_022660815.1	JAADZR010000001.1	986936	985757	99.915	1180
GCA_022660835.1	JAADZS010000002.1	148365	147186	100.000	1180
GCA_022660835.1	JAADZS010000002.1	329163	330342	100.000	1180
GCA_022660835.1	JAADZS010000002.1	1228762	1229941	100.000	1180
GCA_022660835.1	JAADZS010000002.1	1353776	1354955	100.000	1180
GCA_022660835.1	JAADZS010000002.1	2019726	2018547	100.000	1180
GCA_022660835.1	JAADZS010000002.1	283869	282690	99.915	1180
GCA_022660835.1	JAADZS010000002.1	1277336	1278515	99.915	1180
GCA_022660835.1	JAADZS010000002.1	1363069	1364248	99.492	1180
GCA_022660835.1	JAADZS010000001.1	483166	484345	100.000	1180
GCA_022660835.1	JAADZS010000001.1	701790	700611	100.000	1180
GCA_022660835.1	JAADZS010000001.1	907691	906512	100.000	1180
GCA_022660835.1	JAADZS010000001.1	987718	986539	100.000	1180
GCA_022660835.1	JAADZS010000001.1	998283	999462	100.000	1180
GCA_022660835.1	JAADZS010000001.1	1111502	1110323	100.000	1180
GCA_023060185.1	JALLCL010000109.1	1	1180	100.000	1180
GCA_023060375.1	JALLDY010000100.1	1	1089	99.541	1089
GCA_023060655.1	JALLDO010000120.1	865	1	99.884	865
GCA_023061035.1	JALLCJ010000113.1	1	1180	100.000	1180
GCA_023572255.1	JAMKDL010000108.1	3	1182	100.000	1180
GCA_023572275.1	JAMKDM010000183.1	906	1	100.000	906
GCA_023572305.1	JAMKDN010000176.1	1	906	99.890	906
GCA_023572445.1	JAMKDU010000169.1	1	1180	100.000	1180
GCA_023572625.1	JAMKEC010000103.1	1	1180	100.000	1180
GCA_024138435.1	CP076804.1	2470249	2469070	100.000	1180
GCA_024139015.1	CP076808.1	32782	31603	100.000	1180
GCA_024139015.1	CP076807.1	1217685	1216506	100.000	1180
GCA_024139015.1	CP076807.1	2103762	2104941	100.000	1180
GCA_024139015.1	CP076807.1	2287186	2288365	100.000	1180
GCA_024139015.1	CP076807.1	3156212	3155033	100.000	1180
GCA_024139015.1	CP076807.1	3720115	3718936	100.000	1180
GCA_024139015.1	CP076807.1	1768987	1770166	99.576	1180
GCA_024139015.1	CP076807.1	1989090	1987911	99.576	1180
GCA_024139035.1	CP076812.1	176889	178068	100.000	1180
GCA_024139035.1	CP076812.1	377047	375868	100.000	1180
GCA_024139035.1	CP076812.1	984100	982921	100.000	1180
GCA_024139035.1	CP076812.1	993393	992214	100.000	1180
GCA_024139035.1	CP076812.1	1091799	1092978	100.000	1180
GCA_024139035.1	CP076812.1	1301184	1302363	100.000	1180
GCA_024139035.1	CP076812.1	1919709	1920888	100.000	1180
GCA_024139035.1	CP076812.1	2104650	2103471	100.000	1180
GCA_024139035.1	CP076812.1	2235960	2237139	100.000	1180
GCA_024139035.1	CP076812.1	2473376	2472197	100.000	1180
GCA_024139035.1	CP076812.1	2888275	2887096	100.000	1180
GCA_024139035.1	CP076812.1	2940807	2939628	100.000	1180
GCA_024139035.1	CP076812.1	2951372	2952551	100.000	1180
GCA_024139035.1	CP076812.1	3000579	3001758	100.000	1180
GCA_024139035.1	CP076812.1	3032979	3034158	100.000	1180
GCA_024139035.1	CP076812.1	3451865	3450686	100.000	1180
GCA_024139035.1	CP076812.1	3658267	3659446	100.000	1180
GCA_024139055.1	CP076814.1	1065581	1066760	99.492	1180
GCA_024139055.1	CP076814.1	2094923	2093744	99.407	1180
GCA_024139055.1	CP076814.1	2435560	2436739	99.407	1180
GCA_024139055.1	CP076814.1	3082873	3081694	99.407	1180
GCA_024139075.1	CP076817.1	1022028	1020849	99.492	1180
GCA_024139075.1	CP076817.1	1834744	1835923	99.407	1180
GCA_024139075.1	CP076817.1	2982525	2983704	99.407	1180
GCA_024139075.1	CP076817.1	3969651	3970830	99.407	1180
GCA_024139095.1	CP076821.1	275169	273990	100.000	1180
GCA_024139095.1	CP076821.1	2103438	2102259	100.000	1180
GCA_024139095.1	CP076821.1	3010897	3012076	100.000	1180
GCA_024139095.1	CP076821.1	3297445	3296266	100.000	1180
GCA_024139095.1	CP076821.1	3543295	3542116	100.000	1180
GCA_024139095.1	CP076821.1	603413	602234	99.576	1180
GCA_024139095.1	CP076821.1	2189874	2191053	99.576	1180
GCA_024139095.1	CP076821.1	4130300	4129121	99.576	1180
GCA_024151485.1	JAHICB010000019.1	39061	40240	100.000	1180
GCA_024151505.1	JAHICA010000011.1	19227	18048	100.000	1180
GCA_024151535.1	JAHICC010000019.1	58956	60135	100.000	1180
GCA_024151565.1	JAHICE010000088.1	1	1018	100.000	1018
GCA_024151585.1	JAHICF010000098.1	1018	1	100.000	1018
GCA_024151605.1	JAHICG010000098.1	1018	1	100.000	1018
GCA_024151615.1	JAHICI010000097.1	1018	1	100.000	1018
GCA_024151645.1	JAHICH010000106.1	1	1018	100.000	1018
GCA_024151665.1	JAHICJ010000112.1	1018	1	100.000	1018
GCA_024151685.1	JAHICM010000091.1	1	1018	100.000	1018
GCA_024151695.1	JAHICK010000106.1	1	1018	100.000	1018
GCA_024151825.1	JAHICL010000103.1	1018	1	100.000	1018
GCA_024151845.1	JAHICS010000069.1	1	1180	99.407	1180
GCA_024151865.1	JAHICT010000065.1	1	1083	99.538	1083
GCA_024151885.1	JAHICV010000058.1	1	1180	99.407	1180
GCA_024151895.1	JAHICU010000062.1	1083	1	99.538	1083
GCA_024151905.1	JAHICW010000061.1	1	1018	99.804	1018
GCA_024151945.1	JAHICX010000058.1	1	1018	100.000	1018
GCA_024151965.1	JAHIDA010000073.1	1	1018	100.000	1018
GCA_024151985.1	JAHICZ010000074.1	1018	1	100.000	1018
GCA_024152085.1	JAHICY010000066.1	1	1056	99.621	1056
GCA_024271825.1	CP076801.1	1041106	1039927	100.000	1180
GCA_025950435.1	JAPDGQ010000137.1	2	1083	99.723	1082
GCA_025971935.1	JAPDKF010000177.1	1178	2	88.455	1178
GCA_026300595.1	DAJZEF010000095.1	1	864	99.884	864
GCA_026301315.1	DAJZFQ010000079.1	1	1138	100.000	1138
GCA_026302075.1	DAJZHD010000266.1	1	1138	100.000	1138
GCA_026311855.1	DAJZTF010000118.1	1	1138	99.473	1138
GCA_026311875.1	DAJZTG010000108.1	1	1138	99.473	1138
GCA_026318965.1	DAJZDI010000211.1	1	914	99.672	914
GCA_026340685.1	DAKBLD010000261.1	1	1138	99.473	1138
GCA_026340785.1	DAKBLI010000086.1	1	1138	99.473	1138
GCA_026340935.1	DAKBLF010000121.1	1	1138	99.473	1138
GCA_026358395.1	DAKCOG010000171.1	1	1038	99.615	1038
GCA_026358415.1	DAKCOD010000014.1	64958	66116	99.396	1159
GCA_026358475.1	DAKCOI010000142.1	1	1038	99.615	1038
GCA_026358495.1	DAKCOJ010000207.1	1	1138	100.000	1138
GCA_026358515.1	DAKCOK010000074.1	1	1042	99.616	1042
GCA_026358555.1	DAKCOL010000216.1	1	914	99.672	914
GCA_026358575.1	DAKCOQ010000162.1	1	1138	100.000	1138
GCA_026358595.1	DAKCOS010000105.1	1	825	99.879	825
GCA_026358715.1	DAKCOT010000254.1	1	914	99.672	914
GCA_026358855.1	DAKCPB010000130.1	3396	4554	99.396	1159
GCA_026358895.1	DAKCPD010000204.1	1	1138	99.473	1138
GCA_026555055.1	DAKLZR010000251.1	1159	1	99.569	1159
GCA_026555095.1	DAKLZV010000150.1	7163	8321	99.310	1159
GCA_026555115.1	DAKLZU010000133.1	1	1026	99.610	1026
GCA_026555155.1	DAKLZW010000078.1	14988	16167	99.492	1180
GCA_026555195.1	DAKLZY010000139.1	7152	8331	99.407	1180
GCA_026561275.1	DAKMKK010000229.1	1	893	99.776	893
GCA_026561415.1	DAKMKR010000245.1	1	824	99.879	824
GCA_026561495.1	DAKMKW010000399.1	1	914	99.672	914
GCA_026568295.1	DAKMXI010000105.1	11155	12263	99.910	1109
GCA_026568355.1	DAKMXM010000396.1	1	814	99.877	814
GCA_026568495.1	DAKMXR010000371.1	1	1138	99.561	1138
GCA_026568595.1	DAKMXW010000247.1	1	983	99.695	983
GCA_026620155.1	JAIWZT010000015.1	51997	50823	87.776	1178
GCA_028402465.1	RFFD01000076.1	1180	1	100.000	1180
GCA_028435895.1	JAIEWH010000149.1	1	1058	100.000	1058
GCA_028435925.1	JAIEWG010000026.1	16544	15365	100.000	1180
GCA_028435965.1	JAIEWD010000021.1	16544	15365	100.000	1180
GCA_028435975.1	JAIEWF010000096.1	1180	1	100.000	1180
GCA_028435995.1	JAIEWE010000098.1	1	1118	100.000	1118
GCA_028436005.1	JAIEWC010000103.1	1180	1	100.000	1180
GCA_028439845.1	JAIEVZ010000132.1	1180	1	100.000	1180
GCA_028439855.1	JAIEWA010000028.1	32621	33800	100.000	1180
GCA_028439875.1	JAIEWB010000068.1	1180	1	99.407	1180
GCA_028439905.1	JAIEVY010000001.1	39249	40428	100.000	1180
GCA_028439915.1	JAIEVX010000076.1	1180	1	100.000	1180
GCA_028439945.1	JAIEVW010000038.1	3967	5146	100.000	1180
GCA_028439955.1	JAIEVU010000085.1	1180	1	100.000	1180
GCA_028439975.1	JAIEVV010000002.1	210312	211491	100.000	1180
GCA_028440005.1	JAIEVT010000001.1	156792	157971	100.000	1180
GCA_028440015.1	JAIEVS010000104.1	1	1180	100.000	1180
GCA_028440045.1	JAIEVR010000111.1	1180	1	100.000	1180
GCA_028440065.1	JAIEVP010000019.1	44728	45907	100.000	1180
GCA_028440075.1	JAIEVQ010000116.1	1180	1	100.000	1180
GCA_028440105.1	JAIEVO010000102.1	1180	1	100.000	1180
GCA_028440125.1	JAIEVN010000122.1	1	1180	100.000	1180
GCA_028440145.1	JAIEVM010000163.1	1180	1	100.000	1180
GCA_028440165.1	JAIEVL010000059.1	1	1136	100.000	1136
GCA_028440185.1	JAIEVJ010000073.1	1	1180	100.000	1180
GCA_028440195.1	JAIEVI010000001.1	63455	62276	100.000	1180
GCA_028440225.1	JAIEVH010000067.1	1180	1	100.000	1180
GCA_028440245.1	JAIEVG010000048.1	1	1180	100.000	1180
GCA_028440255.1	JAIEVK010000089.1	1180	1	100.000	1180
GCA_028440285.1	JAIEVE010000072.1	1180	1	100.000	1180
GCA_028440295.1	JAIEVF010000081.1	1	1180	100.000	1180
GCA_028440325.1	JAIEVD010000071.1	1	1136	100.000	1136
GCA_028440335.1	JAIEVC010000078.1	1	1180	100.000	1180
GCA_028440365.1	JAIEVB010000059.1	1	1180	100.000	1180
GCA_028440385.1	JAIEUZ010000077.1	1180	1	100.000	1180
GCA_028440395.1	JAIEVA010000060.1	1180	1	100.000	1180
GCA_028440415.1	JAIEUW010000044.1	1	1180	100.000	1180
GCA_028440435.1	JAIEUX010000060.1	1	1180	100.000	1180
GCA_028440485.1	JAIEUU010000021.1	39260	40439	100.000	1180
GCA_028440505.1	JAIEUV010000024.1	25824	24645	100.000	1180
GCA_028440515.1	JAIEUS010000022.1	44728	45907	100.000	1180
GCA_028440525.1	JAIEUT010000095.1	1	1180	100.000	1180
GCA_028440555.1	JAIEUR010000061.1	1	1119	100.000	1119
GCA_028440585.1	JAIEUQ010000070.1	1	1180	100.000	1180
GCA_028440605.1	JAHUPZ010000090.1	1122	1	100.000	1122
GCA_028440615.1	JAIEUP010000102.1	1130	1	100.000	1130
GCA_028440635.1	JAIEUO010000002.1	210190	211369	100.000	1180
GCA_028440685.1	JAHUQB010000218.1	1	1180	100.000	1180
GCA_028440705.1	JAHUQC010000038.1	19731	18552	100.000	1180
GCA_029477905.1	JAQBHP010000045.1	50	1229	100.000	1180
GCA_029478065.1	JAQBHQ010000201.1	1	1154	100.000	1154
GCA_029761775.1	JARUPN010000252.1	1180	1	100.000	1180
GCA_029761785.1	JARUPM010000148.1	1180	1	100.000	1180
GCA_029955785.1	JASBHG010000096.1	1152	1	99.479	1152
GCA_029955865.1	JASBHI010000081.1	1018	1	99.902	1018
GCA_029956025.1	JASBHR010000122.1	1018	1	99.804	1018
GCA_030016875.1	JASDEA010000067.1	1096	1	99.635	1096
GCA_030165035.1	JASNGA010000088.1	1	1180	100.000	1180
GCA_030550895.1	JARCRY010000077.1	1124	1	99.555	1124
GCA_030550955.1	JARCSB010000084.1	1124	1	99.555	1124
GCA_030550965.1	JARCSC010000136.1	1	1124	99.555	1124
GCA_030550975.1	JARCSE010000069.1	1124	1	99.555	1124
GCA_030551015.1	JARCSD010000086.1	1124	1	99.555	1124
GCA_030551035.1	JARCSH010000086.1	1	1124	99.555	1124
GCA_030551055.1	JARCSG010000081.1	1	1124	99.555	1124
GCA_030551065.1	JARCSF010000137.1	1	1124	99.555	1124
GCA_030551115.1	JARCSJ010000071.1	1	1124	99.555	1124
GCA_030551135.1	JARCSI010000065.1	1	1124	99.555	1124
GCA_030551145.1	JARCSM010000077.1	1	1124	99.555	1124
GCA_030551165.1	JARCSK010000073.1	1	1124	99.555	1124
GCA_030551215.1	JARCSN010000072.1	1	1124	99.555	1124
GCA_030551235.1	JARCSO010000085.1	1124	1	99.555	1124
GCA_030755775.1	JAUENO010000122.1	1180	1	100.000	1180
GCA_030755855.1	JAUENR010000055.1	1	1180	99.407	1180
GCA_030756395.1	JAUEOT010000025.1	31433	32249	99.510	817
GCA_030756425.1	JAUEOV010000072.1	1180	1	99.407	1180
GCA_031100955.1	DAPFEG010000061.1	1	1138	100.000	1138
GCA_031100975.1	DAPFEH010000046.1	1	1138	100.000	1138
GCA_034296425.1	JAXKSF010000099.1	1	1180	100.000	1180
GCA_034296455.1	JAXKQY010000058.1	1025	1	99.707	1025
GCA_034296495.1	JAXKQW010000070.1	906	1	99.890	906
GCA_034296515.1	JAXKRA010000057.1	1	1025	99.707	1025
GCA_034296555.1	JAXKQZ010000057.1	1025	1	99.707	1025
GCA_034296575.1	JAXKRE010000089.1	1	1180	100.000	1180
GCA_034296605.1	JAXKSE010000046.1	10651	11830	100.000	1180
GCA_034296615.1	JAXKSB010000072.1	1	895	99.888	895
GCA_034296625.1	JAXKSC010000029.1	41640	40461	100.000	1180
GCA_034296675.1	JAXKQQ010000057.1	906	1	99.890	906
GCA_034296695.1	JAXKRN010000010.1	126034	124902	99.559	1133
GCA_034296735.1	JAXKQT010000068.1	906	1	99.890	906
GCA_034296755.1	JAXKRQ010000003.1	265064	266243	99.576	1180
GCA_034296765.1	JAXKQR010000058.1	906	1	99.890	906
GCA_034296795.1	JAXKRM010000089.1	1	1180	100.000	1180
GCA_034296805.1	JAXKRV010000001.1	16727	15548	100.000	1180
GCA_034296805.1	JAXKRV010000001.1	1518714	1517535	100.000	1180
GCA_034296805.1	JAXKRV010000001.1	1732132	1730953	100.000	1180
GCA_034296805.1	JAXKRV010000001.1	2377557	2378736	100.000	1180
GCA_034296805.1	JAXKRV010000001.1	3183692	3182513	100.000	1180
GCA_034296805.1	JAXKRV010000001.1	1778785	1777606	99.407	1180
GCA_034296805.1	JAXKRV010000001.1	2363190	2362011	99.407	1180
GCA_034296805.1	JAXKRV010000001.1	2445956	2447135	99.407	1180
GCA_034296805.1	JAXKRV010000001.1	2464663	2465842	99.407	1180
GCA_034296805.1	JAXKRV010000001.1	2596670	2595491	99.407	1180
GCA_034296805.1	JAXKRV010000001.1	3032111	3033290	99.407	1180
GCA_034296805.1	JAXKRV010000001.1	3180059	3181238	99.407	1180
GCA_034296805.1	JAXKRV010000001.1	3212544	3211365	99.407	1180
GCA_034296805.1	JAXKRV010000003.1	31693	32872	99.407	1180
GCA_034296805.1	JAXKRV010000002.1	198920	197741	99.407	1180
GCA_034296825.1	JAXKRS010000008.1	145551	146730	99.407	1180
GCA_034296835.1	JAXKRP010000022.1	47976	49155	99.407	1180
GCA_034296875.1	JAXKRR010000004.1	122003	123182	99.407	1180
GCA_034296895.1	JAXKRX010000067.1	1025	1	99.707	1025
GCA_034296915.1	JAXKRU010000018.1	27207	26028	99.407	1180
GCA_034296925.1	JAXKRT010000002.1	380179	381358	99.407	1180
GCA_034296945.1	JAXKRY010000002.1	12828	14007	100.000	1180
GCA_034296955.1	JAXKRW010000003.1	239624	238445	99.407	1180
GCA_034296995.1	JAXKRZ010000057.1	906	1	99.890	906
GCA_034297015.1	JAXKQV010000058.1	1	1025	99.707	1025
GCA_034297035.1	JAXKSG010000049.1	5155	6334	100.000	1180
GCA_034297055.1	JAXKQX010000057.1	1	1025	99.707	1025
GCA_034297075.1	JAXKSA010000034.1	990	1	99.596	990
GCA_034297095.1	JAXKRH010000093.1	1180	1	100.000	1180
GCA_034297115.1	JAXKRD010000057.1	1025	1	99.707	1025
GCA_034297135.1	JAXKRB010000057.1	1	1025	99.707	1025
GCA_034297155.1	JAXKRF010000091.1	1	1180	100.000	1180
GCA_034297175.1	JAXKRI010000088.1	1	1180	100.000	1180
GCA_034297195.1	JAXKRG010000090.1	1	1180	100.000	1180
GCA_034297215.1	JAXKRJ010000068.1	906	1	99.890	906
GCA_034297235.1	JAXKRK010000088.1	1	1180	100.000	1180
GCA_034297265.1	JAXKRL010000091.1	1	1180	100.000	1180
GCA_034297275.1	JAXKRO010000006.1	74544	75723	99.492	1180
GCA_034931785.1	JAYGIW010000047.1	1124	1	99.555	1124
GCA_036533995.1	JATAYA010000086.1	1	1180	100.000	1180
GCA_037545745.1	JARBXI010000089.1	935	1	99.786	935
GCA_037545805.1	JARBXK010000147.1	1	867	99.885	867
GCA_039658575.1	JAOAQF010000018.1	3230	4407	87.722	1181
GCA_039658595.1	JAOAQD010000020.1	3230	4407	87.722	1181
GCA_039658615.1	JAOAQC010000020.1	1	1115	87.567	1118
GCA_039658635.1	JAOAQB010000020.1	51881	50707	87.776	1178
GCA_039658655.1	JAOAQA010000019.1	1	869	87.256	871
GCA_039677725.1	JBDJPJ010000034.1	2617	3796	99.746	1180
GCA_040223795.1	JBEHDS010000056.1	1180	1	100.000	1180
GCA_040223815.1	JBEHDT010000104.1	1	1018	100.000	1018
GCA_040239585.1	JBEIBT010000102.1	1	1018	100.000	1018
GCA_041927285.1	CP169298.1	272713	271534	100.000	1180
GCA_041927285.1	CP169298.1	295401	296580	100.000	1180
GCA_041927285.1	CP169298.1	775471	776650	100.000	1180
GCA_041927285.1	CP169298.1	1181637	1182816	100.000	1180
GCA_041927285.1	CP169298.1	1806849	1808028	100.000	1180
GCA_041927285.1	CP169298.1	1872245	1873424	100.000	1180
GCA_041927285.1	CP169298.1	2131752	2130573	100.000	1180
GCA_041927285.1	CP169298.1	2725574	2726753	100.000	1180
GCA_041927285.1	CP169298.1	3572382	3573561	100.000	1180
GCA_042142835.1	CP169809.1	1142129	1143308	100.000	1180
GCA_042142835.1	CP169809.1	3441626	3442805	100.000	1180
GCA_042142835.1	CP169809.1	820966	819787	99.407	1180
GCA_042142835.1	CP169809.1	1302435	1303614	99.407	1180
GCA_042142835.1	CP169809.1	1546057	1547236	99.407	1180
GCA_042142835.1	CP169809.1	1590932	1592111	99.407	1180
GCA_042142835.1	CP169809.1	1871019	1872198	99.407	1180
GCA_042142835.1	CP169809.1	1996934	1995755	99.407	1180
GCA_042142835.1	CP169809.1	2144675	2143496	99.407	1180
GCA_042142835.1	CP169809.1	2576418	2577597	99.407	1180
GCA_042142835.1	CP169809.1	2697618	2698797	99.407	1180
GCA_042142835.1	CP169809.1	2706832	2705653	99.407	1180
GCA_042142835.1	CP169809.1	2827842	2826663	99.407	1180
GCA_042142835.1	CP169809.1	3294425	3293246	99.407	1180
GCA_042142835.1	CP169809.1	3393784	3394963	99.407	1180
GCA_042142835.1	CP169809.1	3402115	3400936	99.407	1180
GCA_042142835.1	CP169809.1	3540548	3541727	99.407	1180
GCA_042142835.1	CP169810.1	129417	130596	99.407	1180
GCA_042153585.1	CP169872.1	571313	570134	100.000	1180
GCA_042153585.1	CP169872.1	717409	716230	100.000	1180
GCA_042153585.1	CP169872.1	1461629	1460450	100.000	1180
GCA_042153585.1	CP169872.1	2885816	2884637	100.000	1180
GCA_042153585.1	CP169872.1	617966	616787	99.407	1180
GCA_042153585.1	CP169872.1	1284917	1286096	99.407	1180
GCA_042153585.1	CP169872.1	1303624	1304803	99.407	1180
GCA_042153585.1	CP169872.1	1391531	1390352	99.407	1180
GCA_042153585.1	CP169872.1	1403525	1402346	99.407	1180
GCA_042153585.1	CP169872.1	1495419	1494240	99.407	1180
GCA_042153585.1	CP169872.1	1976324	1977503	99.407	1180
GCA_042153585.1	CP169872.1	2109093	2107914	99.407	1180
GCA_042153585.1	CP169872.1	3210720	3211899	99.407	1180
GCA_042153585.1	CP169875.1	105306	106485	99.407	1180
GCA_042862905.1	JAUTIK010000054.1	1180	1	100.000	1180
GCA_042862925.1	JAUTWT010000086.1	1	1180	100.000	1180
GCA_042938265.1	DAXTPX010000085.1	1	1139	100.000	1139
GCA_042939275.1	DAXTRV010000093.1	1	1138	100.000	1138
GCA_045066275.1	JBDGHD010000106.1	1018	1	100.000	1018
GCA_045066455.1	JBDGHI010000023.1	39572	40751	100.000	1180
GCA_048067285.1	CP179705.1	247637	246458	99.661	1180
GCA_048067285.1	CP179705.1	250083	251262	99.661	1180
GCA_048067285.1	CP179705.1	707109	705930	99.661	1180
GCA_048067285.1	CP179705.1	3053262	3054441	99.661	1180
GCA_048067285.1	CP179705.1	3804227	3803048	99.661	1180
GCA_048067285.1	CP179705.1	3806673	3807852	99.661	1180
GCA_048067285.1	CP179705.1	542248	543427	99.407	1180
GCA_048067285.1	CP179705.1	674290	675469	99.407	1180
GCA_048067285.1	CP179705.1	730998	732177	99.407	1180
GCA_048067285.1	CP179705.1	1352488	1351309	99.407	1180
GCA_048067285.1	CP179705.1	1394617	1393438	99.407	1180
GCA_048067285.1	CP179705.1	1786831	1788010	99.407	1180
GCA_048067285.1	CP179705.1	1893875	1892696	99.407	1180
GCA_048067285.1	CP179705.1	1984455	1983276	99.407	1180
GCA_048067285.1	CP179705.1	2027066	2028245	99.407	1180
GCA_048067285.1	CP179705.1	2447407	2446228	99.407	1180
GCA_048067285.1	CP179705.1	2460131	2458952	99.407	1180
GCA_048067285.1	CP179705.1	2812694	2811515	99.407	1180
GCA_048067285.1	CP179705.1	2856844	2858023	99.407	1180
GCA_048067285.1	CP179705.1	2903170	2901991	99.407	1180
GCA_048067285.1	CP179705.1	2962389	2963568	99.407	1180
GCA_048067285.1	CP179705.1	3367209	3366030	99.407	1180
GCA_048067285.1	CP179705.1	3416392	3415213	99.407	1180
GCA_048067295.1	CP179707.1	232373	231194	99.661	1180
GCA_048067295.1	CP179707.1	234819	235998	99.661	1180
GCA_048067295.1	CP179707.1	691845	690666	99.661	1180
GCA_048067295.1	CP179707.1	3732505	3731326	99.661	1180
GCA_048067295.1	CP179707.1	3734951	3736130	99.661	1180
GCA_048067295.1	CP179707.1	526984	528163	99.407	1180
GCA_048067295.1	CP179707.1	659026	660205	99.407	1180
GCA_048067295.1	CP179707.1	715734	716913	99.407	1180
GCA_048067295.1	CP179707.1	1047069	1045890	99.407	1180
GCA_048067295.1	CP179707.1	1341673	1340494	99.407	1180
GCA_048067295.1	CP179707.1	1383802	1382623	99.407	1180
GCA_048067295.1	CP179707.1	1773414	1774593	99.407	1180
GCA_048067295.1	CP179707.1	1880458	1879279	99.407	1180
GCA_048067295.1	CP179707.1	1971038	1969859	99.407	1180
GCA_048067295.1	CP179707.1	2013649	2014828	99.407	1180
GCA_048067295.1	CP179707.1	2440173	2438994	99.407	1180
GCA_048067295.1	CP179707.1	2452897	2451718	99.407	1180
GCA_048067295.1	CP179707.1	2766163	2764984	99.407	1180
GCA_048067295.1	CP179707.1	2832611	2831432	99.407	1180
GCA_048067295.1	CP179707.1	2891830	2893009	99.407	1180
GCA_048067295.1	CP179707.1	3295487	3294308	99.407	1180
GCA_048067295.1	CP179707.1	3344670	3343491	99.407	1180
GCA_048067305.1	CP179702.1	239563	238384	99.661	1180
GCA_048067305.1	CP179702.1	242009	243188	99.661	1180
GCA_048067305.1	CP179702.1	3400930	3402109	99.661	1180
GCA_048067305.1	CP179702.1	3857956	3856777	99.661	1180
GCA_048067305.1	CP179702.1	3860402	3861581	99.661	1180
GCA_048067305.1	CP179702.1	726683	727862	99.407	1180
GCA_048067305.1	CP179702.1	775866	777045	99.407	1180
GCA_048067305.1	CP179702.1	991093	992272	99.407	1180
GCA_048067305.1	CP179702.1	1079066	1077887	99.407	1180
GCA_048067305.1	CP179702.1	1181901	1180722	99.407	1180
GCA_048067305.1	CP179702.1	1241120	1242299	99.407	1180
GCA_048067305.1	CP179702.1	1287396	1288575	99.407	1180
GCA_048067305.1	CP179702.1	1600662	1601841	99.407	1180
GCA_048067305.1	CP179702.1	1613386	1614565	99.407	1180
GCA_048067305.1	CP179702.1	2039910	2038731	99.407	1180
GCA_048067305.1	CP179702.1	2082521	2083700	99.407	1180
GCA_048067305.1	CP179702.1	2173101	2174280	99.407	1180
GCA_048067305.1	CP179702.1	2280145	2278966	99.407	1180
GCA_048067305.1	CP179702.1	2710697	2711876	99.407	1180
GCA_048067305.1	CP179702.1	2721463	2720284	99.407	1180
GCA_048067305.1	CP179702.1	2846761	2847940	99.407	1180
GCA_048067305.1	CP179702.1	3377034	3375855	99.407	1180
GCA_048067305.1	CP179702.1	3433750	3432571	99.407	1180
GCA_048067305.1	CP179702.1	3565792	3564613	99.407	1180
GCA_048069565.1	CP179709.1	247638	246459	99.661	1180
GCA_048069565.1	CP179709.1	250084	251263	99.661	1180
GCA_048069565.1	CP179709.1	707111	705932	99.661	1180
GCA_048069565.1	CP179709.1	3046912	3048091	99.661	1180
GCA_048069565.1	CP179709.1	3797903	3796724	99.661	1180
GCA_048069565.1	CP179709.1	3800349	3801528	99.661	1180
GCA_048069565.1	CP179709.1	542249	543428	99.407	1180
GCA_048069565.1	CP179709.1	674291	675470	99.407	1180
GCA_048069565.1	CP179709.1	730944	732123	99.407	1180
GCA_048069565.1	CP179709.1	1321165	1319986	99.407	1180
GCA_048069565.1	CP179709.1	1363294	1362115	99.407	1180
GCA_048069565.1	CP179709.1	1755508	1756687	99.407	1180
GCA_048069565.1	CP179709.1	1862552	1861373	99.407	1180
GCA_048069565.1	CP179709.1	1953132	1951953	99.407	1180
GCA_048069565.1	CP179709.1	1995743	1996922	99.407	1180
GCA_048069565.1	CP179709.1	2416084	2414905	99.407	1180
GCA_048069565.1	CP179709.1	2428808	2427629	99.407	1180
GCA_048069565.1	CP179709.1	2806344	2805165	99.407	1180
GCA_048069565.1	CP179709.1	2850494	2851673	99.407	1180
GCA_048069565.1	CP179709.1	2896820	2895641	99.407	1180
GCA_048069565.1	CP179709.1	2956039	2957218	99.407	1180
GCA_048069565.1	CP179709.1	3360883	3359704	99.407	1180
GCA_048069565.1	CP179709.1	3410066	3408887	99.407	1180
GCA_048480215.1	CP179699.1	239563	238384	99.661	1180
GCA_048480215.1	CP179699.1	242009	243188	99.661	1180
GCA_048480215.1	CP179699.1	3401910	3403089	99.661	1180
GCA_048480215.1	CP179699.1	3858936	3857757	99.661	1180
GCA_048480215.1	CP179699.1	3861382	3862561	99.661	1180
GCA_048480215.1	CP179699.1	726683	727862	99.407	1180
GCA_048480215.1	CP179699.1	775866	777045	99.407	1180
GCA_048480215.1	CP179699.1	991093	992272	99.407	1180
GCA_048480215.1	CP179699.1	1079066	1077887	99.407	1180
GCA_048480215.1	CP179699.1	1181901	1180722	99.407	1180
GCA_048480215.1	CP179699.1	1241119	1242298	99.407	1180
GCA_048480215.1	CP179699.1	1287395	1288574	99.407	1180
GCA_048480215.1	CP179699.1	1600660	1601839	99.407	1180
GCA_048480215.1	CP179699.1	1613384	1614563	99.407	1180
GCA_048480215.1	CP179699.1	2039908	2038729	99.407	1180
GCA_048480215.1	CP179699.1	2082519	2083698	99.407	1180
GCA_048480215.1	CP179699.1	2173099	2174278	99.407	1180
GCA_048480215.1	CP179699.1	2280143	2278964	99.407	1180
GCA_048480215.1	CP179699.1	2710695	2711874	99.407	1180
GCA_048480215.1	CP179699.1	2721461	2720282	99.407	1180
GCA_048480215.1	CP179699.1	2847748	2848927	99.407	1180
GCA_048480215.1	CP179699.1	3378021	3376842	99.407	1180
GCA_048480215.1	CP179699.1	3434730	3433551	99.407	1180
GCA_048480215.1	CP179699.1	3566772	3565593	99.407	1180
GCA_049355475.1	DBHMLO010000008.1	118978	117932	99.618	1047
GCA_049356015.1	DBHMMK010000002.1	61871	63050	100.000	1180
GCA_049388885.1	DBHNRS010000008.1	146612	145454	100.000	1159
GCA_049706335.1	JBMPIB010000061.1	1018	1	99.804	1018
GCA_050030175.1	CP179696.1	239562	238383	99.661	1180
GCA_050030175.1	CP179696.1	242008	243187	99.661	1180
GCA_050030175.1	CP179696.1	3401900	3403079	99.661	1180
GCA_050030175.1	CP179696.1	3858926	3857747	99.661	1180
GCA_050030175.1	CP179696.1	3861372	3862551	99.661	1180
GCA_050030175.1	CP179696.1	726682	727861	99.407	1180
GCA_050030175.1	CP179696.1	775865	777044	99.407	1180
GCA_050030175.1	CP179696.1	991092	992271	99.407	1180
GCA_050030175.1	CP179696.1	1079065	1077886	99.407	1180
GCA_050030175.1	CP179696.1	1181900	1180721	99.407	1180
GCA_050030175.1	CP179696.1	1241118	1242297	99.407	1180
GCA_050030175.1	CP179696.1	1287394	1288573	99.407	1180
GCA_050030175.1	CP179696.1	1600659	1601838	99.407	1180
GCA_050030175.1	CP179696.1	1613383	1614562	99.407	1180
GCA_050030175.1	CP179696.1	2039907	2038728	99.407	1180
GCA_050030175.1	CP179696.1	2082518	2083697	99.407	1180
GCA_050030175.1	CP179696.1	2173098	2174277	99.407	1180
GCA_050030175.1	CP179696.1	2280142	2278963	99.407	1180
GCA_050030175.1	CP179696.1	2710694	2711873	99.407	1180
GCA_050030175.1	CP179696.1	2721460	2720281	99.407	1180
GCA_050030175.1	CP179696.1	2847747	2848926	99.407	1180
GCA_050030175.1	CP179696.1	3378020	3376841	99.407	1180
GCA_050030175.1	CP179696.1	3434720	3433541	99.407	1180
GCA_050030175.1	CP179696.1	3566762	3565583	99.407	1180
GCA_050030185.1	CP179694.1	199584	198405	100.000	1180
GCA_050030185.1	CP179694.1	216289	217468	100.000	1180
GCA_050030185.1	CP179694.1	227336	226157	100.000	1180
GCA_050030185.1	CP179694.1	281992	280813	100.000	1180
GCA_050030185.1	CP179694.1	293647	294826	100.000	1180
GCA_050030185.1	CP179694.1	675763	674584	100.000	1180
GCA_050030185.1	CP179694.1	960147	961326	100.000	1180
GCA_050030185.1	CP179694.1	994946	993767	100.000	1180
GCA_050030185.1	CP179694.1	1254824	1253645	100.000	1180
GCA_050030185.1	CP179694.1	1898654	1897475	100.000	1180
GCA_050030185.1	CP179694.1	1904913	1903734	100.000	1180
GCA_050030185.1	CP179694.1	2007219	2008398	100.000	1180
GCA_050030185.1	CP179694.1	2203473	2204652	100.000	1180
GCA_050030185.1	CP179694.1	2212766	2213945	100.000	1180
GCA_050030185.1	CP179694.1	2512934	2511755	100.000	1180
GCA_050030185.1	CP179694.1	3483620	3484799	100.000	1180
GCA_050030185.1	CP179694.1	3509054	3510233	100.000	1180
GCA_050030185.1	CP179694.1	3651188	3650009	100.000	1180
GCA_050030185.1	CP179694.1	3867784	3868963	100.000	1180
GCA_050030675.1	CP179692.1	232418	231239	99.661	1180
GCA_050030675.1	CP179692.1	234864	236043	99.661	1180
GCA_050030675.1	CP179692.1	691890	690711	99.661	1180
GCA_050030675.1	CP179692.1	1428159	1426980	99.661	1180
GCA_050030675.1	CP179692.1	3755335	3754156	99.661	1180
GCA_050030675.1	CP179692.1	3757781	3758960	99.661	1180
GCA_050030675.1	CP179692.1	527029	528208	99.407	1180
GCA_050030675.1	CP179692.1	659071	660250	99.407	1180
GCA_050030675.1	CP179692.1	715772	716951	99.407	1180
GCA_050030675.1	CP179692.1	1125667	1124488	99.407	1180
GCA_050030675.1	CP179692.1	1339130	1337951	99.407	1180
GCA_050030675.1	CP179692.1	1381259	1380080	99.407	1180
GCA_050030675.1	CP179692.1	1713428	1712249	99.407	1180
GCA_050030675.1	CP179692.1	1773249	1774428	99.407	1180
GCA_050030675.1	CP179692.1	1880293	1879114	99.407	1180
GCA_050030675.1	CP179692.1	1970866	1969687	99.407	1180
GCA_050030675.1	CP179692.1	2013477	2014656	99.407	1180
GCA_050030675.1	CP179692.1	2439995	2438816	99.407	1180
GCA_050030675.1	CP179692.1	2452719	2451540	99.407	1180
GCA_050030675.1	CP179692.1	2765985	2764806	99.407	1180
GCA_050030675.1	CP179692.1	2777807	2778986	99.407	1180
GCA_050030675.1	CP179692.1	2811324	2812503	99.407	1180
GCA_050030675.1	CP179692.1	2857650	2856471	99.407	1180
GCA_050030675.1	CP179692.1	2916868	2918047	99.407	1180
GCA_050030675.1	CP179692.1	3318317	3317138	99.407	1180
GCA_050030675.1	CP179692.1	3367500	3366321	99.407	1180
GCA_050269755.1	CP189874.1	281414	280235	100.000	1180
GCA_050269755.1	CP189874.1	303660	304839	100.000	1180
GCA_050269755.1	CP189874.1	2185396	2186575	100.000	1180
GCA_050269755.1	CP189874.1	2436283	2437462	100.000	1180
GCA_050269755.1	CP189874.1	2689790	2688611	100.000	1180
GCA_050269755.1	CP189874.1	2813195	2812016	100.000	1180
GCA_050269755.1	CP189874.1	3358787	3357608	100.000	1180
GCA_050269755.1	CP189873.1	18202	19381	99.576	1180
GCA_050269755.1	CP189873.1	20924	22103	99.576	1180
GCA_050896635.1	JBPBDJ010000074.1	1	1180	99.407	1180
GCA_050896655.1	JBPBDK010000069.1	1	1180	99.407	1180
GCA_050896695.1	JBPBDY010000109.1	1180	1	99.407	1180
GCA_050896705.1	JBPBDO010000063.1	1091	1	99.542	1091
GCA_050896775.1	JBPBDN010000088.1	1180	1	100.000	1180
GCA_050896895.1	JBPBDS010000110.1	1068	1	99.625	1068
GCA_050896935.1	JBPBDU010000064.1	1	1180	99.492	1180
GCA_050896975.1	JBPBEG010000127.1	1	1180	99.407	1180
GCA_050897015.1	JBPBDV010000083.1	1	1180	99.407	1180
GCA_050897035.1	JBPBDW010000064.1	1	1180	99.407	1180
GCA_050897055.1	JBPBDL010000080.1	1	1180	99.407	1180
GCA_050897075.1	JBPBDM010000062.1	1180	1	99.407	1180
GCA_050897095.1	JBPBDF010000091.1	1180	1	100.000	1180
GCA_050897115.1	JBPBDG010000079.1	1180	1	99.407	1180
GCA_050897155.1	JBPBDT010000071.1	1	1180	99.407	1180
GCA_050897175.1	JBPBDC010000094.1	1010	1	100.000	1010
GCA_050897195.1	JBPBDB010000007.1	19115	17936	100.000	1180
GCA_050897255.1	JBPBDD010000097.1	1	1083	99.538	1083
GCA_050897295.1	JBPBDX010000077.1	1	1180	99.407	1180
GCA_050897315.1	JBPBEK010000069.1	1	1056	99.621	1056
GCA_050897325.1	JBPBDZ010000069.1	1068	1	99.625	1068
GCA_050897355.1	JBPBEA010000054.1	1180	1	100.000	1180
GCA_050897395.1	JBPBEC010000072.1	1	1068	99.625	1068
GCA_050897455.1	JBPBEB010000083.1	1	1018	100.000	1018
GCA_050897475.1	JBPBED010000075.1	1018	1	99.804	1018
GCA_050897555.1	JBPBEE010000064.1	1136	1	99.560	1136
GCA_050897575.1	JBPBEF010000045.1	1	1180	99.407	1180
GCA_050897595.1	JBPBEH010000074.1	1180	1	99.407	1180
GCA_050897675.1	JBPBEI010000026.1	1	1180	100.000	1180
GCA_050897695.1	JBPBEL010000156.1	1180	1	100.000	1180
GCA_050897715.1	JBPBEJ010000089.1	1018	1	100.000	1018
GCA_050897775.1	JBPBEM010000150.1	1018	1	100.000	1018
GCA_050897795.1	JBPBEN010000043.1	1	1136	99.824	1136
GCA_051169065.1	JBEQCV010000047.1	1124	1	99.555	1124
GCA_051169085.1	JBEQCW010000041.1	1	1164	99.485	1164
GCA_051169105.1	JBEQCX010000011.1	1	1167	99.486	1167
GCA_051169125.1	JBEQCY010000043.1	1123	1	99.555	1123
GCA_051169155.1	JBEQCZ010000008.1	1	1124	99.555	1124
GCA_051169175.1	JBEQDA010000051.1	1	1124	99.555	1124
GCA_051169195.1	JBEQDB010000026.1	1	1123	99.555	1123
GCA_051169215.1	JBEQDC010000011.1	1	1124	99.555	1124
GCA_051169235.1	JBEQDD010000019.1	1	1123	99.555	1123
GCA_051169255.1	JBEQDE010000044.1	1	1124	99.555	1124
GCA_051169275.1	JBEQDF010000011.1	1167	1	99.400	1167
GCA_051169295.1	JBEQDG010000027.1	1124	1	99.555	1124
GCA_051169315.1	JBEQDI010000046.1	1	1124	99.555	1124
GCA_051169335.1	JBEQDH010000019.1	1	1124	99.555	1124
GCA_051169355.1	JBEQDJ010000056.1	1124	1	99.555	1124
GCA_051169375.1	JBEQDL010000009.1	1151	1	99.479	1151
GCA_051169395.1	JBEQDK010000003.1	1124	1	99.555	1124
GCA_051169415.1	JBEQDM010000027.1	1124	1	99.555	1124
GCA_051169435.1	JBEQDO010000048.1	1	1124	99.555	1124
GCA_051169445.1	JBEQDN010000045.1	1	1124	99.555	1124
GCA_051169475.1	JBEQDP010000035.1	1	1163	99.484	1163
GCA_051169495.1	JBEQDQ010000041.1	1124	1	99.555	1124
GCA_051169515.1	JBEQDR010000007.1	1124	1	99.555	1124
GCA_051169535.1	JBEQDS010000037.1	1123	1	99.555	1123
GCA_051169555.1	JBEQDV010000040.1	1123	1	99.555	1123
GCA_051169575.1	JBEQDT010000053.1	1163	1	99.484	1163
GCA_051169595.1	JBEQDU010000030.1	1	1124	99.555	1124
GCA_051169615.1	JBEQDY010000022.1	1124	1	99.555	1124
GCA_051169635.1	JBEQDW010000039.1	1124	1	99.555	1124
GCA_051169655.1	JBEQDX010000037.1	1	1123	99.555	1123
GCA_051169675.1	JBEQDZ010000015.1	1124	1	99.555	1124
GCA_051169695.1	JBEQEB010000022.1	1124	1	99.555	1124
GCA_051169715.1	JBEQEA010000005.1	1166	1	99.485	1166
GCA_051169745.1	JBEQEC010000001.1	1124	1	99.555	1124
GCA_051169765.1	JBEQED010000051.1	1	1164	99.485	1164
GCA_051169785.1	JBEQEE010000011.1	1	1124	99.555	1124
GCA_051169805.1	JBEQEF010000040.1	1123	1	99.555	1123
GCA_051169825.1	JBEQEG010000057.1	1	1124	99.555	1124
GCA_051169845.1	JBEQEH010000019.1	1124	1	99.555	1124
GCA_051169865.1	JBEQEI010000002.1	1124	1	99.555	1124
GCA_051169885.1	JBEQEJ010000039.1	1	1124	99.555	1124
GCA_051169905.1	JBEQEK010000028.1	1	1167	99.486	1167
GCA_051169925.1	JBEQEL010000022.1	1	1123	99.555	1123
GCA_051169945.1	JBEQEN010000035.1	1	1124	99.555	1124
GCA_051169965.1	JBEQEM010000001.1	1	1124	99.555	1124
GCA_051169985.1	JBEQEO010000064.1	1	1123	99.555	1123
GCA_051170005.1	JBEQEQ010000011.1	1167	1	99.486	1167
GCA_051170025.1	JBEQEP010000038.1	25	1204	99.407	1180
GCA_051170045.1	JBEQES010000013.1	1	1167	99.486	1167
GCA_051170065.1	JBEQET010000041.1	1124	1	99.555	1124
GCA_051170085.1	JBEQER010000032.1	1124	1	99.555	1124
GCA_051170105.1	JBEQEU010000031.1	1124	1	99.555	1124
GCA_051170125.1	JBEQEV010000025.1	1167	1	99.486	1167
GCA_051170145.1	JBEQEW010000030.1	1122	1	99.554	1122
GCA_051170165.1	JBEQEZ010000042.1	1171	5	99.486	1167
GCA_051170185.1	JBEQEX010000033.1	1164	1	99.485	1164
GCA_051170205.1	JBEQEY010000001.1	1	1124	99.555	1124
GCA_051170225.1	JBEQFA010000027.1	1	1124	99.555	1124
GCA_051170245.1	JBEQFB010000032.1	1167	1	99.486	1167
GCA_051170265.1	JBEQFC010000070.1	1124	1	99.555	1124
GCA_051170285.1	JBEQFE010000046.1	1124	1	99.555	1124
GCA_051170305.1	JBEQFD010000054.1	1	1124	99.555	1124
GCA_051170325.1	JBEQFF010000032.1	1	1124	99.555	1124
GCA_051170345.1	JBEQFG010000026.1	1124	1	99.555	1124
GCA_051170365.1	JBEQFH010000016.1	1124	1	99.555	1124
GCA_051170385.1	JBEQFI010000045.1	1	1124	99.555	1124
GCA_051170405.1	JBEQFL010000052.1	1	1162	99.484	1162
GCA_051170425.1	JBEQFJ010000028.1	1	1124	99.555	1124
GCA_051170445.1	JBEQFK010000034.1	1124	1	99.555	1124
GCA_051170465.1	JBEQFM010000060.1	1124	1	99.555	1124
GCA_051170485.1	JBEQFN010000040.1	1124	1	99.555	1124
GCA_051170505.1	JBEQFO010000045.1	1124	1	99.555	1124
GCA_051170525.1	JBEQFP010000033.1	1124	1	99.555	1124
GCA_051170545.1	JBEQFQ010000017.1	1	1167	99.486	1167
GCA_051170565.1	JBEQFR010000054.1	1124	1	99.555	1124
GCA_051170585.1	JBEQFS010000003.1	1167	1	99.486	1167
GCA_051170605.1	JBEQFT010000031.1	1	1124	99.555	1124
GCA_051170625.1	JBEQFU010000047.1	1	1124	99.555	1124
GCA_051170645.1	JBEQFV010000021.1	1	1124	99.555	1124
GCA_051170665.1	JBEQFW010000006.1	1167	1	99.486	1167
GCA_051170685.1	JBEQFX010000023.1	1	1167	99.486	1167
GCA_051170705.1	JBEQFY010000025.1	1124	1	99.555	1124
GCA_051170725.1	JBEQFZ010000009.1	1124	1	99.555	1124
GCA_051170745.1	JBEQGA010000039.1	1124	1	99.555	1124
GCA_051170765.1	JBEQGB010000056.1	1	1124	99.555	1124
GCA_051170785.1	JBEQGC010000068.1	1124	1	99.555	1124
GCA_051170805.1	JBEQGD010000042.1	1124	1	99.555	1124
GCA_051170825.1	JBEQGF010000027.1	1123	1	99.555	1123
GCA_051170845.1	JBEQGE010000037.1	1	1152	99.479	1152
GCA_051776275.1	CP196468.1	883360	884539	99.407	1180
GCA_051776275.1	CP196468.1	1248595	1247416	99.407	1180
GCA_051776275.1	CP196469.1	1	1179	99.406	1179
GCA_051842185.1	JBNFQE010000112.1	1	1180	100.000	1180
GCA_051842205.1	JBNFQD010000095.1	1086	1	99.724	1086
GCA_051842225.1	JBNFQB010000052.1	1	1086	99.724	1086
GCA_051842245.1	JBNFQC010000061.1	1	1056	99.621	1056
GCA_051842265.1	JBNFQA010000067.1	1	1086	99.724	1086
GCA_051842285.1	JBNFPY010000066.1	1086	1	99.724	1086
GCA_051842305.1	JBNFPZ010000066.1	1	1086	99.724	1086
GCA_051941745.1	JBEUKO010000397.1	1	956	99.686	956
GCA_052115825.1	JBFSHN010000088.1	1099	1	100.000	1099
GCA_052371295.1	JBQRVE010000073.1	1	1017	99.803	1017
GCA_052371315.1	JBQRVF010000070.1	906	1	99.890	906
GCA_052371335.1	JBQRVG010000079.1	1	896	99.888	896
GCA_052371375.1	JBQRVI010000090.1	871	1	99.770	871
GCA_052371395.1	JBQRVJ010000095.1	1	939	99.681	939
GCA_052371415.1	JBQRVK010000079.1	1	1015	99.803	1015
GCA_052371435.1	JBQRVL010000083.1	897	1	99.889	897
GCA_052371455.1	JBQRVM010000084.1	897	1	99.889	897
GCA_052371475.1	JBQRVN010000083.1	1	897	99.889	897
GCA_052371495.1	JBQRVO010000071.1	1093	1	99.634	1093
GCA_052371515.1	JBQRVP010000075.1	1007	1	99.801	1007
GCA_052371535.1	JBQRVQ010000080.1	1097	1	99.544	1097
GCA_052371555.1	JBQRVR010000075.1	1012	1	99.802	1012
GCA_052371575.1	JBQRVS010000072.1	1	1018	99.804	1018
GCA_052371595.1	JBQRVT010000074.1	1	1018	99.804	1018
GCA_052371615.1	JBQRVU010000072.1	1013	1	99.803	1013
GCA_052371635.1	JBQRVV010000073.1	1	1025	99.707	1025
GCA_052371655.1	JBQRVX010000079.1	1	1010	99.802	1010
GCA_052371675.1	JBQRVW010000072.1	1013	1	99.803	1013
GCA_052371695.1	JBQRVY010000078.1	1015	1	99.803	1015
GCA_052371715.1	JBQRWA010000078.1	1011	1	99.802	1011
GCA_052371735.1	JBQRVZ010000078.1	1	1009	99.802	1009
GCA_052371755.1	JBQRWB010000079.1	1011	1	99.802	1011
GCA_052371775.1	JBQRWC010000078.1	1	1007	99.801	1007
GCA_052371795.1	JBQRWD010000078.1	1	1018	99.804	1018
GCA_052492475.1	JBQVWU010000023.1	1140	1	99.474	1140
GCA_052492495.1	JBQVWK010000035.1	22	1201	99.407	1180
GCA_052492515.1	JBQVWI010000041.1	1137	1	99.472	1137
GCA_052492535.1	JBQVWH010000029.1	2	1169	99.486	1168
GCA_052492555.1	JBQVWR010000038.1	1251	72	99.407	1180
GCA_052492575.1	JBQVWJ010000019.1	22	1201	99.407	1180
GCA_052492595.1	JBQVWP010000041.1	1	1142	99.475	1142
GCA_052492615.1	JBQVWQ010000032.1	1186	47	99.474	1140
GCA_052492635.1	JBQVWL010000008.1	1223	44	99.407	1180
GCA_052492675.1	JBQVWS010000033.1	1252	73	99.407	1180
GCA_052492695.1	JBQVWY010000033.1	1216	45	99.403	1172
GCA_052492715.1	JBQVWV010000035.1	27	1206	99.407	1180
GCA_052492735.1	JBQVWW010000019.1	1223	44	99.407	1180
GCA_052492755.1	JBQVWO010000002.1	1080	13	99.625	1068
GCA_052492775.1	JBQVWX010000026.1	42	1178	99.472	1137
GCA_052492795.1	JBQVWZ010000015.1	32	1211	99.407	1180
GCA_052492815.1	JBQVWM010000037.1	1145	1	99.389	1145
GCA_052492835.1	JBQVWT010000036.1	1180	14	99.486	1167
GCA_052492855.1	JBQVWN010000027.1	1255	76	99.492	1180
GCA_052545275.1	JBQWLJ010000032.1	5	1141	99.472	1137
GCA_053309335.1	JBRYIW010000001.1	1921904	1923083	100.000	1180
GCA_053309335.1	JBRYIW010000001.1	1960383	1961562	100.000	1180
GCA_053320195.1	JBROGE010000080.1	867	1	99.885	867
GCA_053320235.1	JBROGF010000095.1	1	1180	99.407	1180
GCA_053320255.1	JBROGG010000050.1	1180	1	100.000	1180
GCA_053320275.1	JBROGH010000069.1	1	1180	99.407	1180
GCA_053320295.1	JBROGI010000087.1	1	867	99.885	867
GCA_053320315.1	JBROGJ010000105.1	1147	1	99.390	1147
GCA_053320335.1	JBROGK010000084.1	867	1	99.885	867
GCA_053320375.1	JBROGM010000086.1	1	892	99.776	892
GCA_053320395.1	JBROGN010000089.1	1	867	99.885	867
GCA_053320415.1	JBROGO010000084.1	1180	1	99.407	1180
GCA_053320435.1	JBROGP010000055.1	1180	1	100.000	1180
GCA_053320455.1	JBROGQ010000090.1	1	824	99.879	824
GCA_053373735.1	JBRZLA010000089.1	1180	1	99.407	1180
GCA_053373755.1	JBRZLB010000087.1	1	1180	99.407	1180
GCA_053373775.1	JBRZLC010000089.1	1	824	99.879	824
GCA_053373795.1	JBRZLD010000068.1	1	1180	100.000	1180
GCA_053373815.1	JBRZLE010000053.1	1180	1	100.000	1180
GCA_053373835.1	JBRZLF010000053.1	1180	1	100.000	1180
GCA_053819165.1	CM132594.1	1142036	1143215	100.000	1180
GCA_053819165.1	CM132594.1	3442764	3443943	100.000	1180
GCA_053819165.1	CM132594.1	820213	819034	99.407	1180
GCA_053819165.1	CM132594.1	1302342	1303521	99.407	1180
GCA_053819165.1	CM132594.1	1546000	1547179	99.407	1180
GCA_053819165.1	CM132594.1	1592188	1593367	99.407	1180
GCA_053819165.1	CM132594.1	1872276	1873455	99.407	1180
GCA_053819165.1	CM132594.1	1998191	1997012	99.407	1180
GCA_053819165.1	CM132594.1	2145932	2144753	99.407	1180
GCA_053819165.1	CM132594.1	2577675	2578854	99.407	1180
GCA_053819165.1	CM132594.1	2698875	2700054	99.407	1180
GCA_053819165.1	CM132594.1	2708089	2706910	99.407	1180
GCA_053819165.1	CM132594.1	2829099	2827920	99.407	1180
GCA_053819165.1	CM132594.1	3295563	3294384	99.407	1180
GCA_053819165.1	CM132594.1	3394922	3396101	99.407	1180
GCA_053819165.1	CM132594.1	3403253	3402074	99.407	1180
GCA_053819165.1	CM132594.1	3540580	3541759	99.407	1180
GCA_053819165.1	JBSOQT010000002.1	88660	89839	99.407	1180
GCA_053819305.1	CM132595.1	1427540	1426361	100.000	1180
GCA_053819305.1	CM132595.1	1942996	1941817	100.000	1180
GCA_053819305.1	CM132595.1	3147138	3145959	100.000	1180
GCA_053819305.1	CM132595.1	431777	432956	99.407	1180
GCA_053819305.1	CM132595.1	578413	579592	99.407	1180
GCA_053819305.1	CM132595.1	704326	703147	99.407	1180
GCA_053819305.1	CM132595.1	1007614	1006435	99.407	1180
GCA_053819305.1	CM132595.1	1753606	1754785	99.407	1180
GCA_053819305.1	CM132595.1	3193791	3192612	99.407	1180
GCA_053819305.1	CM132595.1	3825104	3826283	99.407	1180
GCA_053819305.1	CM132595.1	3859649	3860828	99.407	1180
GCA_053819305.1	CM132595.1	3878356	3879535	99.407	1180
GCA_053819305.1	JBSOQV010000001.1	94954	93775	99.407	1180
GCA_053819325.1	CM132596.1	40025	41204	100.000	1180
GCA_053819325.1	CM132596.1	1145729	1146908	100.000	1180
GCA_053819325.1	CM132596.1	2489387	2490566	100.000	1180
GCA_053819325.1	CM132596.1	3455578	3456757	100.000	1180
GCA_053819325.1	CM132596.1	820822	819643	99.407	1180
GCA_053819325.1	CM132596.1	1840735	1841914	99.407	1180
GCA_053819325.1	CM132596.1	1974816	1973637	99.407	1180
GCA_053819325.1	CM132596.1	2163848	2165027	99.407	1180
GCA_053819325.1	CM132596.1	2454285	2455464	99.407	1180
GCA_053819325.1	CM132596.1	2644891	2643712	99.407	1180
GCA_053819325.1	CM132596.1	2663598	2662419	99.407	1180
GCA_053819325.1	CM132596.1	3408925	3410104	99.407	1180
GCA_053819325.1	CM132596.1	2558296	2559475	99.322	1180
GCA_053819325.1	JBSOQU010000001.1	94957	93778	99.407	1180
GCA_053819345.1	CM132597.1	1396184	1395005	100.000	1180
GCA_053819345.1	CM132597.1	3652453	3651274	100.000	1180
GCA_053819345.1	CM132597.1	577483	578662	99.407	1180
GCA_053819345.1	CM132597.1	1023400	1024579	99.407	1180
GCA_053819345.1	CM132597.1	1298368	1297189	99.407	1180
GCA_053819345.1	CM132597.1	1432825	1431646	99.407	1180
GCA_053819345.1	CM132597.1	1531078	1532257	99.407	1180
GCA_053819345.1	CM132597.1	2162061	2163240	99.407	1180
GCA_053819345.1	CM132597.1	2248499	2247320	99.407	1180
GCA_053819345.1	CM132597.1	2615752	2616931	99.407	1180
GCA_053819345.1	CM132597.1	2741667	2740488	99.407	1180
GCA_053819345.1	CM132597.1	2889614	2888435	99.407	1180
GCA_053819345.1	CM132597.1	3974336	3975515	99.407	1180
GCA_053819345.1	JBSOQW010000003.1	89120	90299	99.407	1180
GCA_054458955.1	JBTLKC010000033.1	34033	32972	99.623	1062
GCA_054458975.1	JBTLKD010000015.1	34152	32978	98.983	1180
GCA_054458995.1	JBTLKB010000062.1	1	1041	99.616	1041
GCA_055403185.1	JBUZER010000057.1	1016	1	100.000	1016
GCA_055403225.1	JBUZEQ010000062.1	1	1018	100.000	1018
GCA_055403245.1	JBUZEO010000036.1	1	1180	100.000	1180
GCA_055403305.1	JBUZEN010000022.1	1137	1	99.472	1137
GCA_055403365.1	JBUZEM010000026.1	1171	1	99.402	1171
GCA_055403405.1	JBUZEL010000051.1	1137	1	99.472	1137
GCA_055403465.1	JBUZEK010000051.1	1005	13	100.000	993
GCA_055403485.1	JBUZEJ010000060.1	972	1	100.000	972
GCA_055403505.1	JBUZEH010000070.1	1	956	100.000	956
GCA_055403515.1	JBUZEI010000053.1	1	999	100.000	999
GCA_055403605.1	JBUZEE010000083.1	1180	1	100.000	1180
GCA_055403625.1	JBUZED010000065.1	1	1117	100.000	1117
GCA_055403665.1	JBUZEC010000024.1	1	1167	100.000	1167
GCA_055403715.1	JBUZDZ010000054.1	1	1180	100.000	1180
GCA_055404845.1	JBUZBU010000054.1	1180	1	100.000	1180
GCA_055405425.1	JBUZAR010000035.1	1	1164	99.485	1164
GCA_055405505.1	JBUZAN010000038.1	1	1112	99.550	1112
GCA_055405585.1	JBUZAK010000053.1	1180	1	100.000	1180
GCA_055405785.1	JBUYZZ010000060.1	1	956	99.791	956
GCA_055405925.1	JBUYZS010000065.1	1	1180	100.000	1180
GCA_055521135.1	CM145403.1	1	1180	100.000	1180
GCA_055521155.1	JBUCUQ010000113.1	1	1180	100.000	1180
GCA_055521185.1	JBUCUS010000087.1	1097	1	99.544	1097
GCA_055521205.1	JBUCUR010000109.1	1	1110	99.550	1110
GCA_055521235.1	JBUCUT010000086.1	1180	1	100.000	1180
GCA_055521255.1	JBUCUU010000152.1	1	1018	100.000	1018
GCA_055521315.1	JBUCUX010000100.1	1102	1	99.546	1102
GCA_055521335.1	JBUCUY010000104.1	1018	1	100.000	1018
GCA_055521355.1	JBUCUZ010000103.1	1	1124	99.555	1124
GCA_055521375.1	JBUCVA010000084.1	1	1124	99.555	1124
GCA_055521395.1	JBUCVB010000118.1	1018	1	100.000	1018
GCA_055521415.1	JBUCVC010000171.1	1	1018	100.000	1018
GCA_055521435.1	JBUCVD010000101.1	1	1124	99.555	1124
GCA_056175005.1	JBWBZO010000001.1	1180	1	99.746	1180
GCA_056638615.1	JBWVLR010000027.1	3115	4294	99.746	1180
GCA_056638615.1	JBWVLR010000027.1	5345	6524	99.746	1180
GCA_057186615.1	DBNLSN010000059.1	1	1138	99.473	1138
GCA_057205515.1	DBNLZD010000061.1	1	1026	99.610	1026
GCA_058313035.1	JBZEMM010000102.1	1	1180	100.000	1180
GCA_058666895.1	JBZWER010000081.1	1180	1	100.000	1180
GCA_058666915.1	JBZWEQ010000092.1	1180	1	100.000	1180
GCA_058666955.1	JBZWES010000150.1	1	1113	99.551	1113
GCA_058666975.1	JBZWET010000091.1	953	1	99.685	953
GCA_058667035.1	JBZWEU010000075.1	1	1022	99.706	1022
GCA_058667075.1	JBZWEW010000110.1	1	1018	99.804	1018
GCA_058667095.1	JBZWEV010000107.1	1180	1	100.000	1180
GCA_058667155.1	JBZWEX010000085.1	1	1180	100.000	1180
GCA_058667175.1	JBZWEY010000084.1	1054	1	99.620	1054
GCA_058667195.1	JBZWEZ010000082.1	1018	1	100.000	1018
GCA_058672075.1	JBZWFA010000142.1	1	1086	100.000	1086
GCA_058672095.1	JBZWFB010000151.1	1180	1	100.000	1180
GCA_058672115.1	JBZWFC010000110.1	1	892	100.000	892
GCA_058672145.1	JBZWFD010000183.1	1018	1	100.000	1018
GCA_058672235.1	JBZWFE010000133.1	1180	1	100.000	1180
GCA_058672295.1	JBZWFG010000163.1	1124	1	99.555	1124
GCA_058672355.1	JBZWFI010000006.1	82767	81588	100.000	1180
GCA_058672415.1	JBZWFK010000106.1	1	1009	99.802	1009
GCA_058672455.1	JBZWFJ010000082.1	906	1	100.000	906
GCA_058672535.1	JBZWFM010000152.1	1019	2	99.804	1018
GCA_058672575.1	JBZWFN010000138.1	1086	1	100.000	1086
GCA_058672635.1	JBZWFQ010000111.1	1104	1	99.547	1104
GCA_058672675.1	JBZWFR010000080.1	1180	1	100.000	1180
GCA_058672695.1	JBZWFP010000079.1	1119	3	99.642	1117
GCA_058672735.1	JBZWFS010000116.1	1	1180	100.000	1180
GCA_058672755.1	JBZWFU010000086.1	1	1054	99.620	1054
GCA_058672775.1	JBZWFT010000136.1	833	1	99.640	833
GCA_058672875.1	JBZWFV010000076.1	1180	1	100.000	1180
GCA_058672895.1	JBZWFW010000117.1	1180	1	100.000	1180
GCA_058672975.1	JBZWFX010000067.1	1	1014	99.803	1014
GCA_058673035.1	JBZWFY010000088.1	898	1	100.000	898
GCA_058673075.1	JBZWFZ010000100.1	6167	5059	89.820	1110
GCA_058673155.1	JBZWGC010000094.1	1054	1	99.620	1054
GCA_058673275.1	JBZWGE010000078.1	1	1180	100.000	1180
GCA_058673285.1	JBZWGF010000084.1	1180	1	100.000	1180
GCA_058673315.1	JBZWGD010000084.1	1	1017	99.803	1017
GCA_058673385.1	JBZWGG010000101.1	1180	1	100.000	1180
GCA_059041325.1	CM180195.1	198489	197310	100.000	1180
GCA_059041325.1	CM180195.1	277429	276250	100.000	1180
GCA_059041325.1	CM180195.1	292278	293457	100.000	1180
GCA_059041325.1	CM180195.1	857744	858923	100.000	1180
GCA_059041325.1	CM180195.1	989601	988422	100.000	1180
GCA_059041325.1	CM180195.1	1187145	1188324	100.000	1180
GCA_059041325.1	CM180195.1	1889912	1891091	100.000	1180
GCA_059041325.1	CM180195.1	2090962	2089783	100.000	1180
GCA_059041325.1	CM180195.1	2237156	2238335	100.000	1180
GCA_059041325.1	CM180195.1	2246449	2247628	100.000	1180
GCA_059041325.1	CM180195.1	3915695	3916874	100.000	1180
GCA_059041335.1	CM180196.1	198490	197311	100.000	1180
GCA_059041335.1	CM180196.1	277430	276251	100.000	1180
GCA_059041335.1	CM180196.1	292279	293458	100.000	1180
GCA_059041335.1	CM180196.1	857745	858924	100.000	1180
GCA_059041335.1	CM180196.1	989602	988423	100.000	1180
GCA_059041335.1	CM180196.1	1187146	1188325	100.000	1180
GCA_059041335.1	CM180196.1	1889913	1891092	100.000	1180
GCA_059041335.1	CM180196.1	2090963	2089784	100.000	1180
GCA_059041335.1	CM180196.1	2237075	2238254	100.000	1180
GCA_059041335.1	CM180196.1	2246368	2247547	100.000	1180
GCA_059041335.1	CM180196.1	3916704	3917883	100.000	1180
GCA_059041385.1	CM180197.1	198549	197370	100.000	1180
GCA_059041385.1	CM180197.1	277489	276310	100.000	1180
GCA_059041385.1	CM180197.1	292338	293517	100.000	1180
GCA_059041385.1	CM180197.1	988471	987292	100.000	1180
GCA_059041385.1	CM180197.1	2219678	2220857	100.000	1180
GCA_059041385.1	CM180197.1	2228971	2230150	100.000	1180
GCA_059041385.1	CM180197.1	3870010	3871189	100.000	1180
GCA_900519195.1	ULHD01000056.1	1	1180	99.407	1180
