categoria	elemento	valor
carbapenemasa	blaGES-11	1
carbapenemasa	blaIMP-1	2
carbapenemasa	blaIMP-16	1
carbapenemasa	blaKPC	2
carbapenemasa	blaNDM	7
carbapenemasa	blaNDM-1	41
carbapenemasa	blaOXA-143	1
carbapenemasa	blaOXA-23	600
carbapenemasa	blaOXA-231	1
carbapenemasa	blaOXA-58	42
carbapenemasa	blaOXA-72	64
resumen	sin_carbapenemasa	182
resumen	oxa51_copias	1002
resumen	oxa51_genomas	895
mutacion	adeR_A91V	1
mutacion	adeR_P56S	15
mutacion	adeS_G336S	148
mutacion	adeS_H189Y	122
mutacion	adeS_N125K	21
mutacion	adeS_R152K	3
mutacion	ftsI_A515V	46
mutacion	ftsI_T526S	24
mutacion	gyrA_G79C	1
mutacion	gyrA_S81L	844
mutacion	parC_E88K	24
mutacion	parC_S84F	30
mutacion	parC_S84L	697
mutacion	parC_S84W	4
mutacion	pmrA_M12I	1
mutacion	pmrB_A227V	12
mutacion	pmrB_E301G	2
mutacion	pmrB_I164F	1
mutacion	pmrB_P170L	14
mutacion	pmrB_P233S	1
mutacion	pmrB_R231L	1
mutacion	pmrB_T232I	2
