Name	Completeness	Contamination	Completeness_Model_Used	Translation_Table_Used	Coding_Density	Contig_N50	Average_Gene_Length	Genome_Size	GC_Content	Total_Coding_Sequences	Total_Contigs	Max_Contig_Length	Additional_Notes
ERR17057656	100.0	0.2	Neural Network (Specific Model)	11	0.878	267233	309.0624831672502	3919290	0.39	3713	61	592793	None
ERR17057657	100.0	0.09	Neural Network (Specific Model)	11	0.883	867741	319.00736961451247	3818644	0.39	3528	30	1193682	None
ERR17057661	100.0	0.04	Neural Network (Specific Model)	11	0.883	474161	316.13324137931033	3888749	0.39	3625	35	789759	None
ERR17057662	100.0	0.31	Neural Network (Specific Model)	11	0.877	87894	307.07777484840494	3978972	0.39	3793	116	347740	None
ERR17057663	100.0	0.31	Neural Network (Specific Model)	11	0.877	94832	307.38416886543536	3979328	0.39	3790	109	347740	None
ERR17057664	100.0	0.23	Neural Network (Specific Model)	11	0.88	133880	309.76874003189795	3967519	0.39	3762	97	476761	None
ERR17057667	100.0	0.52	Neural Network (Specific Model)	11	0.88	83787	306.47293233082706	4161987	0.39	3990	154	330949	None
ERR17057669	100.0	0.34	Neural Network (Specific Model)	11	0.877	256438	308.80818278427205	3971160	0.39	3764	64	463176	None
ERR17057670	100.0	0.0	Neural Network (Specific Model)	11	0.879	125416	311.17824933687	3998493	0.39	3770	99	293452	None
ERR17057672	100.0	0.32	Neural Network (Specific Model)	11	0.877	2432827	314.9016799779675	3906371	0.39	3631	30	2432827	None
ERR17057674	100.0	0.18	Neural Network (Specific Model)	11	0.878	134270	307.828831238299	3927339	0.39	3739	80	390737	None
ERR17057680	100.0	0.14	Neural Network (Specific Model)	11	0.879	140145	305.44319569997555	4260344	0.39	4093	102	380532	None
ERR17057681	100.0	0.14	Neural Network (Specific Model)	11	0.879	155787	306.1579333986288	4261919	0.39	4084	91	428127	None
ERR17057687	100.0	0.52	Neural Network (Specific Model)	11	0.88	1120227	319.0571041948579	4015267	0.39	3695	31	1255730	None
ERR17057689	100.0	0.23	Neural Network (Specific Model)	11	0.881	141684	309.39957994224204	4010172	0.39	3809	80	474801	None
ERR17057690	100.0	0.23	Neural Network (Specific Model)	11	0.881	128627	309.5635838150289	4009572	0.39	3806	80	445352	None
ERR17057691	100.0	0.23	Neural Network (Specific Model)	11	0.881	141684	308.7678197064989	4009803	0.39	3816	85	283250	None
ERR17057692	100.0	0.23	Neural Network (Specific Model)	11	0.881	141684	309.54571728849186	4009455	0.39	3806	77	283240	None
ERR17057693	100.0	0.12	Neural Network (Specific Model)	11	0.88	241900	308.9961272475795	3804920	0.39	3615	80	654908	None
ERR17057695	100.0	0.09	Neural Network (Specific Model)	11	0.882	511749	317.4335724533716	3759012	0.39	3485	26	1571831	None
ERR17057696	100.0	0.05	Neural Network (Specific Model)	11	0.879	100659	311.2269789983845	3940846	0.39	3714	103	252154	None
ERR17057697	100.0	0.52	Neural Network (Specific Model)	11	0.88	70106	305.69787234042553	4158470	0.39	3995	177	347741	None
ERR17057698	100.0	0.31	Neural Network (Specific Model)	11	0.883	119922	307.76788511749345	4001156	0.39	3830	102	329210	None
ERR17057699	100.0	0.22	Neural Network (Specific Model)	11	0.877	499375	314.1493886230728	4038226	0.39	3762	30	908974	None
ERR17057700	100.0	0.13	Neural Network (Specific Model)	11	0.88	367106	315.3070226349391	3700662	0.39	3446	44	1770666	None
ERR17057702	100.0	0.06	Neural Network (Specific Model)	11	0.869	55778	293.95275	4053257	0.39	4000	201	159549	None
ERR17057704	100.0	0.28	Neural Network (Specific Model)	11	0.881	355713	317.80548696844994	3939411	0.39	3645	45	794882	None
ERR17057705	100.0	0.16	Neural Network (Specific Model)	11	0.877	127288	308.3618320610687	4141970	0.39	3930	96	388019	None
ERR17057708	100.0	0.06	Neural Network (Specific Model)	11	0.88	913613	315.4497980380842	3722853	0.39	3466	32	1093538	None
ERR17057710	100.0	0.31	Neural Network (Specific Model)	11	0.878	99572	307.8840848806366	3961259	0.39	3770	112	347740	None
ERR17057711	100.0	0.05	Neural Network (Specific Model)	11	0.879	112964	311.0115653577192	3943676	0.39	3718	105	335350	None
ERR17057712	100.0	0.05	Neural Network (Specific Model)	11	0.879	112964	310.34388412017165	3946198	0.39	3728	114	335350	None
ERR17057713	100.0	0.05	Neural Network (Specific Model)	11	0.879	112964	310.99784888410863	3943313	0.39	3719	99	335350	None
ERR17057714	100.0	0.2	Neural Network (Specific Model)	11	0.882	468507	317.64394156402176	3767019	0.39	3491	33	939082	None
ERR17057715	100.0	0.5	Neural Network (Specific Model)	11	0.879	388379	310.9981718464351	4061953	0.39	3829	66	1057371	None
ERR17057720	100.0	0.18	Neural Network (Specific Model)	11	0.877	144048	301.4536347290008	4009585	0.39	3893	147	323194	None
ERR17057721	100.0	0.02	Neural Network (Specific Model)	11	0.883	187309	315.8871338311315	3734781	0.39	3482	64	308173	None
ERR17057724	100.0	0.01	Neural Network (Specific Model)	11	0.879	109162	310.7918983320095	4003317	0.39	3777	115	258870	None
ERR17057729	100.0	0.36	Neural Network (Specific Model)	11	0.871	80174	295.59917674298947	3952980	0.39	3887	196	190213	None
ERR17057730	100.0	0.22	Neural Network (Specific Model)	11	0.878	47805	303.48553299492386	4081319	0.39	3940	206	220972	None
ERR17057731	100.0	0.22	Neural Network (Specific Model)	11	0.878	51498	303.64864178725566	4082545	0.39	3939	208	220972	None
ERR17057733	100.0	0.04	Neural Network (Specific Model)	11	0.881	434250	309.76534492123847	3878034	0.39	3682	49	709347	None
ERR17057735	100.0	0.07	Neural Network (Specific Model)	11	0.881	510759	316.9968562446413	3771813	0.39	3499	23	791916	None
ERR17057736	100.0	0.16	Neural Network (Specific Model)	11	0.872	70154	296.7281527995814	3896396	0.39	3822	178	148977	None
ERR17057737	100.0	0.14	Neural Network (Specific Model)	11	0.878	115451	303.7767748231276	4249195	0.39	4099	124	364407	None
ERR17057738	100.0	0.14	Neural Network (Specific Model)	11	0.878	115451	303.8515987307786	4247496	0.39	4097	118	364407	None
ERR17057744	100.0	0.12	Neural Network (Specific Model)	11	0.877	144735	303.9615180467091	3915856	0.39	3768	86	338025	None
ERR4436639	100.0	0.1	Neural Network (Specific Model)	11	0.883	58654	308.6073842953718	4030743	0.39	3846	165	208268	None
ERR4436640	100.0	0.27	Neural Network (Specific Model)	11	0.88	55192	302.5955497382199	3934427	0.39	3820	192	263605	None
ERR4436744	100.0	0.37	Neural Network (Specific Model)	11	0.884	41633	300.2365269461078	4078998	0.39	4008	266	190982	None
ERR5709464	100.0	0.09	Neural Network (Specific Model)	11	0.881	64675	306.7357179619146	4056018	0.39	3886	170	186291	None
ERR5709466	100.0	0.09	Neural Network (Specific Model)	11	0.879	100442	305.23148380617624	4143196	0.39	3983	127	335681	None
ERR5709481	100.0	0.1	Neural Network (Specific Model)	11	0.88	210621	306.9882503192848	4094486	0.39	3915	94	411067	None
SRR35795686	100.0	0.07	Neural Network (Specific Model)	11	0.877	73301	298.25460974993683	4035458	0.39	3959	192	198404	None
SRR37377127	100.0	0.34	Neural Network (Specific Model)	11	0.884	453181	314.60896910035547	3902934	0.39	3657	26	722560	None
SRR37377138	100.0	0.3	Neural Network (Specific Model)	11	0.882	167548	311.0701397712834	4161117	0.39	3935	79	349703	None
SRR37377149	100.0	0.71	Neural Network (Specific Model)	11	0.882	368927	314.79601722282024	3976362	0.39	3716	45	793876	None
SRR37377150	100.0	0.71	Neural Network (Specific Model)	11	0.882	504971	315.16379310344826	3976269	0.39	3712	38	1218453	None
