Assembly	Best match locus	Best match type	Match confidence	Problems	Identity	Coverage	Length discrepancy	Expected genes in locus	Expected genes in locus, details	Missing expected genes	Other genes in locus	Other genes in locus, details	Expected genes outside locus	Expected genes outside locus, details	Other genes outside locus	Other genes outside locus, details	Truncated genes, details	Extra genes, details
ERR17057656	KL22	K3	Typeable		99.97%	100.00%	0 bp	21 / 21 (100.00%)	KL22_01_wzc,100.00%,100.00%;KL22_02_wzb,99.30%,100.00%;KL22_03_wza,100.00%,100.00%;KL22_04_gna3,100.00%,100.00%;KL22_05_dgaA,100.00%,100.00%;KL22_06_dgaB,100.00%,100.00%;KL22_07_dgaC,100.00%,100.00%;KL22_08_wzx_KL3,100.00%,100.00%;KL22_09_atr2,100.00%,100.00%;KL22_10_gtr6,100.00%,100.00%;KL22_11_gtr7,100.00%,100.00%;KL22_12_wzy_KL3,100.00%,100.00%;KL22_13_gtr8,100.00%,100.00%;KL22_14_gtr9,100.00%,100.00%;KL22_15_itrA2,100.00%,100.00%;KL22_16_galU,100.00%,100.00%;KL22_17_ugd,100.00%,100.00%;KL22_18_gpi,100.00%,100.00%;KL22_19_gne1,100.00%,100.00%;KL22_20_pgt1,100.00%,100.00%;KL22_21_pgm,100.00%,100.00%		0		0 / 21 (0.00%)		3	KL114_09_rmlB,90.00%,98.59%;KL232_11_rmlA,92.78%,98.99%;KL85_11_rmlC,93.92%,98.91%		
ERR17057657	KL72	unknown (KL72)	Typeable		99.94%	100.00%	1 bp	22 / 22 (100.00%)	KL72_01_wzc,99.72%,100.00%;KL72_02_wzb,100.00%,100.00%;KL72_03_wza,100.00%,100.00%;KL72_04_gna1,99.76%,100.00%;KL72_05_gne2,100.00%,100.00%;KL72_06_wzx_KL72,100.00%,100.00%;KL72_07_atr23,100.00%,100.00%;KL72_08_wzy_KL72,100.00%,100.00%;KL72_09_gtr21,100.00%,100.00%;KL72_10_gtr22,100.00%,100.00%;KL72_11_fnlA,100.00%,100.00%;KL72_12_fnlB,100.00%,100.00%;KL72_13_fnlC,100.00%,100.00%;KL72_14_gtr20,100.00%,100.00%;KL72_15_qnr3,100.00%,100.00%;KL72_16_itrB2,100.00%,100.00%;KL72_17_itrA3,100.00%,100.00%;KL72_18_galU,100.00%,100.00%;KL72_19_ugd,100.00%,100.00%;KL72_20_gpi,100.00%,100.00%;KL72_21_gne1,100.00%,100.00%;KL72_22_pgm,99.12%,100.00%		0		0 / 22 (0.00%)		0			
ERR17057661	KL183	unknown (KL183)	Typeable		99.64%	100.00%	0 bp	29 / 29 (100.00%)	KL183_01_wzy_KL183,100.00%,100.00%;KL183_02_wzc,100.00%,100.00%;KL183_03_wzb,99.30%,100.00%;KL183_04_wza,99.73%,100.00%;KL183_05_gna2,100.00%,100.00%;KL183_06_lgaA,100.00%,100.00%;KL183_07_lgaB,99.74%,100.00%;KL183_08_lgaC,100.00%,100.00%;KL183_09_lgaD,99.73%,100.00%;KL183_10_lgaE,100.00%,100.00%;KL183_11_lgaF,100.00%,100.00%;KL183_12_elaA2,99.69%,100.00%;KL183_13_elaB,100.00%,100.00%;KL183_14_elaC,100.00%,100.00%;KL183_15_wzx_KL8,99.75%,100.00%;KL183_16_gtr18,99.69%,100.00%;KL183_17_gtr19,99.73%,100.00%;KL183_18_fnlA,100.00%,100.00%;KL183_19_fnlB,99.46%,100.00%;KL183_20_fnlC,100.00%,100.00%;KL183_21_gtr20,99.75%,100.00%;KL183_22_qnr3,98.71%,100.00%;KL183_23_itrB2,98.81%,100.00%;KL183_24_itrA3,100.00%,100.00%;KL183_25_galU,99.31%,100.00%;KL183_26_ugd,99.76%,100.00%;KL183_27_gpi,100.00%,100.00%;KL183_28_gne1,99.11%,100.00%;KL183_29_pgm,97.37%,100.00%		0		0 / 29 (0.00%)		0			
ERR17057662	KL22	K3	Typeable		99.97%	100.00%	0 bp	21 / 21 (100.00%)	KL22_01_wzc,100.00%,100.00%;KL22_02_wzb,99.30%,100.00%;KL22_03_wza,100.00%,100.00%;KL22_04_gna3,100.00%,100.00%;KL22_05_dgaA,100.00%,100.00%;KL22_06_dgaB,100.00%,100.00%;KL22_07_dgaC,100.00%,100.00%;KL22_08_wzx_KL3,100.00%,100.00%;KL22_09_atr2,100.00%,100.00%;KL22_10_gtr6,100.00%,100.00%;KL22_11_gtr7,100.00%,100.00%;KL22_12_wzy_KL3,100.00%,100.00%;KL22_13_gtr8,100.00%,100.00%;KL22_14_gtr9,100.00%,100.00%;KL22_15_itrA2,100.00%,100.00%;KL22_16_galU,100.00%,100.00%;KL22_17_ugd,100.00%,100.00%;KL22_18_gpi,100.00%,100.00%;KL22_19_gne1,100.00%,100.00%;KL22_20_pgt1,100.00%,100.00%;KL22_21_pgm,100.00%,100.00%		0		0 / 21 (0.00%)		0			
ERR17057663	KL22	K3	Typeable		99.97%	100.00%	0 bp	21 / 21 (100.00%)	KL22_01_wzc,100.00%,100.00%;KL22_02_wzb,99.30%,100.00%;KL22_03_wza,100.00%,100.00%;KL22_04_gna3,100.00%,100.00%;KL22_05_dgaA,100.00%,100.00%;KL22_06_dgaB,100.00%,100.00%;KL22_07_dgaC,100.00%,100.00%;KL22_08_wzx_KL3,100.00%,100.00%;KL22_09_atr2,100.00%,100.00%;KL22_10_gtr6,100.00%,100.00%;KL22_11_gtr7,100.00%,100.00%;KL22_12_wzy_KL3,100.00%,100.00%;KL22_13_gtr8,100.00%,100.00%;KL22_14_gtr9,100.00%,100.00%;KL22_15_itrA2,100.00%,100.00%;KL22_16_galU,100.00%,100.00%;KL22_17_ugd,100.00%,100.00%;KL22_18_gpi,100.00%,100.00%;KL22_19_gne1,100.00%,100.00%;KL22_20_pgt1,100.00%,100.00%;KL22_21_pgm,100.00%,100.00%		0		0 / 21 (0.00%)		0			
ERR17057664	KL32	K32	Typeable		98.54%	99.99%	3 bp	19 / 19 (100.00%)	KL32_01_wzc,99.45%,100.00%;KL32_02_wzb,97.89%,100.00%;KL32_03_wza,98.36%,100.00%;KL32_04_gna2,99.06%,100.00%;KL32_05_wzx_KL32,98.10%,100.00%;KL32_06_gtr67,97.69%,100.00%;KL32_07_gtr68,98.37%,100.00%;KL32_08_wzy_KL32,98.08%,100.00%;KL32_09_gtr69,98.05%,100.00%;KL32_10_gtr70,99.22%,100.00%;KL32_11_ugd3,99.23%,100.00%;KL32_12_atr9,99.25%,99.27%;KL32_13_orf_KL32,98.61%,100.00%;KL32_14_itrA2,99.09%,100.00%;KL32_15_galU,98.28%,100.00%;KL32_16_ugd,99.76%,100.00%;KL32_17_gpi,98.92%,100.00%;KL32_18_gne1,95.86%,100.00%;KL32_19_pgm,98.90%,100.00%		0		0 / 19 (0.00%)		0			
ERR17057667	KL9	K9	Typeable		99.90%	100.00%	1 bp	21 / 21 (100.00%)	KL9_01_wzc,97.94%,100.00%;KL9_02_wzb,100.00%,100.00%;KL9_03_wza,100.00%,100.00%;KL9_04_gna1,100.00%,100.00%;KL9_05_gne2,100.00%,100.00%;KL9_06_wzx_KL9,100.00%,100.00%;KL9_07_wzy_KL9,100.00%,100.00%;KL9_08_gtr21,100.00%,100.00%;KL9_09_gtr22,100.00%,100.00%;KL9_10_fnlA,100.00%,100.00%;KL9_11_fnlB,100.00%,100.00%;KL9_12_fnlC,100.00%,100.00%;KL9_13_gtr20,100.00%,100.00%;KL9_14_qnr3,100.00%,100.00%;KL9_15_itrB2,100.00%,100.00%;KL9_16_itrA3,100.00%,100.00%;KL9_17_galU,100.00%,100.00%;KL9_18_ugd,100.00%,100.00%;KL9_19_gpi,100.00%,100.00%;KL9_20_gne1,100.00%,100.00%;KL9_21_pgm,100.00%,100.00%		0		0 / 21 (0.00%)		0			
ERR17057669	KL22	K3	Typeable		99.97%	100.00%	0 bp	21 / 21 (100.00%)	KL22_01_wzc,100.00%,100.00%;KL22_02_wzb,99.30%,100.00%;KL22_03_wza,100.00%,100.00%;KL22_04_gna3,100.00%,100.00%;KL22_05_dgaA,100.00%,100.00%;KL22_06_dgaB,100.00%,100.00%;KL22_07_dgaC,100.00%,100.00%;KL22_08_wzx_KL3,100.00%,100.00%;KL22_09_atr2,100.00%,100.00%;KL22_10_gtr6,100.00%,100.00%;KL22_11_gtr7,100.00%,100.00%;KL22_12_wzy_KL3,100.00%,100.00%;KL22_13_gtr8,100.00%,100.00%;KL22_14_gtr9,100.00%,100.00%;KL22_15_itrA2,100.00%,100.00%;KL22_16_galU,100.00%,100.00%;KL22_17_ugd,100.00%,100.00%;KL22_18_gpi,100.00%,100.00%;KL22_19_gne1,100.00%,100.00%;KL22_20_pgt1,100.00%,100.00%;KL22_21_pgm,100.00%,100.00%		0		0 / 21 (0.00%)		3	KL114_09_rmlB,90.00%,98.59%;KL232_11_rmlA,92.78%,98.99%;KL85_11_rmlC,93.92%,98.91%		
ERR17057670	KL23	unknown (KL23)	Typeable		99.81%	100.01%	3 bp	21 / 21 (100.00%)	KL23_01_wzc,96.01%,100.14%;KL23_02_wzb,100.00%,100.00%;KL23_03_wza,100.00%,100.00%;KL23_04_gna2,100.00%,100.00%;KL23_05_psaA,100.00%,100.00%;KL23_06_psaB,100.00%,100.00%;KL23_07_psaC,100.00%,100.00%;KL23_08_psaD,100.00%,100.00%;KL23_09_psaE,100.00%,100.00%;KL23_10_psaF,100.00%,100.00%;KL23_11_wzx_KL2,100.00%,100.00%;KL23_12_kpsS1,100.00%,100.00%;KL23_13_wzy_KL23,100.00%,100.00%;KL23_14_gtr46,100.00%,100.00%;KL23_15_gtr9,100.00%,100.00%;KL23_16_itrA2,100.00%,100.00%;KL23_17_galU,100.00%,100.00%;KL23_18_ugd,100.00%,100.00%;KL23_19_gpi,100.00%,100.00%;KL23_20_gne1,100.00%,100.00%;KL23_21_pgm,100.00%,100.00%		0		0 / 21 (0.00%)		0			
ERR17057672	KL203	unknown (KL203)	Typeable		98.70%	100.01%	4 bp	21 / 21 (100.00%)	KL203_01_wzc,96.69%,100.14%;KL203_02_wzb,92.96%,100.00%;KL203_03_wza,95.97%,100.00%;KL203_04_gna3,96.98%,100.00%;KL203_05_dgaA,99.05%,100.00%;KL203_06_dgaB,98.44%,100.00%;KL203_07_dgaC,100.00%,100.00%;KL203_08_wzx_KL140,100.00%,100.00%;KL203_09_wzy_KL203,99.79%,100.00%;KL203_10_gtr204,99.72%,100.00%;KL203_11_gtr240,100.00%,100.00%;KL203_12_dmaA3,99.72%,100.00%;KL203_13_gtr206,100.00%,100.00%;KL203_14_fnr2,99.68%,100.00%;KL203_15_itrB1,100.00%,100.00%;KL203_16_atr3,98.86%,100.00%;KL203_17_gdr,99.82%,100.00%;KL203_18_galU,96.60%,100.00%;KL203_19_ugd,99.52%,100.00%;KL203_20_gpi,100.00%,100.00%;KL203_21_pgm,98.90%,100.00%		0		0 / 21 (0.00%)		0			
ERR17057674	KL2	K2	Typeable		99.96%	100.00%	0 bp	22 / 22 (100.00%)	KL2_01_wzc,100.00%,100.00%;KL2_02_wzb,100.00%,100.00%;KL2_03_wza,100.00%,100.00%;KL2_04_gna2,100.00%,100.00%;KL2_05_psaA,99.40%,100.00%;KL2_06_psaB,100.00%,100.00%;KL2_07_psaC,100.00%,100.00%;KL2_08_psaD,100.00%,100.00%;KL2_09_psaE,100.00%,100.00%;KL2_10_psaF,100.00%,100.00%;KL2_11_wzx_KL2,100.00%,100.00%;KL2_12_kpsS1,100.00%,100.00%;KL2_13_wzy_KL2,99.69%,100.00%;KL2_14_gtr3,100.00%,100.00%;KL2_15_gtr4,100.00%,100.00%;KL2_16_gtr5,100.00%,100.00%;KL2_17_itrA2,100.00%,100.00%;KL2_18_galU,100.00%,100.00%;KL2_19_ugd,100.00%,100.00%;KL2_20_gpi,100.00%,100.00%;KL2_21_gne1,100.00%,100.00%;KL2_22_pgm,100.00%,100.00%		0		0 / 22 (0.00%)		3	KL114_09_rmlB,90.00%,98.59%;KL232_11_rmlA,92.78%,98.99%;KL85_11_rmlC,93.92%,98.91%		
ERR17057680	KL134	unknown (KL134)	Typeable		98.75%	99.97%	1 bp	19 / 19 (100.00%)	KL134_01_wzc,100.00%,100.00%;KL134_02_wzb,100.00%,100.00%;KL134_03_wza,100.00%,100.00%;KL134_04_gna2,95.53%,100.00%;KL134_05_wzx_KL14,96.27%,100.00%;KL134_06_gtr32,100.00%,100.00%;KL134_07_wzy_KL14,100.00%,100.00%;KL134_08_gtr138,100.00%,100.00%;KL134_09_wzy_KL67,100.00%,100.00%;KL134_10_gtr139,100.00%,100.00%;KL134_11_gtr25,100.00%,100.00%;KL134_12_gtr5,100.00%,100.00%;KL134_13_itrA2,100.00%,100.00%;KL134_14_galU,97.59%,100.00%;KL134_15_ugd,99.05%,100.00%;KL134_16_gpi,99.46%,100.00%;KL134_17_gne1,99.71%,100.00%;KL134_18_pgt1,89.38%,99.84%;KL134_19_pgm,99.34%,100.00%		0		0 / 19 (0.00%)		0			
ERR17057681	KL134	unknown (KL134)	Typeable		98.75%	99.97%	1 bp	19 / 19 (100.00%)	KL134_01_wzc,100.00%,100.00%;KL134_02_wzb,100.00%,100.00%;KL134_03_wza,100.00%,100.00%;KL134_04_gna2,95.53%,100.00%;KL134_05_wzx_KL14,96.27%,100.00%;KL134_06_gtr32,100.00%,100.00%;KL134_07_wzy_KL14,100.00%,100.00%;KL134_08_gtr138,100.00%,100.00%;KL134_09_wzy_KL67,100.00%,100.00%;KL134_10_gtr139,100.00%,100.00%;KL134_11_gtr25,100.00%,100.00%;KL134_12_gtr5,100.00%,100.00%;KL134_13_itrA2,100.00%,100.00%;KL134_14_galU,97.59%,100.00%;KL134_15_ugd,99.05%,100.00%;KL134_16_gpi,99.46%,100.00%;KL134_17_gne1,99.71%,100.00%;KL134_18_pgt1,89.38%,99.84%;KL134_19_pgm,99.34%,100.00%		0		0 / 19 (0.00%)		0			
ERR17057687	KL120	unknown (KL120)	Typeable		99.55%	100.00%	1 bp	21 / 21 (100.00%)	KL120_01_wzc,96.70%,100.00%;KL120_02_wzb,100.00%,100.00%;KL120_03_wza,100.00%,100.00%;KL120_04_gna2,100.00%,100.00%;KL120_05_psaA,100.00%,100.00%;KL120_06_psaB,100.00%,100.00%;KL120_07_psaC,99.13%,100.00%;KL120_08_psaG,99.72%,100.00%;KL120_09_psaH,100.00%,100.00%;KL120_10_psaF,100.00%,100.00%;KL120_11_wzx_KL5,99.75%,100.00%;KL120_12_gtr94,99.68%,100.00%;KL120_13_wzy_KL5,99.70%,100.00%;KL120_14_gtr14,99.72%,100.00%;KL120_15_gtr15,100.00%,100.00%;KL120_16_itrA2,100.00%,100.00%;KL120_17_galU,98.28%,100.00%;KL120_18_ugd,100.00%,100.00%;KL120_19_gpi,99.10%,100.00%;KL120_20_gne1,100.00%,100.00%;KL120_21_pgm,98.68%,100.00%		0		0 / 21 (0.00%)		0			
ERR17057689	KL32	K32	Typeable		98.54%	99.99%	3 bp	19 / 19 (100.00%)	KL32_01_wzc,99.45%,100.00%;KL32_02_wzb,97.89%,100.00%;KL32_03_wza,98.36%,100.00%;KL32_04_gna2,99.06%,100.00%;KL32_05_wzx_KL32,98.10%,100.00%;KL32_06_gtr67,97.69%,100.00%;KL32_07_gtr68,98.37%,100.00%;KL32_08_wzy_KL32,98.08%,100.00%;KL32_09_gtr69,98.05%,100.00%;KL32_10_gtr70,99.22%,100.00%;KL32_11_ugd3,99.23%,100.00%;KL32_12_atr9,99.25%,99.27%;KL32_13_orf_KL32,98.61%,100.00%;KL32_14_itrA2,99.09%,100.00%;KL32_15_galU,98.28%,100.00%;KL32_16_ugd,99.76%,100.00%;KL32_17_gpi,98.92%,100.00%;KL32_18_gne1,95.86%,100.00%;KL32_19_pgm,98.90%,100.00%		0		0 / 19 (0.00%)		0			
ERR17057690	KL32	K32	Typeable		98.54%	99.99%	3 bp	19 / 19 (100.00%)	KL32_01_wzc,99.45%,100.00%;KL32_02_wzb,97.89%,100.00%;KL32_03_wza,98.36%,100.00%;KL32_04_gna2,99.06%,100.00%;KL32_05_wzx_KL32,98.10%,100.00%;KL32_06_gtr67,97.69%,100.00%;KL32_07_gtr68,98.37%,100.00%;KL32_08_wzy_KL32,98.08%,100.00%;KL32_09_gtr69,98.05%,100.00%;KL32_10_gtr70,99.22%,100.00%;KL32_11_ugd3,99.23%,100.00%;KL32_12_atr9,99.25%,99.27%;KL32_13_orf_KL32,98.61%,100.00%;KL32_14_itrA2,99.09%,100.00%;KL32_15_galU,98.28%,100.00%;KL32_16_ugd,99.76%,100.00%;KL32_17_gpi,98.92%,100.00%;KL32_18_gne1,95.86%,100.00%;KL32_19_pgm,98.90%,100.00%		0		0 / 19 (0.00%)		0			
ERR17057691	KL32	K32	Typeable		98.54%	99.99%	3 bp	19 / 19 (100.00%)	KL32_01_wzc,99.45%,100.00%;KL32_02_wzb,97.89%,100.00%;KL32_03_wza,98.36%,100.00%;KL32_04_gna2,99.06%,100.00%;KL32_05_wzx_KL32,98.10%,100.00%;KL32_06_gtr67,97.69%,100.00%;KL32_07_gtr68,98.37%,100.00%;KL32_08_wzy_KL32,98.08%,100.00%;KL32_09_gtr69,98.05%,100.00%;KL32_10_gtr70,99.22%,100.00%;KL32_11_ugd3,99.23%,100.00%;KL32_12_atr9,99.25%,99.27%;KL32_13_orf_KL32,98.61%,100.00%;KL32_14_itrA2,99.09%,100.00%;KL32_15_galU,98.28%,100.00%;KL32_16_ugd,99.76%,100.00%;KL32_17_gpi,98.92%,100.00%;KL32_18_gne1,95.86%,100.00%;KL32_19_pgm,98.90%,100.00%		0		0 / 19 (0.00%)		0			
ERR17057692	KL32	K32	Typeable		98.54%	99.99%	3 bp	19 / 19 (100.00%)	KL32_01_wzc,99.45%,100.00%;KL32_02_wzb,97.89%,100.00%;KL32_03_wza,98.36%,100.00%;KL32_04_gna2,99.06%,100.00%;KL32_05_wzx_KL32,98.10%,100.00%;KL32_06_gtr67,97.69%,100.00%;KL32_07_gtr68,98.37%,100.00%;KL32_08_wzy_KL32,98.08%,100.00%;KL32_09_gtr69,98.05%,100.00%;KL32_10_gtr70,99.22%,100.00%;KL32_11_ugd3,99.23%,100.00%;KL32_12_atr9,99.25%,99.27%;KL32_13_orf_KL32,98.61%,100.00%;KL32_14_itrA2,99.09%,100.00%;KL32_15_galU,98.28%,100.00%;KL32_16_ugd,99.76%,100.00%;KL32_17_gpi,98.92%,100.00%;KL32_18_gne1,95.86%,100.00%;KL32_19_pgm,98.90%,100.00%		0		0 / 19 (0.00%)		0			
ERR17057693	KL37	K37	Typeable	-+!	98.56%	92.16%	1 bp	16 / 17 (94.12%)	KL37_01_wzc,97.54%,100.00%;KL37_02_wzb,100.00%,100.00%;KL37_03_wza,100.00%,100.00%;KL37_04_gna2,100.00%,100.00%;KL37_05_wzx_KL14,99.77%,100.00%;KL37_06_gtr75,99.68%,100.00%;KL37_07_gtr76,99.08%,97.61%;KL37_08_wzy_KL37,95.31%,99.38%;KL37_10_gtr9,87.50%,37.82%,truncated;KL37_11_itrA2,100.00%,100.00%;KL37_12_galU,98.28%,100.00%;KL37_13_ugd,99.76%,100.00%;KL37_14_gpi,100.00%,100.00%;KL37_15_gne1,100.00%,100.00%;KL37_16_pgt1,100.00%,100.00%;KL37_17_pgm,100.00%,100.00%	KL37_09_gtr77	1	KL116_09_gtr25,97.97%,100.00%	0 / 17 (0.00%)		0		KL37_10_gtr9,87.50%,37.82%,truncated	
ERR17057695	KL126	unknown (KL126)	Typeable	-+!	98.85%	87.23%	738 bp	18 / 21 (85.71%)	KL126_01_wzc,99.72%,100.00%;KL126_02_wzb,100.00%,100.00%;KL126_03_wza,100.00%,100.00%;KL126_04_gna2,100.00%,100.00%;KL126_05_mnaA,100.00%,100.00%;KL126_06_mnaB,99.18%,87.53%,truncated;KL126_10_gnlA,99.30%,100.00%;KL126_11_gnlB,94.54%,100.00%;KL126_12_gtr52,100.00%,100.00%;KL126_13_itrA1,100.00%,100.00%;KL126_14_qhbC,99.54%,100.00%;KL126_15_qhbB,100.00%,100.00%;KL126_16_gdr,100.00%,100.00%;KL126_17_galU,99.62%,100.00%;KL126_18_ugd,98.10%,100.00%;KL126_19_gpi,96.94%,100.00%;KL126_20_gne1,94.38%,100.00%;KL126_21_pgm,98.03%,100.00%	KL126_09_atr28;KL126_08_wzx_KL126;KL126_07_wzy_KL126	1	KL219_09_gtr264,79.58%,91.61%,truncated,below_id_threshold	0 / 21 (0.00%)		0		KL126_06_mnaB,99.18%,87.53%,truncated;KL219_09_gtr264,79.58%,91.61%,truncated,below_id_threshold	
ERR17057696	KL3	K3	Typeable		99.40%	100.00%	0 bp	20 / 20 (100.00%)	KL3_01_wzc,100.00%,100.00%;KL3_02_wzb,100.00%,100.00%;KL3_03_wza,100.00%,100.00%;KL3_04_gna3,99.77%,100.00%;KL3_05_dgaA,100.00%,100.00%;KL3_06_dgaB,100.00%,100.00%;KL3_07_dgaC,99.16%,100.00%;KL3_08_wzx_KL3,99.11%,100.00%;KL3_09_atr2,100.00%,100.00%;KL3_10_gtr6,100.00%,100.00%;KL3_11_gtr7,99.45%,100.00%;KL3_12_wzy_KL3,100.00%,100.00%;KL3_13_gtr8,98.26%,100.00%;KL3_14_gtr9,99.27%,100.00%;KL3_15_itrA2,98.54%,100.00%;KL3_16_galU,96.91%,100.00%;KL3_17_ugd,99.76%,100.00%;KL3_18_gpi,99.28%,100.00%;KL3_19_gne1,99.11%,100.00%;KL3_20_pgm,99.34%,100.00%		0		0 / 20 (0.00%)		0			
ERR17057697	KL9	K9	Typeable		99.90%	100.00%	1 bp	21 / 21 (100.00%)	KL9_01_wzc,97.94%,100.00%;KL9_02_wzb,100.00%,100.00%;KL9_03_wza,100.00%,100.00%;KL9_04_gna1,100.00%,100.00%;KL9_05_gne2,100.00%,100.00%;KL9_06_wzx_KL9,100.00%,100.00%;KL9_07_wzy_KL9,100.00%,100.00%;KL9_08_gtr21,100.00%,100.00%;KL9_09_gtr22,100.00%,100.00%;KL9_10_fnlA,100.00%,100.00%;KL9_11_fnlB,100.00%,100.00%;KL9_12_fnlC,100.00%,100.00%;KL9_13_gtr20,100.00%,100.00%;KL9_14_qnr3,100.00%,100.00%;KL9_15_itrB2,100.00%,100.00%;KL9_16_itrA3,100.00%,100.00%;KL9_17_galU,100.00%,100.00%;KL9_18_ugd,100.00%,100.00%;KL9_19_gpi,100.00%,100.00%;KL9_20_gne1,100.00%,100.00%;KL9_21_pgm,100.00%,100.00%		0		0 / 21 (0.00%)		0			
ERR17057698	KL9	K9	Typeable		98.77%	99.98%	-4 bp	21 / 21 (100.00%)	KL9_01_wzc,95.17%,99.86%;KL9_02_wzb,94.37%,100.00%;KL9_03_wza,96.51%,100.00%;KL9_04_gna1,100.00%,100.00%;KL9_05_gne2,100.00%,100.00%;KL9_06_wzx_KL9,99.76%,100.00%;KL9_07_wzy_KL9,100.00%,100.00%;KL9_08_gtr21,99.74%,100.00%;KL9_09_gtr22,100.00%,100.00%;KL9_10_fnlA,100.00%,100.00%;KL9_11_fnlB,99.73%,100.00%;KL9_12_fnlC,100.00%,100.00%;KL9_13_gtr20,100.00%,100.00%;KL9_14_qnr3,98.39%,100.00%;KL9_15_itrB2,98.81%,100.00%;KL9_16_itrA3,100.00%,100.00%;KL9_17_galU,100.00%,100.00%;KL9_18_ugd,99.52%,100.00%;KL9_19_gpi,97.30%,100.00%;KL9_20_gne1,96.15%,100.00%;KL9_21_pgm,98.68%,100.00%		0		0 / 21 (0.00%)		0			
ERR17057699	KL15	K15	Typeable		99.96%	100.00%	0 bp	22 / 22 (100.00%)	KL15_01_wzc,100.00%,100.00%;KL15_02_wzb,100.00%,100.00%;KL15_03_wza,100.00%,100.00%;KL15_04_gna3,100.00%,100.00%;KL15_05_dgaA,100.00%,100.00%;KL15_06_dgaB,100.00%,100.00%;KL15_07_dgaC,100.00%,100.00%;KL15_08_gtr34,100.00%,100.00%;KL15_09_wzx_KL15,100.00%,100.00%;KL15_10_wzy_KL15,100.00%,100.00%;KL15_11_gtr35,100.00%,100.00%;KL15_12_gtr36,100.00%,100.00%;KL15_13_itrA1,100.00%,100.00%;KL15_14_qhbC,100.00%,100.00%;KL15_15_qhbB,100.00%,100.00%;KL15_16_gdr,100.00%,100.00%;KL15_17_orf_KL15,99.60%,100.00%;KL15_18_galU,100.00%,100.00%;KL15_19_ugd,99.76%,100.00%;KL15_20_gpi,99.82%,100.00%;KL15_21_gne1,100.00%,100.00%;KL15_22_pgm,100.00%,100.00%		0		0 / 22 (0.00%)		0			
ERR17057700	KL20	K20	Typeable		99.98%	100.00%	20 bp	23 / 23 (100.00%)	KL20_01_wzc,100.00%,100.00%;KL20_02_wzb,100.00%,100.00%;KL20_03_wza,100.00%,100.00%;KL20_04_gna2,100.00%,100.00%;KL20_05_wzx_KL20,99.80%,100.00%;KL20_06_ptr2,100.00%,100.00%;KL20_07_gtr42,100.00%,100.00%;KL20_08_wzy_KL20,100.00%,100.00%;KL20_09_gtr43,100.00%,100.00%;KL20_10_ugd2,100.00%,100.00%;KL20_11_gtr44,100.00%,100.00%;KL20_12_itrA1,100.00%,100.00%;KL20_13_qhbA,100.00%,100.00%;KL20_14_qhbB,100.00%,100.00%;KL20_15_gdr,100.00%,100.00%;KL20_16_galU,100.00%,100.00%;KL20_17_ugd,100.00%,100.00%;KL20_18_gpi,100.00%,100.00%;KL20_19_gne1,100.00%,100.00%;KL20_20_pet1,99.79%,100.00%;KL20_21_orf1_KL20,100.00%,100.00%;KL20_22_orf2_KL20,100.00%,100.00%;KL20_23_pgm,100.00%,100.00%		0		0 / 23 (0.00%)		0			
ERR17057702	KL81	K2	Typeable	?3!	99.99%	100.02%	n/a	23 / 23 (100.00%)	KL81_01_wzc,100.00%,100.00%;KL81_02_wzb,100.00%,100.00%;KL81_03_wza,100.00%,100.00%;KL81_04_gna2,100.00%,100.00%;KL81_05_psaA,100.00%,100.00%;KL81_06_psaB,100.00%,100.00%;KL81_07_psaC,100.00%,100.00%;KL81_08_psaD,100.00%,100.00%;KL81_09_psaE,100.00%,100.00%;KL81_10_psaF,100.00%,100.00%;KL81_11_wzx_KL2,100.00%,100.00%;KL81_12_kpsS1,100.00%,100.00%;KL81_13_wzy_KL2,100.00%,100.00%;KL81_14_gtr3,100.00%,100.00%;KL81_15_gtr4,100.00%,100.00%;KL81_16_gtr5,100.00%,100.00%;KL81_17_itrA2,100.00%,100.00%;KL81_18_galU,100.00%,100.00%;KL81_19_ugd,99.76%,100.00%;KL81_20_gpi,100.00%,100.00%;KL81_21_gne1,100.00%,100.00%;KL81_22_pgt1,100.00%,94.62%,truncated;KL81_22_pgt1,100.00%,5.55%,partial;KL81_23_pgm,100.00%,100.00%		0		0 / 23 (0.00%)		3	KL114_09_rmlB,90.00%,98.59%;KL114_11_rmlA,92.83%,98.99%;KL85_11_rmlC,93.92%,98.91%	KL81_22_pgt1,100.00%,94.62%,truncated	
ERR17057704	KL95	K95	Typeable		99.92%	100.00%	0 bp	22 / 22 (100.00%)	KL95_01_wzc,100.00%,100.00%;KL95_02_wzb,100.00%,100.00%;KL95_03_wza,100.00%,100.00%;KL95_04_gna2,100.00%,100.00%;KL95_05_rmlB,100.00%,100.00%;KL95_06_rmlA,100.00%,100.00%;KL95_07_qdtE,100.00%,100.00%;KL95_08_qdtB,100.00%,100.00%;KL95_09_wzx_KL10,100.00%,100.00%;KL95_10_gtr142,100.00%,100.00%;KL95_11_gtr143,100.00%,100.00%;KL95_12_wzy_KL95,100.00%,100.00%;KL95_13_gtr33,100.00%,100.00%;KL95_14_gtr25,100.00%,100.00%;KL95_15_gtr5,100.00%,100.00%;KL95_16_itrA2,100.00%,100.00%;KL95_17_galU,100.00%,100.00%;KL95_18_ugd,100.00%,100.00%;KL95_19_gpi,99.82%,100.00%;KL95_20_gne1,100.00%,100.00%;KL95_21_pgt1,99.84%,100.00%;KL95_22_pgm,98.68%,100.00%		0		0 / 22 (0.00%)		0			
ERR17057705	KL2	K2	Typeable		99.69%	100.00%	-1 bp	22 / 22 (100.00%)	KL2_01_wzc,100.00%,100.00%;KL2_02_wzb,100.00%,100.00%;KL2_03_wza,98.39%,100.00%;KL2_04_gna2,100.00%,100.00%;KL2_05_psaA,99.40%,100.00%;KL2_06_psaB,100.00%,100.00%;KL2_07_psaC,99.57%,100.00%;KL2_08_psaD,100.00%,100.00%;KL2_09_psaE,100.00%,100.00%;KL2_10_psaF,100.00%,100.00%;KL2_11_wzx_KL2,100.00%,100.00%;KL2_12_kpsS1,100.00%,100.00%;KL2_13_wzy_KL2,99.69%,100.00%;KL2_14_gtr3,99.51%,100.00%;KL2_15_gtr4,100.00%,100.00%;KL2_16_gtr5,100.00%,100.00%;KL2_17_itrA2,100.00%,100.00%;KL2_18_galU,100.00%,100.00%;KL2_19_ugd,99.29%,100.00%;KL2_20_gpi,98.92%,100.00%;KL2_21_gne1,99.41%,100.00%;KL2_22_pgm,99.12%,100.00%		0		0 / 22 (0.00%)		3	KL114_09_rmlB,90.00%,98.59%;KL232_11_rmlA,92.78%,98.99%;KL85_11_rmlC,93.92%,98.91%		
ERR17057708	KL23	unknown (KL23)	Typeable		99.81%	100.01%	3 bp	21 / 21 (100.00%)	KL23_01_wzc,96.01%,100.14%;KL23_02_wzb,100.00%,100.00%;KL23_03_wza,100.00%,100.00%;KL23_04_gna2,100.00%,100.00%;KL23_05_psaA,100.00%,100.00%;KL23_06_psaB,100.00%,100.00%;KL23_07_psaC,100.00%,100.00%;KL23_08_psaD,100.00%,100.00%;KL23_09_psaE,100.00%,100.00%;KL23_10_psaF,100.00%,100.00%;KL23_11_wzx_KL2,100.00%,100.00%;KL23_12_kpsS1,100.00%,100.00%;KL23_13_wzy_KL23,100.00%,100.00%;KL23_14_gtr46,100.00%,100.00%;KL23_15_gtr9,100.00%,100.00%;KL23_16_itrA2,100.00%,100.00%;KL23_17_galU,100.00%,100.00%;KL23_18_ugd,100.00%,100.00%;KL23_19_gpi,100.00%,100.00%;KL23_20_gne1,100.00%,100.00%;KL23_21_pgm,100.00%,100.00%		0		0 / 21 (0.00%)		0			
ERR17057710	KL22	K3	Typeable		99.97%	100.00%	0 bp	21 / 21 (100.00%)	KL22_01_wzc,100.00%,100.00%;KL22_02_wzb,99.30%,100.00%;KL22_03_wza,100.00%,100.00%;KL22_04_gna3,100.00%,100.00%;KL22_05_dgaA,100.00%,100.00%;KL22_06_dgaB,100.00%,100.00%;KL22_07_dgaC,100.00%,100.00%;KL22_08_wzx_KL3,100.00%,100.00%;KL22_09_atr2,100.00%,100.00%;KL22_10_gtr6,100.00%,100.00%;KL22_11_gtr7,100.00%,100.00%;KL22_12_wzy_KL3,100.00%,100.00%;KL22_13_gtr8,100.00%,100.00%;KL22_14_gtr9,100.00%,100.00%;KL22_15_itrA2,100.00%,100.00%;KL22_16_galU,100.00%,100.00%;KL22_17_ugd,100.00%,100.00%;KL22_18_gpi,100.00%,100.00%;KL22_19_gne1,100.00%,100.00%;KL22_20_pgt1,100.00%,100.00%;KL22_21_pgm,100.00%,100.00%		0		0 / 21 (0.00%)		0			
ERR17057711	KL3	K3	Typeable		99.40%	100.00%	0 bp	20 / 20 (100.00%)	KL3_01_wzc,100.00%,100.00%;KL3_02_wzb,100.00%,100.00%;KL3_03_wza,100.00%,100.00%;KL3_04_gna3,99.77%,100.00%;KL3_05_dgaA,100.00%,100.00%;KL3_06_dgaB,100.00%,100.00%;KL3_07_dgaC,99.16%,100.00%;KL3_08_wzx_KL3,99.11%,100.00%;KL3_09_atr2,100.00%,100.00%;KL3_10_gtr6,100.00%,100.00%;KL3_11_gtr7,99.45%,100.00%;KL3_12_wzy_KL3,100.00%,100.00%;KL3_13_gtr8,98.26%,100.00%;KL3_14_gtr9,99.27%,100.00%;KL3_15_itrA2,98.54%,100.00%;KL3_16_galU,96.91%,100.00%;KL3_17_ugd,99.76%,100.00%;KL3_18_gpi,99.28%,100.00%;KL3_19_gne1,99.11%,100.00%;KL3_20_pgm,99.34%,100.00%		0		0 / 20 (0.00%)		0			
ERR17057712	KL3	K3	Typeable		99.40%	100.00%	0 bp	20 / 20 (100.00%)	KL3_01_wzc,100.00%,100.00%;KL3_02_wzb,100.00%,100.00%;KL3_03_wza,100.00%,100.00%;KL3_04_gna3,99.77%,100.00%;KL3_05_dgaA,100.00%,100.00%;KL3_06_dgaB,100.00%,100.00%;KL3_07_dgaC,99.16%,100.00%;KL3_08_wzx_KL3,99.11%,100.00%;KL3_09_atr2,100.00%,100.00%;KL3_10_gtr6,100.00%,100.00%;KL3_11_gtr7,99.45%,100.00%;KL3_12_wzy_KL3,100.00%,100.00%;KL3_13_gtr8,98.26%,100.00%;KL3_14_gtr9,99.27%,100.00%;KL3_15_itrA2,98.54%,100.00%;KL3_16_galU,96.91%,100.00%;KL3_17_ugd,99.76%,100.00%;KL3_18_gpi,99.28%,100.00%;KL3_19_gne1,99.11%,100.00%;KL3_20_pgm,99.34%,100.00%		0		0 / 20 (0.00%)		0			
ERR17057713	KL3	K3	Typeable		99.40%	100.00%	0 bp	20 / 20 (100.00%)	KL3_01_wzc,100.00%,100.00%;KL3_02_wzb,100.00%,100.00%;KL3_03_wza,100.00%,100.00%;KL3_04_gna3,99.77%,100.00%;KL3_05_dgaA,100.00%,100.00%;KL3_06_dgaB,100.00%,100.00%;KL3_07_dgaC,99.16%,100.00%;KL3_08_wzx_KL3,99.11%,100.00%;KL3_09_atr2,100.00%,100.00%;KL3_10_gtr6,100.00%,100.00%;KL3_11_gtr7,99.45%,100.00%;KL3_12_wzy_KL3,100.00%,100.00%;KL3_13_gtr8,98.26%,100.00%;KL3_14_gtr9,99.27%,100.00%;KL3_15_itrA2,98.54%,100.00%;KL3_16_galU,96.91%,100.00%;KL3_17_ugd,99.76%,100.00%;KL3_18_gpi,99.28%,100.00%;KL3_19_gne1,99.11%,100.00%;KL3_20_pgm,99.34%,100.00%		0		0 / 20 (0.00%)		0			
ERR17057714	KL15	K15	Typeable		99.98%	100.00%	0 bp	22 / 22 (100.00%)	KL15_01_wzc,100.00%,100.00%;KL15_02_wzb,100.00%,100.00%;KL15_03_wza,100.00%,100.00%;KL15_04_gna3,100.00%,100.00%;KL15_05_dgaA,100.00%,100.00%;KL15_06_dgaB,100.00%,100.00%;KL15_07_dgaC,100.00%,100.00%;KL15_08_gtr34,100.00%,100.00%;KL15_09_wzx_KL15,100.00%,100.00%;KL15_10_wzy_KL15,100.00%,100.00%;KL15_11_gtr35,100.00%,100.00%;KL15_12_gtr36,100.00%,100.00%;KL15_13_itrA1,100.00%,100.00%;KL15_14_qhbC,100.00%,100.00%;KL15_15_qhbB,100.00%,100.00%;KL15_16_gdr,100.00%,100.00%;KL15_17_orf_KL15,99.80%,100.00%;KL15_18_galU,100.00%,100.00%;KL15_19_ugd,100.00%,100.00%;KL15_20_gpi,99.82%,100.00%;KL15_21_gne1,100.00%,100.00%;KL15_22_pgm,100.00%,100.00%		0		0 / 22 (0.00%)		0			
ERR17057715	KL97	unknown (KL97)	Typeable		99.92%	100.00%	0 bp	30 / 30 (100.00%)	KL97_01_wzc,97.80%,100.00%;KL97_02_wzb,100.00%,100.00%;KL97_03_wza,100.00%,100.00%;KL97_04_gna2,100.00%,100.00%;KL97_05_lgaA,100.00%,100.00%;KL97_06_lgaB,100.00%,100.00%;KL97_07_lgaC,100.00%,100.00%;KL97_08_lgaD,100.00%,100.00%;KL97_09_lgaE,100.00%,100.00%;KL97_10_lgaF,100.00%,100.00%;KL97_11_elaA2,100.00%,100.00%;KL97_12_elaB,100.00%,100.00%;KL97_13_elaC,100.00%,100.00%;KL97_14_gtr59,100.00%,100.00%;KL97_15_wzx_KL12,100.00%,100.00%;KL97_16_wzy_KL13,100.00%,100.00%;KL97_17_gtr30,100.00%,100.00%;KL97_18_fnlA,100.00%,100.00%;KL97_19_fnlB,100.00%,100.00%;KL97_20_fnlC,100.00%,100.00%;KL97_21_gtr31,100.00%,100.00%;KL97_22_fnr1,100.00%,100.00%;KL97_23_itrB3,100.00%,100.00%;KL97_24_atr7,100.00%,100.00%;KL97_25_gdr,100.00%,100.00%;KL97_26_galU,100.00%,100.00%;KL97_27_ugd,99.76%,100.00%;KL97_28_gpi,100.00%,100.00%;KL97_29_gne1,100.00%,100.00%;KL97_30_pgm,100.00%,100.00%		0		0 / 30 (0.00%)		3	KL114_09_rmlB,90.00%,98.59%;KL114_11_rmlA,92.83%,98.99%;KL85_11_rmlC,93.92%,98.91%		
ERR17057720	KL2	K2	Typeable		99.94%	100.00%	0 bp	22 / 22 (100.00%)	KL2_01_wzc,100.00%,100.00%;KL2_02_wzb,100.00%,100.00%;KL2_03_wza,100.00%,100.00%;KL2_04_gna2,100.00%,100.00%;KL2_05_psaA,99.40%,100.00%;KL2_06_psaB,100.00%,100.00%;KL2_07_psaC,100.00%,100.00%;KL2_08_psaD,100.00%,100.00%;KL2_09_psaE,100.00%,100.00%;KL2_10_psaF,100.00%,100.00%;KL2_11_wzx_KL2,100.00%,100.00%;KL2_12_kpsS1,100.00%,100.00%;KL2_13_wzy_KL2,99.69%,100.00%;KL2_14_gtr3,99.51%,100.00%;KL2_15_gtr4,100.00%,100.00%;KL2_16_gtr5,100.00%,100.00%;KL2_17_itrA2,100.00%,100.00%;KL2_18_galU,100.00%,100.00%;KL2_19_ugd,100.00%,100.00%;KL2_20_gpi,100.00%,100.00%;KL2_21_gne1,100.00%,100.00%;KL2_22_pgm,100.00%,100.00%		0		0 / 22 (0.00%)		3	KL114_09_rmlB,90.00%,98.59%;KL232_11_rmlA,92.78%,98.99%;KL85_11_rmlC,93.92%,98.91%		
ERR17057721	KL121	unknown (KL121)	Typeable		99.28%	100.00%	0 bp	21 / 21 (100.00%)	KL121_01_wzc,96.84%,100.00%;KL121_02_wzb,100.00%,100.00%;KL121_03_wza,99.73%,100.00%;KL121_04_gna2,99.76%,100.00%;KL121_05_psaA,99.40%,100.00%;KL121_06_psaB,98.45%,100.00%;KL121_07_psaC,99.57%,100.00%;KL121_08_psaD,96.16%,100.00%;KL121_09_psaE,99.42%,100.00%;KL121_10_psaF,99.71%,100.00%;KL121_11_wzx_KL121,100.00%,100.00%;KL121_12_kpsS3,100.00%,100.00%;KL121_13_wzy_KL5,100.00%,100.00%;KL121_14_gtr14,98.32%,100.00%;KL121_15_gtr15,99.72%,100.00%;KL121_16_itrA2,100.00%,100.00%;KL121_17_galU,97.94%,100.00%;KL121_18_ugd,99.76%,100.00%;KL121_19_gpi,100.00%,100.00%;KL121_20_gne1,100.00%,100.00%;KL121_21_pgm,100.00%,100.00%		0		0 / 21 (0.00%)		0			
ERR17057724	KL23	unknown (KL23)	Typeable		99.81%	100.01%	3 bp	21 / 21 (100.00%)	KL23_01_wzc,96.01%,100.14%;KL23_02_wzb,100.00%,100.00%;KL23_03_wza,100.00%,100.00%;KL23_04_gna2,100.00%,100.00%;KL23_05_psaA,100.00%,100.00%;KL23_06_psaB,100.00%,100.00%;KL23_07_psaC,100.00%,100.00%;KL23_08_psaD,100.00%,100.00%;KL23_09_psaE,100.00%,100.00%;KL23_10_psaF,100.00%,100.00%;KL23_11_wzx_KL2,100.00%,100.00%;KL23_12_kpsS1,100.00%,100.00%;KL23_13_wzy_KL23,100.00%,100.00%;KL23_14_gtr46,100.00%,100.00%;KL23_15_gtr9,100.00%,100.00%;KL23_16_itrA2,100.00%,100.00%;KL23_17_galU,100.00%,100.00%;KL23_18_ugd,100.00%,100.00%;KL23_19_gpi,100.00%,100.00%;KL23_20_gne1,100.00%,100.00%;KL23_21_pgm,100.00%,100.00%		0		0 / 21 (0.00%)		0			
ERR17057729	KL48	K48	Typeable		98.67%	99.99%	-2 bp	17 / 17 (100.00%)	KL48_01_wzc,95.08%,99.86%;KL48_02_wzb,95.07%,100.00%;KL48_03_wza,96.84%,100.00%;KL48_04_gna2,99.76%,100.00%;KL48_05_wzx_KL30,100.00%,100.00%;KL48_06_gtr95,100.00%,100.00%;KL48_07_gtr97,100.00%,100.00%;KL48_08_wzy_KL48,100.00%,100.00%;KL48_09_gtr98,99.73%,100.00%;KL48_10_gtr99,100.00%,100.00%;KL48_11_itrA3,100.00%,100.00%;KL48_12_galU,96.91%,100.00%;KL48_13_ugd,99.29%,100.00%;KL48_14_gpi,97.12%,100.00%;KL48_15_gne1,99.41%,100.00%;KL48_16_pgt1,98.86%,100.00%;KL48_17_pgm,99.34%,100.00%		0		0 / 17 (0.00%)		1	KL174_13_gtr244,100.00%,4.05%		
ERR17057730	KL151	unknown (KL151)	Typeable		100.00%	100.00%	0 bp	20 / 20 (100.00%)	KL151_01_wzc,100.00%,100.00%;KL151_02_wzb,100.00%,100.00%;KL151_03_wza,100.00%,100.00%;KL151_04_gna2,100.00%,100.00%;KL151_05_wzx_KL20,100.00%,100.00%;KL151_06_ptr2,100.00%,100.00%;KL151_07_gtr207,100.00%,100.00%;KL151_08_wzy_KL151,100.00%,100.00%;KL151_09_gtr208,100.00%,100.00%;KL151_10_gtr179,100.00%,100.00%;KL151_11_ugd5,100.00%,100.00%;KL151_12_itrA2,100.00%,100.00%;KL151_13_galU,100.00%,100.00%;KL151_14_ugd,100.00%,100.00%;KL151_15_gpi,100.00%,100.00%;KL151_16_gne1,100.00%,100.00%;KL151_17_orf_KL82,100.00%,100.00%;KL151_18_atr32,100.00%,100.00%;KL151_19_atr33,100.00%,100.00%;KL151_20_pgm,100.00%,100.00%		0		0 / 20 (0.00%)		0			
ERR17057731	KL151	unknown (KL151)	Typeable		100.00%	100.00%	0 bp	20 / 20 (100.00%)	KL151_01_wzc,100.00%,100.00%;KL151_02_wzb,100.00%,100.00%;KL151_03_wza,100.00%,100.00%;KL151_04_gna2,100.00%,100.00%;KL151_05_wzx_KL20,100.00%,100.00%;KL151_06_ptr2,100.00%,100.00%;KL151_07_gtr207,100.00%,100.00%;KL151_08_wzy_KL151,100.00%,100.00%;KL151_09_gtr208,100.00%,100.00%;KL151_10_gtr179,100.00%,100.00%;KL151_11_ugd5,100.00%,100.00%;KL151_12_itrA2,100.00%,100.00%;KL151_13_galU,100.00%,100.00%;KL151_14_ugd,100.00%,100.00%;KL151_15_gpi,100.00%,100.00%;KL151_16_gne1,100.00%,100.00%;KL151_17_orf_KL82,100.00%,100.00%;KL151_18_atr32,100.00%,100.00%;KL151_19_atr33,100.00%,100.00%;KL151_20_pgm,100.00%,100.00%		0		0 / 20 (0.00%)		0			
ERR17057733	KL33	K33	Typeable		99.36%	100.01%	3 bp	20 / 20 (100.00%)	KL33_01_wzc,96.56%,100.14%;KL33_02_wzb,98.59%,100.00%;KL33_03_wza,98.92%,100.00%;KL33_04_gna2,99.76%,100.00%;KL33_05_psaA,100.00%,100.00%;KL33_06_psaB,100.00%,100.00%;KL33_07_psaC,99.57%,100.00%;KL33_08_psaD,99.18%,100.00%;KL33_09_psaE,100.00%,100.00%;KL33_10_psaF,100.00%,100.00%;KL33_11_wzx_KL33,100.00%,100.00%;KL33_12_kpsS2,100.00%,100.00%;KL33_13_wzy_KL33,99.78%,100.00%;KL33_14_gtr5,99.64%,100.00%;KL33_15_itrA2,99.51%,100.00%;KL33_16_galU,98.63%,100.00%;KL33_17_ugd,99.76%,100.00%;KL33_18_gpi,99.28%,100.00%;KL33_19_gne1,99.11%,100.00%;KL33_20_pgm,98.90%,100.00%		0		0 / 20 (0.00%)		0			
ERR17057735	KL23	unknown (KL23)	Typeable		99.81%	100.01%	3 bp	21 / 21 (100.00%)	KL23_01_wzc,96.01%,100.14%;KL23_02_wzb,100.00%,100.00%;KL23_03_wza,100.00%,100.00%;KL23_04_gna2,100.00%,100.00%;KL23_05_psaA,100.00%,100.00%;KL23_06_psaB,100.00%,100.00%;KL23_07_psaC,100.00%,100.00%;KL23_08_psaD,100.00%,100.00%;KL23_09_psaE,100.00%,100.00%;KL23_10_psaF,100.00%,100.00%;KL23_11_wzx_KL2,100.00%,100.00%;KL23_12_kpsS1,100.00%,100.00%;KL23_13_wzy_KL23,100.00%,100.00%;KL23_14_gtr46,100.00%,100.00%;KL23_15_gtr9,100.00%,100.00%;KL23_16_itrA2,100.00%,100.00%;KL23_17_galU,100.00%,100.00%;KL23_18_ugd,100.00%,100.00%;KL23_19_gpi,100.00%,100.00%;KL23_20_gne1,100.00%,100.00%;KL23_21_pgm,100.00%,100.00%		0		0 / 21 (0.00%)		0			
ERR17057736	KL48	K48	Typeable		98.52%	99.96%	-2 bp	17 / 17 (100.00%)	KL48_01_wzc,96.17%,99.86%;KL48_02_wzb,96.48%,100.00%;KL48_03_wza,98.68%,100.00%;KL48_04_gna2,96.47%,100.00%;KL48_05_wzx_KL30,100.00%,100.00%;KL48_06_gtr95,100.00%,100.00%;KL48_07_gtr97,100.00%,100.00%;KL48_08_wzy_KL48,100.00%,100.00%;KL48_09_gtr98,100.00%,100.00%;KL48_10_gtr99,100.00%,100.00%;KL48_11_itrA3,100.00%,100.00%;KL48_12_galU,96.91%,100.00%;KL48_13_ugd,99.29%,100.00%;KL48_14_gpi,97.30%,100.00%;KL48_15_gne1,99.12%,100.00%;KL48_16_pgt1,95.75%,99.84%;KL48_17_pgm,98.68%,100.00%		0		0 / 17 (0.00%)		0			
ERR17057737	KL121	unknown (KL121)	Typeable		99.20%	100.00%	0 bp	21 / 21 (100.00%)	KL121_01_wzc,96.70%,100.00%;KL121_02_wzb,100.00%,100.00%;KL121_03_wza,99.73%,100.00%;KL121_04_gna2,99.76%,100.00%;KL121_05_psaA,99.10%,100.00%;KL121_06_psaB,98.70%,100.00%;KL121_07_psaC,98.70%,100.00%;KL121_08_psaD,96.16%,100.00%;KL121_09_psaE,99.42%,100.00%;KL121_10_psaF,100.00%,100.00%;KL121_11_wzx_KL121,100.00%,100.00%;KL121_12_kpsS3,100.00%,100.00%;KL121_13_wzy_KL5,100.00%,100.00%;KL121_14_gtr14,98.04%,100.00%;KL121_15_gtr15,100.00%,100.00%;KL121_16_itrA2,100.00%,100.00%;KL121_17_galU,98.63%,100.00%;KL121_18_ugd,99.52%,100.00%;KL121_19_gpi,99.82%,100.00%;KL121_20_gne1,100.00%,100.00%;KL121_21_pgm,98.90%,100.00%		0		0 / 21 (0.00%)		3	KL114_09_rmlB,90.00%,98.59%;KL114_11_rmlA,92.83%,98.99%;KL85_11_rmlC,93.92%,98.91%		
ERR17057738	KL121	unknown (KL121)	Typeable		99.20%	100.00%	0 bp	21 / 21 (100.00%)	KL121_01_wzc,96.70%,100.00%;KL121_02_wzb,100.00%,100.00%;KL121_03_wza,99.73%,100.00%;KL121_04_gna2,99.76%,100.00%;KL121_05_psaA,99.10%,100.00%;KL121_06_psaB,98.70%,100.00%;KL121_07_psaC,98.70%,100.00%;KL121_08_psaD,96.16%,100.00%;KL121_09_psaE,99.42%,100.00%;KL121_10_psaF,100.00%,100.00%;KL121_11_wzx_KL121,100.00%,100.00%;KL121_12_kpsS3,100.00%,100.00%;KL121_13_wzy_KL5,100.00%,100.00%;KL121_14_gtr14,98.04%,100.00%;KL121_15_gtr15,100.00%,100.00%;KL121_16_itrA2,100.00%,100.00%;KL121_17_galU,98.63%,100.00%;KL121_18_ugd,99.52%,100.00%;KL121_19_gpi,99.82%,100.00%;KL121_20_gne1,100.00%,100.00%;KL121_21_pgm,98.90%,100.00%		0		0 / 21 (0.00%)		3	KL114_09_rmlB,90.00%,98.59%;KL114_11_rmlA,92.83%,98.99%;KL85_11_rmlC,93.92%,98.91%		
ERR17057744	KL145	unknown (KL145)	Typeable	-!	98.20%	95.13%	118 bp	21 / 22 (95.45%)	KL145_01_wzc,96.44%,100.00%;KL145_02_wzb,96.48%,100.00%;KL145_03_wza,97.09%,100.00%;KL145_04_gna2,96.71%,100.00%;KL145_05_rmlB,95.84%,100.00%;KL145_06_rmlD,99.01%,100.00%;KL145_07_rmlA,97.96%,100.00%;KL145_08_rmlC,100.00%,100.00%;KL145_09_wzx_KL145,96.03%,94.60%,truncated;KL145_11_gtr222,100.00%,100.00%;KL145_12_gtr223,100.00%,100.00%;KL145_13_gtr224,100.00%,100.00%;KL145_14_gtr166,100.00%,100.00%;KL145_15_itrA4,100.00%,100.00%;KL145_16_wzi_KL,100.00%,100.00%;KL145_17_galU,100.00%,100.00%;KL145_18_ugd,98.10%,100.00%;KL145_19_gpi,96.77%,100.00%;KL145_20_gne1,99.71%,100.00%;KL145_21_pgt1,92.50%,100.00%;KL145_22_pgm,99.56%,100.00%	KL145_10_wzy_KL145	0		0 / 22 (0.00%)		0		KL145_09_wzx_KL145,96.03%,94.60%,truncated	
ERR4436639	KL81	K2	Typeable	?3	99.22%	99.29%	n/a	23 / 23 (100.00%)	KL81_01_wzc,99.31%,100.00%;KL81_02_wzb,95.77%,100.00%;KL81_03_wza,98.63%,100.00%;KL81_04_gna2,98.58%,100.00%;KL81_05_psaA,99.70%,100.00%;KL81_06_psaB,98.70%,100.00%;KL81_07_psaC,97.83%,100.00%;KL81_08_psaD,98.63%,100.00%;KL81_09_psaE,99.42%,100.00%;KL81_10_psaF,100.00%,100.00%;KL81_11_wzx_KL2,100.00%,100.00%;KL81_12_kpsS1,100.00%,47.92%,partial;KL81_12_kpsS1,99.47%,39.17%,partial;KL81_13_wzy_KL2,98.81%,77.30%,partial;KL81_13_wzy_KL2,100.00%,23.31%,partial;KL81_14_gtr3,99.01%,100.00%;KL81_15_gtr4,100.00%,100.00%;KL81_16_gtr5,100.00%,100.00%;KL81_17_itrA2,99.51%,100.00%;KL81_18_galU,99.31%,100.00%;KL81_19_ugd,99.52%,100.00%;KL81_20_gpi,99.10%,100.00%;KL81_21_gne1,99.71%,100.00%;KL81_22_pgt1,99.84%,100.00%;KL81_23_pgm,99.56%,100.00%		0		0 / 23 (0.00%)		0			
ERR4436640	KL22	K3	Typeable	?4	99.89%	99.26%	n/a	21 / 21 (100.00%)	KL22_01_wzc,100.00%,100.00%;KL22_02_wzb,99.30%,100.00%;KL22_03_wza,100.00%,100.00%;KL22_04_gna3,100.00%,100.00%;KL22_05_dgaA,100.00%,100.00%;KL22_06_dgaB,100.00%,100.00%;KL22_07_dgaC,100.00%,100.00%;KL22_08_wzx_KL3,100.00%,100.00%;KL22_09_atr2,100.00%,100.00%;KL22_10_gtr6,98.53%,87.60%,partial;KL22_11_gtr7,100.00%,100.00%;KL22_12_wzy_KL3,100.00%,88.73%,partial;KL22_12_wzy_KL3,100.00%,8.38%,partial;KL22_13_gtr8,100.00%,100.00%;KL22_14_gtr9,100.00%,100.00%;KL22_15_itrA2,100.00%,100.00%;KL22_16_galU,100.00%,100.00%;KL22_17_ugd,100.00%,100.00%;KL22_18_gpi,100.00%,100.00%;KL22_19_gne1,100.00%,100.00%;KL22_20_pgt1,99.84%,100.00%;KL22_21_pgm,100.00%,100.00%		0		0 / 21 (0.00%)		0			
ERR4436744	KL151	unknown (KL151)	Typeable	?7	99.33%	95.78%	n/a	20 / 20 (100.00%)	KL151_01_wzc,100.00%,100.00%;KL151_02_wzb,100.00%,100.00%;KL151_03_wza,100.00%,100.00%;KL151_04_gna2,100.00%,100.00%;KL151_05_wzx_KL20,100.00%,93.69%,partial;KL151_05_wzx_KL20,100.00%,6.31%,partial;KL151_06_ptr2,100.00%,100.00%;KL151_07_gtr207,100.00%,68.94%,partial;KL151_07_gtr207,99.06%,32.92%,partial;KL151_08_wzy_KL151,100.00%,100.00%;KL151_09_gtr208,96.20%,51.53%,partial;KL151_09_gtr208,95.88%,47.35%,partial;KL151_10_gtr179,100.00%,100.00%;KL151_11_ugd5,100.00%,86.48%,partial;KL151_11_ugd5,93.75%,12.24%,partial;KL151_12_itrA2,100.00%,100.00%;KL151_13_galU,100.00%,100.00%;KL151_14_ugd,100.00%,100.00%;KL151_15_gpi,100.00%,100.00%;KL151_16_gne1,100.00%,100.00%;KL151_17_orf_KL82,98.37%,86.93%,partial;KL151_17_orf_KL82,100.00%,13.07%,partial;KL151_18_atr32,100.00%,100.00%;KL151_19_atr33,100.00%,12.32%,partial;KL151_20_pgm,100.00%,100.00%		0		0 / 20 (0.00%)		0			
ERR5709464	KL9	K9	Typeable	?3-	99.33%	92.62%	n/a	20 / 21 (95.24%)	KL9_01_wzc,99.73%,100.00%;KL9_02_wzb,99.30%,100.00%;KL9_03_wza,100.00%,100.00%;KL9_04_gna1,100.00%,100.00%;KL9_05_gne2,100.00%,100.00%;KL9_06_wzx_KL9,99.74%,93.72%,partial;KL9_08_gtr21,100.00%,41.84%,partial;KL9_09_gtr22,100.00%,100.00%;KL9_10_fnlA,100.00%,100.00%;KL9_11_fnlB,99.73%,100.00%;KL9_12_fnlC,100.00%,100.00%;KL9_13_gtr20,100.00%,100.00%;KL9_14_qnr3,98.07%,100.00%;KL9_15_itrB2,98.78%,97.62%,partial;KL9_16_itrA3,100.00%,100.00%;KL9_17_galU,100.00%,100.00%;KL9_18_ugd,99.52%,100.00%;KL9_19_gpi,97.30%,100.00%;KL9_20_gne1,96.15%,100.00%;KL9_21_pgm,98.25%,100.00%	KL9_07_wzy_KL9	0		0 / 21 (0.00%)		0			
ERR5709466	KL9	K9	Typeable	?3	99.39%	99.43%	n/a	21 / 21 (100.00%)	KL9_01_wzc,99.73%,100.00%;KL9_02_wzb,99.30%,100.00%;KL9_03_wza,100.00%,100.00%;KL9_04_gna1,100.00%,100.00%;KL9_05_gne2,100.00%,100.00%;KL9_06_wzx_KL9,99.74%,94.69%,partial;KL9_07_wzy_KL9,100.00%,100.00%;KL9_08_gtr21,99.74%,100.00%;KL9_09_gtr22,100.00%,62.28%,partial;KL9_09_gtr22,100.00%,30.45%,partial;KL9_10_fnlA,100.00%,100.00%;KL9_11_fnlB,99.73%,100.00%;KL9_12_fnlC,100.00%,100.00%;KL9_13_gtr20,100.00%,100.00%;KL9_14_qnr3,98.39%,100.00%;KL9_15_itrB2,98.81%,100.00%;KL9_16_itrA3,100.00%,100.00%;KL9_17_galU,100.00%,100.00%;KL9_18_ugd,99.52%,100.00%;KL9_19_gpi,97.30%,100.00%;KL9_20_gne1,96.15%,100.00%;KL9_21_pgm,98.25%,100.00%		0		0 / 21 (0.00%)		0			
ERR5709481	KL9	K9	Typeable		99.37%	100.00%	0 bp	21 / 21 (100.00%)	KL9_01_wzc,99.73%,100.00%;KL9_02_wzb,99.30%,100.00%;KL9_03_wza,100.00%,100.00%;KL9_04_gna1,100.00%,100.00%;KL9_05_gne2,100.00%,100.00%;KL9_06_wzx_KL9,99.76%,100.00%;KL9_07_wzy_KL9,100.00%,100.00%;KL9_08_gtr21,99.74%,100.00%;KL9_09_gtr22,100.00%,100.00%;KL9_10_fnlA,100.00%,100.00%;KL9_11_fnlB,99.73%,100.00%;KL9_12_fnlC,100.00%,100.00%;KL9_13_gtr20,100.00%,100.00%;KL9_14_qnr3,98.39%,100.00%;KL9_15_itrB2,98.81%,100.00%;KL9_16_itrA3,100.00%,100.00%;KL9_17_galU,100.00%,100.00%;KL9_18_ugd,99.52%,100.00%;KL9_19_gpi,97.30%,100.00%;KL9_20_gne1,96.15%,100.00%;KL9_21_pgm,98.25%,100.00%		0		0 / 21 (0.00%)		0			
SRR35795686	KL54	K54	Typeable		99.26%	100.01%	2 bp	27 / 27 (100.00%)	KL54_01_wzc,99.17%,100.00%;KL54_02_wzb,100.00%,100.00%;KL54_03_wza,100.00%,100.00%;KL54_04_gna2,99.76%,100.00%;KL54_05_lgaA,100.00%,100.00%;KL54_06_lgaB,99.49%,100.00%;KL54_07_lgaC,98.49%,100.00%;KL54_08_lgaD,99.74%,100.00%;KL54_09_lgaE,100.00%,100.00%;KL54_10_lgaF,97.44%,100.28%;KL54_11_lgaG,91.98%,100.00%;KL54_12_wzx_KL8,100.00%,100.00%;KL54_13_gtr109,99.38%,100.00%;KL54_14_wzy_KL54,99.50%,100.00%;KL54_15_gtr19,99.74%,100.00%;KL54_16_fnlA,99.71%,100.00%;KL54_17_fnlB,99.48%,100.00%;KL54_18_fnlC,99.47%,100.00%;KL54_19_gtr20,100.00%,100.00%;KL54_20_qnr3,99.07%,100.00%;KL54_21_itrB2,99.11%,100.00%;KL54_22_itrA3,100.00%,100.00%;KL54_23_galU,99.31%,100.00%;KL54_24_ugd,100.00%,100.00%;KL54_25_gpi,100.00%,100.00%;KL54_26_gne1,99.41%,100.00%;KL54_27_pgm,99.78%,100.00%		0		0 / 27 (0.00%)		3	KL114_09_rmlB,90.00%,98.59%;KL114_11_rmlA,92.83%,98.99%;KL85_11_rmlC,93.92%,98.91%		
SRR37377127	KL6	K6	Typeable		99.15%	100.00%	2 bp	21 / 21 (100.00%)	KL6_01_wzc,99.86%,100.00%;KL6_02_wzb,100.00%,100.00%;KL6_03_wza,100.00%,100.00%;KL6_04_gna2,99.76%,100.00%;KL6_05_psaA,99.40%,100.00%;KL6_06_psaB,99.48%,100.00%;KL6_07_psaC,100.00%,100.00%;KL6_08_psaD,99.18%,100.00%;KL6_09_psaE,97.66%,100.00%;KL6_10_psaF,99.43%,100.00%;KL6_11_wzx_KL5,99.00%,100.00%;KL6_12_gtr16,100.00%,100.00%;KL6_13_wzy_KL6,99.31%,100.00%;KL6_14_gtr17,98.52%,100.00%;KL6_15_gtr5,99.64%,100.00%;KL6_16_itrA2,98.54%,100.00%;KL6_17_galU,96.91%,100.00%;KL6_18_ugd,98.81%,100.00%;KL6_19_gpi,98.92%,100.00%;KL6_20_gne1,98.82%,100.00%;KL6_21_pgm,98.90%,100.00%		0		0 / 21 (0.00%)		0			
SRR37377138	KL6	K6	Typeable		99.15%	100.00%	2 bp	21 / 21 (100.00%)	KL6_01_wzc,99.86%,100.00%;KL6_02_wzb,100.00%,100.00%;KL6_03_wza,100.00%,100.00%;KL6_04_gna2,99.76%,100.00%;KL6_05_psaA,99.40%,100.00%;KL6_06_psaB,99.48%,100.00%;KL6_07_psaC,100.00%,100.00%;KL6_08_psaD,99.18%,100.00%;KL6_09_psaE,97.66%,100.00%;KL6_10_psaF,99.43%,100.00%;KL6_11_wzx_KL5,99.00%,100.00%;KL6_12_gtr16,100.00%,100.00%;KL6_13_wzy_KL6,99.31%,100.00%;KL6_14_gtr17,98.52%,100.00%;KL6_15_gtr5,99.64%,100.00%;KL6_16_itrA2,98.54%,100.00%;KL6_17_galU,96.91%,100.00%;KL6_18_ugd,98.81%,100.00%;KL6_19_gpi,98.92%,100.00%;KL6_20_gne1,98.82%,100.00%;KL6_21_pgm,98.90%,100.00%		0		0 / 21 (0.00%)		0			
SRR37377149	KL6	K6	Typeable		99.15%	100.00%	2 bp	21 / 21 (100.00%)	KL6_01_wzc,99.86%,100.00%;KL6_02_wzb,100.00%,100.00%;KL6_03_wza,100.00%,100.00%;KL6_04_gna2,99.76%,100.00%;KL6_05_psaA,99.40%,100.00%;KL6_06_psaB,99.48%,100.00%;KL6_07_psaC,100.00%,100.00%;KL6_08_psaD,99.18%,100.00%;KL6_09_psaE,97.66%,100.00%;KL6_10_psaF,99.43%,100.00%;KL6_11_wzx_KL5,99.00%,100.00%;KL6_12_gtr16,100.00%,100.00%;KL6_13_wzy_KL6,99.31%,100.00%;KL6_14_gtr17,98.52%,100.00%;KL6_15_gtr5,99.64%,100.00%;KL6_16_itrA2,98.54%,100.00%;KL6_17_galU,96.91%,100.00%;KL6_18_ugd,98.81%,100.00%;KL6_19_gpi,98.92%,100.00%;KL6_20_gne1,98.82%,100.00%;KL6_21_pgm,98.90%,100.00%		0		0 / 21 (0.00%)		0			
SRR37377150	KL6	K6	Typeable		99.15%	100.00%	2 bp	21 / 21 (100.00%)	KL6_01_wzc,99.86%,100.00%;KL6_02_wzb,100.00%,100.00%;KL6_03_wza,100.00%,100.00%;KL6_04_gna2,99.76%,100.00%;KL6_05_psaA,99.40%,100.00%;KL6_06_psaB,99.48%,100.00%;KL6_07_psaC,100.00%,100.00%;KL6_08_psaD,99.18%,100.00%;KL6_09_psaE,97.66%,100.00%;KL6_10_psaF,99.43%,100.00%;KL6_11_wzx_KL5,99.00%,100.00%;KL6_12_gtr16,100.00%,100.00%;KL6_13_wzy_KL6,99.31%,100.00%;KL6_14_gtr17,98.52%,100.00%;KL6_15_gtr5,99.64%,100.00%;KL6_16_itrA2,98.54%,100.00%;KL6_17_galU,96.91%,100.00%;KL6_18_ugd,98.81%,100.00%;KL6_19_gpi,98.92%,100.00%;KL6_20_gne1,98.82%,100.00%;KL6_21_pgm,98.90%,100.00%		0		0 / 21 (0.00%)		0			
