ID	pais	anio	ST	KL	bioproject	portador_oxa72
ERR17057656	Colombia	2020	ST-	KL22	PRJEB107069	no
ERR17057657	Colombia	2020	ST1190	KL72	PRJEB107069	no
ERR17057661	Colombia	2020	ST-	KL183	PRJEB107069	no
ERR17057662	Colombia	2020	ST79	KL22	PRJEB107069	no
ERR17057663	Colombia	2020	ST79	KL22	PRJEB107069	no
ERR17057664	Colombia	2020	ST79	KL32	PRJEB107069	no
ERR17057667	Colombia	2020	ST79	KL9	PRJEB107069	no
ERR17057669	Colombia	2020	ST32	KL22	PRJEB107069	no
ERR17057670	Colombia	2020	ST78	KL23	PRJEB107069	no
ERR17057672	Colombia	2020	ST2588	KL203	PRJEB107069	no
ERR17057674	Colombia	2020	ST32	KL2	PRJEB107069	no
ERR17057680	Colombia	2020	ST945	KL134	PRJEB107069	no
ERR17057681	Colombia	2020	ST945	KL134	PRJEB107069	no
ERR17057687	Colombia	2020	ST-	KL120	PRJEB107069	no
ERR17057689	Colombia	2020	ST79	KL32	PRJEB107069	no
ERR17057690	Colombia	2020	ST79	KL32	PRJEB107069	no
ERR17057691	Colombia	2020	ST79	KL32	PRJEB107069	no
ERR17057692	Colombia	2020	ST79	KL32	PRJEB107069	no
ERR17057693	Colombia	2020	ST77	KL37	PRJEB107069	no
ERR17057695	Colombia	2020	ST-	KL126	PRJEB107069	no
ERR17057696	Colombia	2020	ST78	KL3	PRJEB107069	no
ERR17057697	Colombia	2020	ST79	KL9	PRJEB107069	no
ERR17057698	Colombia	2020	ST1163	KL9	PRJEB107069	no
ERR17057699	Colombia	2020	ST513	KL15	PRJEB107069	no
ERR17057700	Colombia	2020	ST1022	KL20	PRJEB107069	no
ERR17057702	Colombia	2020	ST37	KL81	PRJEB107069	no
ERR17057704	Colombia	2020	ST1055	KL95	PRJEB107069	no
ERR17057705	Colombia	2020	ST32	KL2	PRJEB107069	no
ERR17057708	Colombia	2020	ST108	KL23	PRJEB107069	no
ERR17057710	Colombia	2020	ST79	KL22	PRJEB107069	no
ERR17057711	Colombia	2020	ST78	KL3	PRJEB107069	no
ERR17057712	Colombia	2021	ST78	KL3	PRJEB107069	no
ERR17057713	Colombia	2020	ST78	KL3	PRJEB107069	no
ERR17057714	Colombia	2020	ST2284	KL15	PRJEB107069	no
ERR17057715	Colombia	2020	ST150	KL97	PRJEB107069	no
ERR17057720	Colombia	2020	ST32	KL2	PRJEB107069	no
ERR17057721	Colombia	2020	ST1357	KL121	PRJEB107069	no
ERR17057724	Colombia	2021	ST78	KL23	PRJEB107069	no
ERR17057729	Colombia	2021	ST1405	KL48	PRJEB107069	no
ERR17057730	Colombia	2021	ST79	KL151	PRJEB107069	no
ERR17057731	Colombia	2021	ST79	KL151	PRJEB107069	no
ERR17057733	Colombia	2021	ST108	KL33	PRJEB107069	no
ERR17057735	Colombia	2021	ST108	KL23	PRJEB107069	no
ERR17057736	Colombia	2021	ST424	KL48	PRJEB107069	no
ERR17057737	Colombia	2021	ST464	KL121	PRJEB107069	no
ERR17057738	Colombia	2021	ST464	KL121	PRJEB107069	no
ERR17057744	Colombia	2021	ST1094	KL145	PRJEB107069	no
ERR4436639	Argentina	NA	ST25	KL81	PRJEB27899	no
ERR4436640	Argentina	NA	ST15	KL22	PRJEB27899	no
ERR4436744	Colombia	NA	ST79	KL151	PRJEB27899	no
ERR5709464	Bolivia	NA	ST15	KL9	PRJEB39593	no
ERR5709466	Chile	NA	ST15	KL9	PRJEB39593	no
ERR5709481	Argentina	NA	ST15	KL9	PRJEB39593	no
GCA_000757665.1	Argentina	2012	ST79	KL22	PRJNA257414	no
GCA_000814345.1	Colombia	2012	ST464	KL31	PRJNA270223	no
GCA_000836625.1	Argentina	1994	ST1	KL1	PRJNA261239	no
GCA_000966305.1	Chile	2007	ST-	KL19	PRJNA279414	no
GCA_000988155.1	Brasil	2009	ST15	KL81	PRJNA280110	no
GCA_001007775.1	Argentina	2011	ST25	KL9	PRJNA276040	no
GCA_001500225.1	Brasil	2003	ST15	KL9	PRJNA299302	no
GCA_001649615.1	Brasil	2010	ST317	KL11	PRJNA301792	no
GCA_001649625.1	Brasil	2010	ST317	KL11	PRJNA301792	no
GCA_001649675.1	Brasil	2011	ST79	KL9	PRJNA301792	no
GCA_001649705.1	Brasil	2011	ST79	KL9	PRJNA301792	no
GCA_001649765.1	Brasil	2011	ST79	KL49	PRJNA301792	no
GCA_001649795.1	Brasil	2011	ST79	KL49	PRJNA301792	no
GCA_001649805.1	Brasil	2011	ST79	KL49	PRJNA301792	no
GCA_001649815.1	Brasil	2013	ST107	KL47	PRJNA301792	no
GCA_001649875.1	Brasil	2011	ST79	KL49	PRJNA301792	no
GCA_001649895.1	Brasil	2011	ST79	KL49	PRJNA301792	no
GCA_001649955.1	Brasil	2012	ST79	KL49	PRJNA301792	no
GCA_001649975.1	Brasil	2012	ST317	KL11	PRJNA301792	no
GCA_001758065.1	Brasil	2002	ST32	KL22	PRJNA301792	no
GCA_001758135.1	Brasil	2011	ST79	KL9	PRJNA301792	no
GCA_001758165.1	Brasil	2004	ST107	KL47	PRJNA301792	no
GCA_001891205.1	Colombia	2014	ST920	KL172	PRJNA354075	si
GCA_002018935.1	Brasil	2010	ST79	KL9	PRJNA301792	no
GCA_002018965.1	Brasil	2010	ST79	KL9	PRJNA301792	no
GCA_002018995.1	Brasil	2011	ST79	KL9	PRJNA301792	no
GCA_002019005.1	Brasil	2011	ST79	KL9	PRJNA301792	no
GCA_002019025.1	Brasil	2011	ST79	KL9	PRJNA301792	no
GCA_002019035.1	Brasil	2011	ST79	KL49	PRJNA301792	no
GCA_002245595.1	Brasil	2012	ST1	KL1	PRJNA391101	no
GCA_002250465.1	Brasil	2014	ST730	KL33	PRJNA391474	no
GCA_002922935.1	Brasil	2008	ST107	KL47	PRJNA432549	no
GCA_003130565.1	Chile	2017	ST15	KL22	PRJNA471066	no
GCA_003325575.1	Brasil	2014	ST1	KL1	PRJNA431093	no
GCA_003325635.1	Brasil	2013	ST-	KL1	PRJNA431093	no
GCA_003325665.1	Brasil	2010	ST1	KL1	PRJNA431093	no
GCA_003583525.1	Bolivia	2016	ST991	KL9	PRJNA489088	no
GCA_003583535.1	Bolivia	2016	ST25	KL22	PRJNA489088	no
GCA_003583565.1	Bolivia	2016	ST25	KL22	PRJNA489088	no
GCA_003583575.1	Bolivia	2016	ST25	KL22	PRJNA489088	no
GCA_003583605.1	Bolivia	2016	ST25	KL22	PRJNA489088	no
GCA_003583615.1	Bolivia	2016	ST991	KL9	PRJNA489088	no
GCA_003583625.1	Bolivia	2016	ST25	KL22	PRJNA489088	no
GCA_003583665.1	Bolivia	2016	ST15	KL9	PRJNA489088	no
GCA_003584255.1	Bolivia	2016	ST25	KL22	PRJNA489088	no
GCA_003584275.1	Bolivia	2016	ST25	KL22	PRJNA489088	no
GCA_003584305.1	Bolivia	2016	ST25	KL22	PRJNA489088	no
GCA_003584315.1	Bolivia	2016	ST25	KL22	PRJNA489088	no
GCA_003584325.1	Bolivia	2016	ST25	KL22	PRJNA489088	no
GCA_003584365.1	Bolivia	2016	ST25	KL22	PRJNA489088	no
GCA_003584375.1	Bolivia	2016	ST25	KL49	PRJNA489088	no
GCA_003584385.1	Bolivia	2016	ST25	KL33	PRJNA489088	no
GCA_003584425.1	Bolivia	2016	ST25	KL22	PRJNA489088	no
GCA_003584445.1	Bolivia	2016	ST25	KL22	PRJNA489088	no
GCA_003584455.1	Bolivia	2016	ST25	KL49	PRJNA489088	no
GCA_003584485.1	Bolivia	2016	ST25	KL33	PRJNA489088	no
GCA_003584505.1	Bolivia	2016	ST991	KL9	PRJNA489088	no
GCA_003584515.1	Bolivia	2016	ST25	KL22	PRJNA489088	no
GCA_003584535.1	Bolivia	2016	ST991	KL9	PRJNA489088	no
GCA_003595665.1	Bolivia	2016	ST25	KL33	PRJNA489088	no
GCA_003595675.1	Bolivia	2016	ST25	KL33	PRJNA489088	no
GCA_003595685.1	Bolivia	2016	ST25	KL33	PRJNA489088	no
GCA_003595745.1	Bolivia	2016	ST991	KL9	PRJNA489088	no
GCA_003595755.1	Bolivia	2016	ST991	KL9	PRJNA489088	no
GCA_003595765.1	Bolivia	2016	ST25	KL33	PRJNA489088	no
GCA_003595805.1	Bolivia	2016	ST991	KL9	PRJNA489088	no
GCA_003595815.1	Bolivia	2016	ST25	KL37	PRJNA489088	no
GCA_003595835.1	Bolivia	2016	ST991	KL9	PRJNA489088	no
GCA_003595865.1	Bolivia	2016	ST25	KL37	PRJNA489088	no
GCA_003595875.1	Bolivia	2016	ST79	KL9	PRJNA489088	no
GCA_003595885.1	Bolivia	2016	ST991	KL9	PRJNA489088	no
GCA_003595925.1	Bolivia	2016	ST25	KL33	PRJNA489088	no
GCA_003595935.1	Bolivia	2016	ST25	KL22	PRJNA489088	no
GCA_003595955.1	Bolivia	2016	ST25	KL22	PRJNA489088	no
GCA_003595985.1	Bolivia	2016	ST79	KL22	PRJNA489088	no
GCA_003595995.1	Bolivia	2016	ST991	KL9	PRJNA489088	no
GCA_003596015.1	Bolivia	2016	ST991	KL9	PRJNA489088	no
GCA_003596025.1	Bolivia	2015	ST991	KL9	PRJNA489088	no
GCA_003596065.1	Bolivia	2015	ST991	KL9	PRJNA489088	no
GCA_003596075.1	Bolivia	2015	ST991	KL9	PRJNA489088	no
GCA_003596105.1	Bolivia	2015	ST991	KL9	PRJNA489088	no
GCA_003596125.1	Bolivia	2016	ST25	KL127	PRJNA489088	no
GCA_003596135.1	Bolivia	2016	ST25	KL33	PRJNA489088	no
GCA_003596165.1	Bolivia	2016	ST267	KL9	PRJNA489088	no
GCA_003596175.1	Bolivia	2016	ST25	KL49	PRJNA489088	no
GCA_003596205.1	Bolivia	2016	ST25	KL33	PRJNA489088	no
GCA_003596215.1	Bolivia	2016	ST79	KL9	PRJNA489088	no
GCA_003596235.1	Bolivia	2016	ST25	KL33	PRJNA489088	no
GCA_003596265.1	Bolivia	2016	ST991	KL9	PRJNA489088	no
GCA_003596275.1	Bolivia	2015	ST991	KL9	PRJNA489088	no
GCA_003597385.1	Bolivia	2015	ST991	KL9	PRJNA489088	no
GCA_003697885.1	Brasil	2013	ST108	KL155	PRJNA497216	no
GCA_003812485.1	Brasil	2008	ST79	KL49	PRJNA505170	no
GCA_004282835.1	Brasil	2016	ST78	KL3	PRJNA497429	si
GCA_004282845.1	Brasil	2016	ST78	KL3	PRJNA497429	si
GCA_004347305.1	Brasil	2017	ST1	KL18	PRJNA516770	si
GCA_004347325.1	Brasil	2017	ST79	KL49	PRJNA516770	si
GCA_004359905.1	Brasil	2017	ST79	KL210	PRJNA516770	si
GCA_006493735.1	Peru	2013	ST79	KL4	PRJNA545079	no
GCA_006493975.1	Peru	2013	ST193	KL52	PRJNA545079	no
GCA_006494085.1	Peru	2012	ST1126	KL3	PRJNA545079	no
GCA_006494575.1	Peru	2012	ST106	KL157	PRJNA545079	no
GCA_006843645.1	Argentina	2016	ST25	KL149	PRJNA487603	no
GCA_008180145.1	Brasil	2016	ST730	KL22	PRJNA516770	no
GCA_008477565.1	Argentina	1997	ST15	KL77	PRJNA398382	no
GCA_009754965.1	Brasil	2011	ST1	KL149	PRJNA592452	no
GCA_009754985.1	Brasil	1996	ST374	KL9	PRJNA592456	no
GCA_009828675.1	Brasil	2016	ST162	KL19	PRJNA596391	no
GCA_009829525.1	Brasil	2016	ST79	KL9	PRJNA596391	no
GCA_009829535.1	Brasil	2016	ST79	KL210	PRJNA596391	si
GCA_009829545.1	Brasil	2016	ST1	KL18	PRJNA596391	si
GCA_009829555.1	Brasil	2016	ST1448	KL14	PRJNA596391	no
GCA_009829595.1	Brasil	2016	ST25	KL139	PRJNA596391	no
GCA_009829755.1	Argentina	1999	ST15	KL81	PRJNA398382	no
GCA_009898245.1	Brasil	2016	ST15	KL81	PRJNA550404	no
GCA_012276735.1	Brasil	2017	ST1	KL17	PRJNA497429	no
GCA_012276745.1	Brasil	2017	ST79	KL9	PRJNA497429	no
GCA_012277115.1	Brasil	2016	ST79	KL9	PRJNA497429	no
GCA_012515875.1	Brasil	2016	ST-	KL51	PRJNA609712	no
GCA_012524085.1	Argentina	2011	ST172	KL51	PRJNA624091	no
GCA_012524275.1	Argentina	2011	ST25	KL149	PRJNA624111	no
GCA_012781995.1	Brasil	2017	ST15	KL77	PRJNA613847	no
GCA_012955825.1	Brasil	2018	ST15	KL81	PRJNA301792	no
GCA_012955845.1	Brasil	2018	ST15	KL81	PRJNA301792	no
GCA_012956585.1	Brasil	2018	ST15	KL81	PRJNA301792	no
GCA_013138415.1	Brasil	2016	ST1	KL18	PRJNA580471	no
GCA_013138435.1	Brasil	2016	ST1	KL18	PRJNA580473	no
GCA_013138475.1	Brasil	2016	ST1	KL18	PRJNA580395	no
GCA_013184005.1	Argentina	1995	ST172	KL51	PRJNA541269	no
GCA_015536845.1	Brasil	2016	ST15	KL81	PRJNA613847	no
GCA_015536855.1	Brasil	2016	ST15	KL81	PRJNA613847	no
GCA_015536865.1	Brasil	2016	ST1448	KL14	PRJNA613847	no
GCA_015536875.1	Brasil	2017	ST79	KL9	PRJNA613847	no
GCA_015536925.1	Brasil	2012	ST15	KL3	PRJNA613847	no
GCA_015536935.1	Brasil	2016	ST79	KL9	PRJNA613847	no
GCA_015536955.1	Brasil	2016	ST79	KL210	PRJNA613847	si
GCA_015536965.1	Brasil	2017	ST730	KL22	PRJNA613847	si
GCA_015537035.1	Brasil	2016	ST25	KL139	PRJNA613847	no
GCA_015537045.1	Brasil	2016	ST15	KL9	PRJNA613847	no
GCA_015537085.1	Brasil	2018	ST25	KL139	PRJNA613847	no
GCA_015537095.1	Brasil	2016	ST79	KL49	PRJNA613847	si
GCA_015537125.1	Brasil	2016	ST15	KL22	PRJNA613847	no
GCA_015537145.1	Brasil	2016	ST25	KL139	PRJNA613847	no
GCA_015537155.1	Brasil	2016	ST79	KL9	PRJNA613847	no
GCA_015537165.1	Brasil	2010	ST-	KL9	PRJNA613847	no
GCA_015537175.1	Brasil	2017	ST79	KL49	PRJNA613847	si
GCA_015537225.1	Brasil	2016	ST1	KL18	PRJNA613847	no
GCA_015537245.1	Brasil	2016	ST25	KL139	PRJNA613847	si
GCA_015537255.1	Brasil	2013	ST15	KL22	PRJNA613847	no
GCA_015537275.1	Brasil	2016	ST79	KL49	PRJNA613847	si
GCA_015537285.1	Brasil	2017	ST1	KL1	PRJNA613847	no
GCA_015537295.1	Brasil	2016	ST79	KL9	PRJNA613847	no
GCA_015537345.1	Brasil	2016	ST15	KL22	PRJNA613847	no
GCA_015537365.1	Brasil	2016	ST79	KL9	PRJNA613847	si
GCA_015537385.1	Brasil	2016	ST1447	KL22	PRJNA613847	no
GCA_015537405.1	Brasil	2016	ST25	KL139	PRJNA613847	si
GCA_015537415.1	Brasil	2012	ST15	KL9	PRJNA613847	no
GCA_015537445.1	Brasil	2016	ST1	KL1	PRJNA613847	no
GCA_015537465.1	Brasil	2016	ST79	KL49	PRJNA613847	no
GCA_015537485.1	Brasil	2016	ST49	KL11	PRJNA613847	no
GCA_015537505.1	Brasil	2016	ST1	KL18	PRJNA613847	no
GCA_015537525.1	Brasil	2016	ST25	KL139	PRJNA613847	no
GCA_015537535.1	Brasil	2016	ST15	KL22	PRJNA613847	no
GCA_015537565.1	Brasil	2013	ST25	KL139	PRJNA613847	no
GCA_015537575.1	Brasil	2017	ST1	KL18	PRJNA613847	no
GCA_015537605.1	Brasil	2016	ST79	KL81	PRJNA613847	si
GCA_015537615.1	Brasil	2016	ST79	KL49	PRJNA613847	si
GCA_015537635.1	Brasil	2016	ST79	KL167	PRJNA613847	no
GCA_015537665.1	Brasil	2016	ST730	KL22	PRJNA613847	no
GCA_015537675.1	Brasil	2016	ST1	KL18	PRJNA613847	no
GCA_015537705.1	Brasil	2016	ST79	KL9	PRJNA613847	no
GCA_015537725.1	Brasil	2016	ST15	KL22	PRJNA613847	no
GCA_015537745.1	Brasil	2016	ST15	KL22	PRJNA613847	no
GCA_015537755.1	Brasil	2016	ST1	KL18	PRJNA613847	no
GCA_015537765.1	Brasil	2016	ST163	KL19	PRJNA613847	no
GCA_015537775.1	Brasil	2016	ST15	KL3	PRJNA613847	no
GCA_015537825.1	Brasil	2017	ST25	KL22	PRJNA613847	no
GCA_015537845.1	Brasil	2016	ST730	KL22	PRJNA613847	no
GCA_015537855.1	Brasil	2016	ST15	KL22	PRJNA613847	no
GCA_015537865.1	Brasil	2016	ST1	KL18	PRJNA613847	no
GCA_015537905.1	Brasil	2016	ST1	KL18	PRJNA613847	no
GCA_015537915.1	Brasil	2016	ST1	KL18	PRJNA613847	no
GCA_015537945.1	Brasil	2016	ST1	KL18	PRJNA613847	no
GCA_015537965.1	Brasil	2013	ST1	KL18	PRJNA613847	no
GCA_015537975.1	Brasil	2017	ST1	KL18	PRJNA613847	no
GCA_015537995.1	Brasil	2016	ST79	KL9	PRJNA613847	no
GCA_015538025.1	Brasil	2016	ST25	KL200	PRJNA613847	no
GCA_015538045.1	Brasil	2016	ST15	KL81	PRJNA613847	no
GCA_015538055.1	Brasil	2016	ST1	KL18	PRJNA613847	no
GCA_015538085.1	Brasil	2016	ST15	KL22	PRJNA613847	no
GCA_015538105.1	Brasil	2016	ST79	KL49	PRJNA613847	si
GCA_015538125.1	Brasil	2008	ST20	KL1	PRJNA613847	no
GCA_015538135.1	Brasil	2016	ST15	KL9	PRJNA613847	no
GCA_015538155.1	Brasil	2016	ST151	KL199	PRJNA613847	no
GCA_015538165.1	Brasil	2016	ST79	KL49	PRJNA613847	si
GCA_015538205.1	Brasil	2016	ST25	KL139	PRJNA613847	si
GCA_015538225.1	Brasil	2016	ST15	KL22	PRJNA613847	no
GCA_015538235.1	Brasil	2017	ST1	KL1	PRJNA613847	no
GCA_015538255.1	Brasil	2016	ST79	KL9	PRJNA613847	no
GCA_015538275.1	Brasil	2017	ST1	KL1	PRJNA613847	no
GCA_015538305.1	Brasil	2016	ST25	KL139	PRJNA613847	no
GCA_015538325.1	Brasil	2016	ST79	KL49	PRJNA613847	si
GCA_015538335.1	Brasil	2016	ST1	KL18	PRJNA613847	no
GCA_015538345.1	Brasil	2016	ST15	KL81	PRJNA613847	no
GCA_015538355.1	Brasil	2016	ST1	KL18	PRJNA613847	no
GCA_015666275.1	Brasil	2020	ST79	KL81	PRJNA677881	no
GCA_015666285.1	Brasil	2020	ST-	KL81	PRJNA677881	no
GCA_015666365.1	Brasil	2020	ST79	KL22	PRJNA677881	si
GCA_015666475.1	Brasil	2020	ST79	KL9	PRJNA677881	no
GCA_015666515.1	Brasil	2020	ST1	KL1	PRJNA677881	no
GCA_015666535.1	Brasil	2020	ST25	KL14	PRJNA677881	no
GCA_016054925.1	Brasil	2020	ST848	KL134	PRJNA677881	no
GCA_016054975.1	Brasil	2020	ST78	KL3	PRJNA677881	si
GCA_016055015.1	Brasil	2020	ST79	KL22	PRJNA677881	no
GCA_016055335.1	Brasil	2020	ST79	KL9	PRJNA677881	no
GCA_016055475.1	Brasil	2020	ST79	KL22	PRJNA677881	no
GCA_016055485.1	Brasil	2018	ST79	KL9	PRJNA677881	no
GCA_016055595.1	Brasil	2019	ST79	KL9	PRJNA677881	no
GCA_016055685.1	Brasil	2019	ST79	KL9	PRJNA677881	no
GCA_016055715.1	Brasil	2019	ST1	KL18	PRJNA677881	no
GCA_016055835.1	Brasil	2019	ST79	KL27	PRJNA677881	no
GCA_016055945.1	Brasil	2019	ST1	KL18	PRJNA677881	no
GCA_016056005.1	Brasil	2019	ST1	KL18	PRJNA677881	no
GCA_016056045.1	Brasil	2019	ST79	KL9	PRJNA677881	no
GCA_016056095.1	Brasil	2019	ST25	KL139	PRJNA677881	si
GCA_016056125.1	Brasil	2019	ST1	KL1	PRJNA677881	no
GCA_016056145.1	Brasil	2019	ST79	KL49	PRJNA677881	no
GCA_016416045.1	Brasil	2020	ST1	KL17	PRJNA677881	no
GCA_016484945.1	Brasil	2015	ST79	KL49	PRJNA632943	si
GCA_016484955.1	Brasil	2015	ST79	KL49	PRJNA632943	si
GCA_016484985.1	Brasil	2015	ST79	KL3	PRJNA632943	no
GCA_016485005.1	Brasil	2015	ST25	KL22	PRJNA632943	si
GCA_016485025.1	Brasil	2015	ST79	KL9	PRJNA632943	si
GCA_016485045.1	Brasil	2014	ST79	KL3	PRJNA632943	no
GCA_016485085.1	Brasil	2017	ST25	KL139	PRJNA632943	no
GCA_016485105.1	Brasil	2017	ST15	KL81	PRJNA632943	no
GCA_016485125.1	Brasil	2017	ST79	KL49	PRJNA632943	si
GCA_016485145.1	Brasil	2017	ST730	KL22	PRJNA632943	si
GCA_016485165.1	Brasil	2017	ST25	KL22	PRJNA632943	si
GCA_016485185.1	Brasil	2017	ST79	KL49	PRJNA632943	si
GCA_016485205.1	Brasil	2017	ST79	KL9	PRJNA632943	no
GCA_016485225.1	Brasil	2014	ST79	KL3	PRJNA632943	no
GCA_016485245.1	Brasil	2017	ST15	KL81	PRJNA632943	no
GCA_016485265.1	Brasil	2012	ST1	KL1	PRJNA632943	no
GCA_016485285.1	Brasil	2012	ST79	KL9	PRJNA632943	no
GCA_016485305.1	Brasil	2017	ST79	KL9	PRJNA632943	no
GCA_016485325.1	Brasil	2017	ST15	KL81	PRJNA632943	no
GCA_016485345.1	Brasil	2014	ST79	KL3	PRJNA632943	no
GCA_016485365.1	Brasil	2014	ST79	KL3	PRJNA632943	no
GCA_016485725.1	Venezuela	2014	ST25	KL33	PRJNA627433	no
GCA_016485745.1	Chile	2014	ST15	KL9	PRJNA627433	no
GCA_016485965.1	Venezuela	2014	ST25	KL33	PRJNA627433	no
GCA_016487265.1	Venezuela	2014	ST412	KL77	PRJNA627433	no
GCA_016487725.1	Chile	2014	ST318	KL22	PRJNA627433	no
GCA_016609805.1	Chile	2014	ST1	KL1	PRJNA627433	no
GCA_016609885.1	Venezuela	2014	ST25	KL33	PRJNA627433	no
GCA_017909475.1	Brasil	2015	ST1	KL1	PRJNA544939	no
GCA_017909485.1	Brasil	2011	ST1083	KL3	PRJNA545307	no
GCA_017909495.1	Brasil	2011	ST1083	KL3	PRJNA545308	no
GCA_017960395.1	Brasil	2015	ST1	KL1	PRJNA544941	no
GCA_018156045.1	Chile	2017	ST318	KL22	PRJNA723341	no
GCA_018156055.1	Chile	2008	ST109	KL49	PRJNA723341	no
GCA_018156065.1	Chile	2019	ST876	KL65	PRJNA723341	no
GCA_018156145.1	Chile	2019	ST15	KL22	PRJNA723341	no
GCA_018156665.1	Brasil	2016	ST1	KL18	PRJNA428488	no
GCA_018156705.1	Brasil	2016	ST1	KL18	PRJNA428488	no
GCA_018156725.1	Brasil	2016	ST1	KL18	PRJNA428488	no
GCA_018156745.1	Brasil	2016	ST79	KL49	PRJNA428488	si
GCA_020657695.1	Brasil	2014	ST79	KL33	PRJNA772654	no
GCA_021402995.1	Brasil	2020	ST2	KL7	PRJNA613847	no
GCA_023060185.1	Brasil	2020	ST15	KL9	PRJNA677881	no
GCA_023060375.1	Brasil	2019	ST78	KL3	PRJNA677881	si
GCA_023060655.1	Brasil	2019	ST78	KL3	PRJNA677881	si
GCA_023061035.1	Brasil	2020	ST79	KL33	PRJNA677881	si
GCA_023572255.1	Brasil	2020	ST584	KL24	PRJNA677881	no
GCA_023572275.1	Brasil	2020	ST15	KL81	PRJNA677881	no
GCA_023572305.1	Brasil	2020	ST25	KL22	PRJNA677881	no
GCA_023572445.1	Brasil	2020	ST79	KL22	PRJNA677881	no
GCA_023572625.1	Brasil	2019	ST160	KL1	PRJNA677881	no
GCA_024138435.1	Chile	2011	ST162	KL19	PRJNA731249	no
GCA_024139015.1	Chile	2010	ST109	KL9	PRJNA731249	no
GCA_024139035.1	Chile	2011	ST79	KL9	PRJNA731249	no
GCA_024139055.1	Chile	2010	ST318	KL22	PRJNA731249	no
GCA_024139075.1	Chile	2011	ST15	KL22	PRJNA731249	no
GCA_024139095.1	Chile	2011	ST1	KL1	PRJNA731249	no
GCA_024151465.1	Chile	2013	ST241	KL11	PRJNA731249	no
GCA_024151485.1	Chile	2010	ST162	KL19	PRJNA731249	no
GCA_024151505.1	Chile	2010	ST162	KL19	PRJNA731249	no
GCA_024151525.1	Chile	2010	ST162	KL19	PRJNA731249	no
GCA_024151535.1	Chile	2010	ST162	KL19	PRJNA731249	no
GCA_024151565.1	Chile	2012	ST109	KL9	PRJNA731249	no
GCA_024151585.1	Chile	2012	ST109	KL9	PRJNA731249	no
GCA_024151605.1	Chile	2012	ST109	KL9	PRJNA731249	no
GCA_024151615.1	Chile	2012	ST109	KL9	PRJNA731249	no
GCA_024151645.1	Chile	2012	ST109	KL9	PRJNA731249	no
GCA_024151665.1	Chile	2011	ST109	KL9	PRJNA731249	no
GCA_024151685.1	Chile	2010	ST109	KL9	PRJNA731249	no
GCA_024151695.1	Chile	2011	ST109	KL9	PRJNA731249	no
GCA_024151725.1	Chile	2012	ST79	KL9	PRJNA731249	no
GCA_024151745.1	Chile	2012	ST79	KL9	PRJNA731249	no
GCA_024151765.1	Chile	2011	ST318	KL22	PRJNA731249	no
GCA_024151775.1	Chile	2012	ST79	KL9	PRJNA731249	no
GCA_024151795.1	Chile	2012	ST79	KL9	PRJNA731249	no
GCA_024151825.1	Chile	2010	ST109	KL9	PRJNA731249	no
GCA_024151845.1	Chile	2013	ST15	KL22	PRJNA731249	no
GCA_024151865.1	Chile	2012	ST15	KL22	PRJNA731249	no
GCA_024151885.1	Chile	2010	ST15	KL22	PRJNA731249	no
GCA_024151895.1	Chile	2011	ST15	KL22	PRJNA731249	no
GCA_024151905.1	Chile	2010	ST15	KL9	PRJNA731249	no
GCA_024151945.1	Chile	2010	ST15	KL9	PRJNA731249	no
GCA_024151965.1	Chile	2011	ST1	KL1	PRJNA731249	no
GCA_024151985.1	Chile	2011	ST1	KL1	PRJNA731249	no
GCA_024152085.1	Chile	2010	ST15	KL22	PRJNA731249	no
GCA_024271825.1	Chile	2012	ST162	KL19	PRJNA731249	no
GCA_024505645.2	Brasil	2021	ST-	KL6	PRJNA677881	no
GCA_024649355.1	Argentina	2021	ST2	KL2	PRJNA866144	no
GCA_024649375.1	Argentina	2016	ST2	KL2	PRJNA866144	no
GCA_025950435.1	Brasil	2021	ST464	KL121	PRJNA677881	no
GCA_025950485.1	Brasil	2021	ST-	KL6	PRJNA677881	no
GCA_025971765.1	Brasil	2021	ST464	KL210	PRJNA677881	no
GCA_025971805.1	Brasil	2021	ST575	KL64	PRJNA677881	no
GCA_025971935.1	Brasil	2020	ST739	KL225	PRJNA677881	no
GCA_026239565.1	Brasil	2021	ST10	KL77	PRJNA677881	no
GCA_026300595.1	Paraguay	2020	ST1	KL1	PRJEB56918	no
GCA_026301315.1	Paraguay	2020	ST15	KL167	PRJEB56918	no
GCA_026302075.1	Paraguay	2020	ST15	KL167	PRJEB56918	no
GCA_026311855.1	Ecuador	2020	ST2	KL2	PRJEB56918	si
GCA_026311875.1	Ecuador	2020	ST2	KL2	PRJEB56918	si
GCA_026318965.1	Paraguay	2020	ST1	KL1	PRJEB56918	no
GCA_026340685.1	Ecuador	2020	ST2	KL2	PRJEB56918	si
GCA_026340785.1	Ecuador	2020	ST2	KL2	PRJEB56918	si
GCA_026340865.1	Ecuador	2020	ST79	KL9	PRJEB56918	no
GCA_026340935.1	Ecuador	2020	ST2	KL2	PRJEB56918	si
GCA_026358375.1	Paraguay	2020	ST25	KL9	PRJEB56918	no
GCA_026358395.1	Paraguay	2020	ST1	KL1	PRJEB56918	no
GCA_026358415.1	Paraguay	2020	ST25	KL14	PRJEB56918	no
GCA_026358455.1	Paraguay	2020	ST512	KL72	PRJEB56918	no
GCA_026358475.1	Paraguay	2020	ST1	KL1	PRJEB56918	no
GCA_026358495.1	Paraguay	2020	ST79	KL9	PRJEB56918	no
GCA_026358515.1	Paraguay	2020	ST1	KL1	PRJEB56918	no
GCA_026358555.1	Paraguay	2020	ST1	KL1	PRJEB56918	no
GCA_026358575.1	Paraguay	2020	ST79	KL9	PRJEB56918	no
GCA_026358595.1	Paraguay	2020	ST1	KL1	PRJEB56918	no
GCA_026358675.1	Paraguay	2020	ST1	KL1	PRJEB56918	no
GCA_026358715.1	Paraguay	2020	ST1	KL1	PRJEB56918	no
GCA_026358855.1	Paraguay	2020	ST25	KL14	PRJEB56918	no
GCA_026358875.1	Paraguay	2020	ST2	KL2	PRJEB56918	no
GCA_026358895.1	Paraguay	2020	ST25	KL14	PRJEB56918	no
GCA_026554895.1	Colombia	2019	ST79	KL9	PRJNA906166	no
GCA_026554915.1	Colombia	2019	ST79	KL32	PRJNA906166	no
GCA_026555015.1	Colombia	2019	ST25	KL196	PRJNA906166	no
GCA_026555055.1	Colombia	2019	ST78	KL3	PRJNA906166	no
GCA_026555075.1	Colombia	2019	ST1635	KL20	PRJNA906166	si
GCA_026555095.1	Chile	2019	ST318	KL22	PRJNA906166	no
GCA_026555115.1	Chile	2018	ST318	KL22	PRJNA906166	no
GCA_026555155.1	Chile	2019	ST318	KL22	PRJNA906166	no
GCA_026555195.1	Chile	2019	ST318	KL22	PRJNA906166	no
GCA_026555235.1	Argentina	2019	ST2	KL3	PRJNA906166	no
GCA_026555275.1	Argentina	2019	ST1	KL1	PRJNA906166	no
GCA_026555295.1	Argentina	2019	ST1	KL1	PRJNA906166	no
GCA_026555315.1	Argentina	2019	ST1	KL1	PRJNA906166	no
GCA_026561215.1	Argentina	2019	ST1	KL1	PRJNA906166	no
GCA_026561235.1	Argentina	2019	ST1	KL1	PRJNA906166	no
GCA_026561255.1	Argentina	2019	ST1	KL1	PRJNA906166	no
GCA_026561275.1	Argentina	2019	ST1	KL1	PRJNA906166	no
GCA_026561295.1	Argentina	2019	ST1	KL1	PRJNA906166	no
GCA_026561315.1	Argentina	2019	ST1	KL1	PRJNA906166	no
GCA_026561335.1	Argentina	2019	ST1	KL1	PRJNA906166	no
GCA_026561355.1	Argentina	2019	ST1	KL1	PRJNA906166	no
GCA_026561375.1	Argentina	2019	ST1	KL1	PRJNA906166	no
GCA_026561415.1	Argentina	2019	ST1	KL1	PRJNA906166	no
GCA_026561435.1	Argentina	2019	ST2	KL2	PRJNA906166	no
GCA_026561455.1	Argentina	2019	ST25	KL77	PRJNA906166	no
GCA_026561475.1	Argentina	2019	ST25	KL9	PRJNA906166	no
GCA_026561495.1	Argentina	2019	ST1	KL1	PRJNA906166	no
GCA_026561515.1	Argentina	2019	ST1	KL1	PRJNA906166	no
GCA_026568275.1	Argentina	2019	ST25	KL9	PRJNA906166	no
GCA_026568295.1	Argentina	2019	ST1	KL1	PRJNA906166	no
GCA_026568315.1	Argentina	2019	ST25	KL37	PRJNA906166	no
GCA_026568355.1	Argentina	2019	ST25	KL37	PRJNA906166	no
GCA_026568375.1	Colombia	2019	ST79	KL32	PRJNA906166	no
GCA_026568385.1	Argentina	2019	ST25	KL9	PRJNA906166	no
GCA_026568415.1	Argentina	2019	ST25	KL23	PRJNA906166	no
GCA_026568455.1	Colombia	2019	ST79	KL32	PRJNA906166	no
GCA_026568475.1	Colombia	2019	ST25	KL3	PRJNA906166	no
GCA_026568495.1	Colombia	2019	ST25	KL3	PRJNA906166	no
GCA_026568515.1	Colombia	2019	ST25	KL3	PRJNA906166	no
GCA_026568535.1	Colombia	2019	ST25	KL3	PRJNA906166	no
GCA_026568575.1	Colombia	2019	ST25	KL3	PRJNA906166	no
GCA_026568595.1	Colombia	2019	ST25	KL3	PRJNA906166	no
GCA_028402465.1	Brasil	2013	ST79	KL22	PRJNA497603	no
GCA_028402505.1	Brasil	2013	ST-	KL203	PRJNA497606	no
GCA_028435895.1	Brasil	2014	ST113	KL10	PRJNA742192	no
GCA_028435925.1	Brasil	2014	ST15	KL22	PRJNA742192	no
GCA_028435965.1	Brasil	2014	ST15	KL22	PRJNA742192	no
GCA_028435975.1	Brasil	2006	ST1	KL18	PRJNA742192	no
GCA_028435995.1	Brasil	2014	ST113	KL10	PRJNA742192	no
GCA_028436005.1	Brasil	2014	ST881	KL15	PRJNA742192	no
GCA_028439845.1	Brasil	2014	ST79	KL13	PRJNA742192	no
GCA_028439855.1	Brasil	2014	ST881	KL15	PRJNA742192	no
GCA_028439875.1	Brasil	2014	ST25	KL37	PRJNA742192	no
GCA_028439905.1	Brasil	2014	ST113	KL13	PRJNA742192	no
GCA_028439915.1	Brasil	2014	ST15	KL22	PRJNA742192	no
GCA_028439945.1	Brasil	2014	ST-	KL13	PRJNA742192	no
GCA_028439955.1	Brasil	2014	ST15	KL22	PRJNA742192	no
GCA_028439975.1	Brasil	2014	ST113	KL81	PRJNA742192	no
GCA_028440005.1	Brasil	2014	ST113	KL13	PRJNA742192	no
GCA_028440015.1	Brasil	2010	ST79	KL210	PRJNA742192	si
GCA_028440045.1	Brasil	2010	ST79	KL52	PRJNA742192	no
GCA_028440065.1	Brasil	2010	ST113	KL27	PRJNA742192	no
GCA_028440075.1	Brasil	2010	ST79	KL210	PRJNA742192	si
GCA_028440105.1	Brasil	2010	ST79	KL210	PRJNA742192	si
GCA_028440125.1	Brasil	2010	ST79	KL22	PRJNA742192	si
GCA_028440145.1	Brasil	2010	ST15	KL22	PRJNA742192	no
GCA_028440165.1	Brasil	2010	ST113	KL13	PRJNA742192	no
GCA_028440185.1	Brasil	2012	ST79	KL52	PRJNA742192	no
GCA_028440195.1	Brasil	2014	ST113	KL13	PRJNA742192	no
GCA_028440225.1	Brasil	2014	ST79	KL22	PRJNA742192	si
GCA_028440245.1	Brasil	2014	ST1	KL18	PRJNA742192	no
GCA_028440255.1	Brasil	2010	ST79	KL210	PRJNA742192	si
GCA_028440285.1	Brasil	2012	ST79	KL52	PRJNA742192	no
GCA_028440295.1	Brasil	2012	ST79	KL52	PRJNA742192	no
GCA_028440325.1	Brasil	2014	ST1	KL1	PRJNA742192	no
GCA_028440335.1	Brasil	2014	ST79	KL49	PRJNA742192	no
GCA_028440365.1	Brasil	2014	ST15	KL22	PRJNA742192	no
GCA_028440385.1	Brasil	2012	ST15	KL9	PRJNA742192	no
GCA_028440395.1	Brasil	2014	ST1	KL18	PRJNA742192	no
GCA_028440415.1	Brasil	2012	ST1	KL18	PRJNA742192	no
GCA_028440435.1	Brasil	2012	ST15	KL22	PRJNA742192	no
GCA_028440485.1	Brasil	2012	ST15	KL22	PRJNA742192	no
GCA_028440505.1	Brasil	2012	ST113	KL152	PRJNA742192	no
GCA_028440515.1	Brasil	2012	ST113	KL27	PRJNA742192	no
GCA_028440525.1	Brasil	2012	ST79	KL13	PRJNA742192	no
GCA_028440555.1	Brasil	2012	ST113	KL10	PRJNA742192	no
GCA_028440585.1	Brasil	2012	ST15	KL9	PRJNA742192	no
GCA_028440615.1	Brasil	2012	ST79	KL9	PRJNA742192	no
GCA_028440635.1	Brasil	2012	ST113	KL152	PRJNA742192	no
GCA_028440705.1	Brasil	2014	ST113	KL152	PRJNA741978	no
GCA_029477905.1	Brasil	2008	ST79	KL33	PRJNA916281	no
GCA_029761775.1	Brasil	2010	ST15	KL3	PRJNA950404	no
GCA_029761785.1	Brasil	2007	ST79	KL9	PRJNA950404	no
GCA_029955785.1	Ecuador	2022	ST2	KL2	PRJNA953974	si
GCA_029955865.1	Ecuador	2022	ST108	KL116	PRJNA953974	si
GCA_029956025.1	Ecuador	2022	ST108	KL116	PRJNA953974	si
GCA_030016845.1	Ecuador	2022	ST79	KL23	PRJNA953974	no
GCA_030016875.1	Ecuador	2021	ST2	KL2	PRJNA953974	si
GCA_030165035.1	Brasil	2020	ST15	KL3	PRJNA974706	no
GCA_030550885.1	Brasil	2022	ST2	KL7	PRJNA938102	no
GCA_030550895.1	Brasil	2022	ST2	KL56	PRJNA938102	no
GCA_030550955.1	Brasil	2022	ST2	KL9	PRJNA938102	no
GCA_030550965.1	Brasil	2022	ST2	KL56	PRJNA938102	no
GCA_030550975.1	Brasil	2022	ST2	KL7	PRJNA938102	no
GCA_030551015.1	Brasil	2022	ST2	KL7	PRJNA938102	no
GCA_030551035.1	Brasil	2022	ST2	KL9	PRJNA938102	no
GCA_030551055.1	Brasil	2022	ST2	KL56	PRJNA938102	no
GCA_030551065.1	Brasil	2022	ST-	KL9	PRJNA938102	no
GCA_030551075.1	Brasil	2022	ST2	KL7	PRJNA938102	no
GCA_030551115.1	Brasil	2022	ST2	KL56	PRJNA938102	no
GCA_030551135.1	Brasil	2022	ST2	KL7	PRJNA938102	no
GCA_030551145.1	Brasil	2022	ST2	KL56	PRJNA938102	no
GCA_030551165.1	Brasil	2022	ST2	KL56	PRJNA938102	no
GCA_030551215.1	Brasil	2022	ST2	KL56	PRJNA938102	no
GCA_030551235.1	Brasil	2022	ST2	KL56	PRJNA938102	no
GCA_030755485.1	Argentina	2020	ST2	KL2	PRJNA988092	no
GCA_030755775.1	Brasil	2019	ST15	KL81	PRJNA988092	no
GCA_030755855.1	Argentina	2019	ST25	KL14	PRJNA988092	no
GCA_030756075.1	Argentina	2017	ST2	KL2	PRJNA988092	no
GCA_030756135.1	Argentina	2017	ST2	KL2	PRJNA988092	no
GCA_030756395.1	Argentina	2016	ST2	KL2	PRJNA988092	no
GCA_030756425.1	Argentina	2016	ST25	KL14	PRJNA988092	no
GCA_031100955.1	Brasil	2020	ST15	KL81	PRJNA1003529	no
GCA_031100975.1	Brasil	2020	ST1	KL17	PRJNA1003529	no
GCA_034296425.1	Paraguay	2021	ST79	KL9	PRJNA1012735	no
GCA_034296455.1	Paraguay	2022	ST2	KL3	PRJNA1012735	no
GCA_034296475.1	Paraguay	2021	ST2	KL2	PRJNA1012735	no
GCA_034296495.1	Paraguay	2022	ST25	KL149	PRJNA1012735	no
GCA_034296515.1	Paraguay	2022	ST2	KL3	PRJNA1012735	no
GCA_034296535.1	Paraguay	2021	ST2526	KL22	PRJNA1012735	no
GCA_034296555.1	Paraguay	2022	ST2	KL3	PRJNA1012735	no
GCA_034296575.1	Paraguay	2021	ST79	KL9	PRJNA1012735	no
GCA_034296595.1	Paraguay	2021	ST2266	KL223	PRJNA1012735	no
GCA_034296605.1	Paraguay	2021	ST79	KL9	PRJNA1012735	no
GCA_034296615.1	Paraguay	2021	ST25	KL77	PRJNA1012735	no
GCA_034296625.1	Paraguay	2021	ST79	KL9	PRJNA1012735	no
GCA_034296675.1	Paraguay	2021	ST25	KL65	PRJNA1012735	no
GCA_034296695.1	Paraguay	2022	ST1	KL1	PRJNA1012735	no
GCA_034296705.1	Paraguay	2021	ST25	KL22	PRJNA1012735	no
GCA_034296735.1	Paraguay	2021	ST1	KL1	PRJNA1012735	no
GCA_034296755.1	Paraguay	2022	ST25	KL149	PRJNA1012735	no
GCA_034296765.1	Paraguay	2021	ST25	KL9	PRJNA1012735	no
GCA_034296795.1	Paraguay	2021	ST79	KL9	PRJNA1012735	no
GCA_034296805.1	Paraguay	2021	ST2526	KL22	PRJNA1012735	no
GCA_034296825.1	Paraguay	2022	ST25	KL149	PRJNA1012735	no
GCA_034296835.1	Paraguay	2022	ST2	KL3	PRJNA1012735	no
GCA_034296875.1	Paraguay	2022	ST2	KL3	PRJNA1012735	no
GCA_034296895.1	Paraguay	2021	ST2	KL3	PRJNA1012735	no
GCA_034296915.1	Paraguay	2021	ST2	KL3	PRJNA1012735	no
GCA_034296925.1	Paraguay	2021	ST2	KL2	PRJNA1012735	no
GCA_034296945.1	Paraguay	2021	ST79	KL9	PRJNA1012735	no
GCA_034296955.1	Paraguay	2021	ST2	KL3	PRJNA1012735	no
GCA_034296995.1	Paraguay	2021	ST25	KL23	PRJNA1012735	no
GCA_034297015.1	Paraguay	2022	ST2	KL3	PRJNA1012735	no
GCA_034297035.1	Paraguay	2021	ST79	KL9	PRJNA1012735	no
GCA_034297055.1	Paraguay	2022	ST2	KL3	PRJNA1012735	no
GCA_034297075.1	Paraguay	2021	ST15	KL9	PRJNA1012735	no
GCA_034297095.1	Paraguay	2021	ST79	KL9	PRJNA1012735	no
GCA_034297115.1	Paraguay	2021	ST2	KL3	PRJNA1012735	no
GCA_034297135.1	Paraguay	2021	ST2	KL3	PRJNA1012735	no
GCA_034297155.1	Paraguay	2021	ST79	KL9	PRJNA1012735	no
GCA_034297175.1	Paraguay	2021	ST79	KL9	PRJNA1012735	no
GCA_034297195.1	Paraguay	2021	ST79	KL9	PRJNA1012735	no
GCA_034297215.1	Paraguay	2021	ST25	KL77	PRJNA1012735	no
GCA_034297235.1	Paraguay	2021	ST79	KL9	PRJNA1012735	no
GCA_034297265.1	Paraguay	2021	ST79	KL9	PRJNA1012735	no
GCA_034297275.1	Paraguay	2022	ST1	KL1	PRJNA1012735	no
GCA_036533995.1	Brasil	2019	ST79	KL9	PRJNA982036	no
GCA_037545705.1	Peru	2022	ST2	KL9	PRJNA936143	si
GCA_037545745.1	Peru	2022	ST2	KL9	PRJNA936143	si
GCA_037545755.1	Peru	2022	ST2	KL9	PRJNA936143	si
GCA_037545805.1	Peru	2022	ST2	KL2	PRJNA936143	si
GCA_039677705.1	Brasil	2021	ST-	KL6	PRJNA677881	no
GCA_039677725.1	Brasil	2021	ST-	KL6	PRJNA677881	no
GCA_039677745.1	Brasil	2021	ST464	KL210	PRJNA677881	no
GCA_039677765.1	Brasil	2021	ST-	KL6	PRJNA677881	no
GCA_040151215.1	Brasil	2011	ST150	KL81	PRJNA677881	no
GCA_040223795.1	Brasil	2019	ST1	KL17	PRJNA1122506	no
GCA_041501475.1	Brasil	2015	ST329	KL9	PRJNA1149802	no
GCA_041927285.1	Argentina	2021	ST79	KL9	PRJNA1158483	no
GCA_042142835.1	Bolivia	2016	ST25	KL22	PRJNA1126181	no
GCA_042153585.1	Argentina	2018	ST25	KL23	PRJNA1126181	no
GCA_042862905.1	Brasil	2019	ST1	KL17	PRJNA1000208	no
GCA_042862925.1	Brasil	2019	ST79	KL9	PRJNA1000208	no
GCA_042938265.1	Brasil	2020	ST730	KL22	PRJNA1003529	no
GCA_042939275.1	Brasil	2020	ST79	KL9	PRJNA1003529	no
GCA_045064695.1	Argentina	2014	ST1	KL1	PRJNA1081428	no
GCA_045066095.1	Argentina	NA	ST15	KL77	PRJNA1081428	no
GCA_045066125.1	Argentina	NA	ST15	KL22	PRJNA1081428	no
GCA_045066145.1	Argentina	NA	ST79	KL77	PRJNA1081428	no
GCA_045066255.1	Argentina	NA	ST15	KL81	PRJNA1081428	no
GCA_045066275.1	Argentina	NA	ST109	KL49	PRJNA1081428	no
GCA_045066335.1	Argentina	NA	ST79	KL77	PRJNA1081428	no
GCA_045066365.1	Argentina	NA	ST15	KL22	PRJNA1081428	no
GCA_045066455.1	Argentina	NA	ST15	KL77	PRJNA1081428	no
GCA_045066515.1	Argentina	NA	ST109	KL49	PRJNA1081428	no
GCA_045066655.1	Argentina	NA	ST109	KL49	PRJNA1081428	no
GCA_048067285.1	Paraguay	2024	ST2	KL3	PRJNA1197744	no
GCA_048067295.1	Paraguay	2024	ST2	KL3	PRJNA1197744	no
GCA_048067305.1	Paraguay	2024	ST2	KL81	PRJNA1197744	no
GCA_048069565.1	Paraguay	2024	ST2	KL3	PRJNA1197744	no
GCA_048480215.1	Paraguay	2024	ST2	KL81	PRJNA1197744	no
GCA_048750995.1	Argentina	2010	ST172	KL51	PRJNA1209693	no
GCA_049355475.1	Chile	2022	ST318	KL22	PRJNA962904	no
GCA_049356015.1	Chile	2023	ST1	KL1	PRJNA962904	no
GCA_049388885.1	Chile	2023	ST1	KL1	PRJNA962904	no
GCA_049706335.1	Argentina	2010	ST25	KL23	PRJNA1245013	no
GCA_050030175.1	Paraguay	2024	ST2	KL81	PRJNA1197744	no
GCA_050030185.1	Paraguay	2024	ST79	KL9	PRJNA1197744	no
GCA_050030675.1	Paraguay	2024	ST2	KL3	PRJNA1197744	no
GCA_050269755.1	Venezuela	2015	ST79	KL22	PRJNA1255660	no
GCA_050896615.1	Chile	2020	ST162	KL19	PRJNA723341	no
GCA_050896635.1	Chile	2021	ST15	KL22	PRJNA723341	no
GCA_050896655.1	Chile	2020	ST318	KL22	PRJNA723341	no
GCA_050896695.1	Chile	2018	ST15	KL22	PRJNA723341	no
GCA_050896705.1	Chile	2020	ST15	KL22	PRJNA723341	no
GCA_050896775.1	Chile	2020	ST1	KL1	PRJNA723341	no
GCA_050896815.1	Chile	2021	ST162	KL19	PRJNA723341	no
GCA_050896855.1	Chile	2021	ST162	KL19	PRJNA723341	no
GCA_050896895.1	Chile	2020	ST318	KL22	PRJNA723341	no
GCA_050896935.1	Chile	2019	ST318	KL22	PRJNA723341	no
GCA_050896975.1	Chile	2015	ST15	KL22	PRJNA723341	no
GCA_050897015.1	Chile	2019	ST318	KL22	PRJNA723341	no
GCA_050897035.1	Chile	2019	ST318	KL22	PRJNA723341	no
GCA_050897055.1	Chile	2020	ST15	KL22	PRJNA723341	no
GCA_050897075.1	Chile	2020	ST15	KL22	PRJNA723341	no
GCA_050897095.1	Chile	2021	ST1	KL1	PRJNA723341	no
GCA_050897115.1	Chile	2021	ST318	KL22	PRJNA723341	no
GCA_050897135.1	Chile	2021	ST1	KL1	PRJNA723341	no
GCA_050897155.1	Chile	2020	ST318	KL22	PRJNA723341	no
GCA_050897175.1	Chile	2022	ST1	KL1	PRJNA723341	no
GCA_050897195.1	Chile	2024	ST162	KL19	PRJNA723341	no
GCA_050897215.1	Chile	2020	ST162	KL19	PRJNA723341	no
GCA_050897235.1	Chile	2020	ST193	KL48	PRJNA723341	no
GCA_050897255.1	Chile	2020	ST15	KL22	PRJNA723341	no
GCA_050897275.1	Chile	2024	ST162	KL19	PRJNA723341	no
GCA_050897295.1	Chile	2019	ST318	KL22	PRJNA723341	no
GCA_050897315.1	Chile	2007	ST15	KL22	PRJNA723341	no
GCA_050897325.1	Chile	2018	ST15	KL22	PRJNA723341	no
GCA_050897355.1	Chile	2016	ST15	KL9	PRJNA723341	no
GCA_050897395.1	Chile	2017	ST318	KL22	PRJNA723341	no
GCA_050897455.1	Chile	2016	ST1	KL1	PRJNA723341	no
GCA_050897475.1	Chile	2015	ST15	KL22	PRJNA723341	no
GCA_050897555.1	Chile	2015	ST15	KL22	PRJNA723341	no
GCA_050897575.1	Chile	2015	ST-	KL22	PRJNA723341	no
GCA_050897595.1	Chile	2011	ST318	KL22	PRJNA723341	no
GCA_050897675.1	Chile	2009	ST162	KL19	PRJNA723341	no
GCA_050897695.1	Chile	1997	ST109	KL49	PRJNA723341	no
GCA_050897715.1	Chile	2009	ST1	KL1	PRJNA723341	no
GCA_050897775.1	Chile	1993	ST109	KL49	PRJNA723341	no
GCA_050897795.1	Chile	1990	ST109	KL49	PRJNA723341	no
GCA_051169065.1	Brasil	2021	ST2	KL7	PRJNA613847	no
GCA_051169085.1	Brasil	2021	ST2	KL7	PRJNA613847	no
GCA_051169105.1	Brasil	2021	ST2	KL7	PRJNA613847	no
GCA_051169125.1	Brasil	2021	ST2	KL7	PRJNA613847	no
GCA_051169155.1	Brasil	2021	ST2	KL7	PRJNA613847	no
GCA_051169175.1	Brasil	2021	ST2	KL7	PRJNA613847	no
GCA_051169195.1	Brasil	2021	ST2	KL7	PRJNA613847	no
GCA_051169215.1	Brasil	2021	ST-	KL7	PRJNA613847	no
GCA_051169235.1	Brasil	2021	ST2	KL7	PRJNA613847	no
GCA_051169255.1	Brasil	2021	ST2	KL7	PRJNA613847	no
GCA_051169275.1	Brasil	2021	ST2	KL7	PRJNA613847	no
GCA_051169295.1	Brasil	2021	ST2	KL7	PRJNA613847	no
GCA_051169315.1	Brasil	2021	ST2	KL7	PRJNA613847	no
GCA_051169335.1	Brasil	2021	ST2	KL7	PRJNA613847	no
GCA_051169355.1	Brasil	2021	ST2	KL7	PRJNA613847	no
GCA_051169375.1	Brasil	2021	ST2	KL7	PRJNA613847	no
GCA_051169395.1	Brasil	2021	ST2	KL7	PRJNA613847	no
GCA_051169415.1	Brasil	2021	ST2	KL7	PRJNA613847	no
GCA_051169435.1	Brasil	2021	ST2	KL7	PRJNA613847	no
GCA_051169445.1	Brasil	2021	ST2	KL7	PRJNA613847	no
GCA_051169475.1	Brasil	2021	ST2	KL7	PRJNA613847	no
GCA_051169495.1	Brasil	2021	ST2	KL7	PRJNA613847	no
GCA_051169515.1	Brasil	2021	ST2	KL7	PRJNA613847	no
GCA_051169535.1	Brasil	2021	ST2	KL7	PRJNA613847	no
GCA_051169555.1	Brasil	2021	ST2	KL7	PRJNA613847	no
GCA_051169575.1	Brasil	2021	ST2	KL7	PRJNA613847	no
GCA_051169595.1	Brasil	2021	ST2	KL7	PRJNA613847	no
GCA_051169615.1	Brasil	2021	ST2	KL7	PRJNA613847	no
GCA_051169635.1	Brasil	2021	ST2	KL7	PRJNA613847	no
GCA_051169655.1	Brasil	2021	ST2	KL7	PRJNA613847	no
GCA_051169675.1	Brasil	2021	ST2	KL7	PRJNA613847	no
GCA_051169695.1	Brasil	2021	ST2	KL7	PRJNA613847	no
GCA_051169715.1	Brasil	2021	ST2	KL7	PRJNA613847	no
GCA_051169745.1	Brasil	2021	ST2	KL7	PRJNA613847	no
GCA_051169765.1	Brasil	2021	ST2	KL7	PRJNA613847	no
GCA_051169785.1	Brasil	2021	ST2	KL7	PRJNA613847	no
GCA_051169805.1	Brasil	2021	ST2	KL7	PRJNA613847	no
GCA_051169825.1	Brasil	2021	ST2	KL7	PRJNA613847	no
GCA_051169845.1	Brasil	2021	ST2	KL7	PRJNA613847	no
GCA_051169865.1	Brasil	2021	ST2	KL7	PRJNA613847	no
GCA_051169885.1	Brasil	2021	ST2	KL7	PRJNA613847	no
GCA_051169905.1	Brasil	2021	ST2	KL7	PRJNA613847	no
GCA_051169925.1	Brasil	2021	ST2	KL7	PRJNA613847	no
GCA_051169945.1	Brasil	2021	ST2	KL7	PRJNA613847	no
GCA_051169965.1	Brasil	2021	ST2	KL7	PRJNA613847	no
GCA_051169985.1	Brasil	2021	ST2	KL7	PRJNA613847	no
GCA_051170005.1	Brasil	2021	ST2	KL7	PRJNA613847	no
GCA_051170025.1	Brasil	2021	ST2	KL7	PRJNA613847	no
GCA_051170045.1	Brasil	2021	ST2	KL7	PRJNA613847	no
GCA_051170065.1	Brasil	2021	ST2	KL7	PRJNA613847	no
GCA_051170085.1	Brasil	2021	ST2	KL7	PRJNA613847	no
GCA_051170105.1	Brasil	2021	ST2	KL7	PRJNA613847	no
GCA_051170125.1	Brasil	2021	ST2	KL7	PRJNA613847	no
GCA_051170145.1	Brasil	2021	ST2	KL7	PRJNA613847	no
GCA_051170165.1	Brasil	2021	ST2	KL7	PRJNA613847	no
GCA_051170185.1	Brasil	2021	ST2	KL7	PRJNA613847	no
GCA_051170205.1	Brasil	2021	ST2	KL7	PRJNA613847	no
GCA_051170225.1	Brasil	2021	ST2	KL7	PRJNA613847	no
GCA_051170245.1	Brasil	2021	ST2	KL7	PRJNA613847	no
GCA_051170265.1	Brasil	2021	ST2	KL7	PRJNA613847	no
GCA_051170285.1	Brasil	2021	ST2	KL7	PRJNA613847	no
GCA_051170305.1	Brasil	2021	ST2	KL7	PRJNA613847	no
GCA_051170325.1	Brasil	2021	ST2	KL7	PRJNA613847	no
GCA_051170345.1	Brasil	2021	ST2	KL7	PRJNA613847	no
GCA_051170365.1	Brasil	2021	ST2	KL7	PRJNA613847	no
GCA_051170385.1	Brasil	2021	ST2	KL7	PRJNA613847	no
GCA_051170405.1	Brasil	2021	ST2	KL7	PRJNA613847	no
GCA_051170425.1	Brasil	2021	ST2	KL7	PRJNA613847	no
GCA_051170445.1	Brasil	2021	ST2	KL7	PRJNA613847	no
GCA_051170465.1	Brasil	2021	ST2	KL7	PRJNA613847	no
GCA_051170485.1	Brasil	2021	ST2	KL7	PRJNA613847	no
GCA_051170505.1	Brasil	2021	ST2	KL7	PRJNA613847	no
GCA_051170525.1	Brasil	2021	ST2	KL7	PRJNA613847	no
GCA_051170545.1	Brasil	2021	ST2	KL7	PRJNA613847	no
GCA_051170565.1	Brasil	2021	ST2	KL7	PRJNA613847	no
GCA_051170585.1	Brasil	2021	ST2	KL7	PRJNA613847	no
GCA_051170605.1	Brasil	2021	ST2	KL7	PRJNA613847	no
GCA_051170625.1	Brasil	2021	ST2	KL7	PRJNA613847	no
GCA_051170645.1	Brasil	2020	ST2	KL7	PRJNA613847	no
GCA_051170665.1	Brasil	2020	ST2	KL7	PRJNA613847	no
GCA_051170685.1	Brasil	2020	ST2	KL7	PRJNA613847	no
GCA_051170705.1	Brasil	2020	ST2	KL7	PRJNA613847	no
GCA_051170725.1	Brasil	2020	ST2	KL7	PRJNA613847	no
GCA_051170745.1	Brasil	2020	ST2	KL7	PRJNA613847	no
GCA_051170765.1	Brasil	2020	ST2	KL7	PRJNA613847	no
GCA_051170785.1	Brasil	2020	ST2	KL7	PRJNA613847	no
GCA_051170805.1	Brasil	2020	ST2	KL7	PRJNA613847	no
GCA_051170825.1	Brasil	2020	ST2	KL7	PRJNA613847	no
GCA_051170845.1	Brasil	2020	ST2	KL7	PRJNA613847	no
GCA_051776275.1	Bolivia	2016	ST267	KL9	PRJNA1126181	no
GCA_051842185.1	Brasil	2022	ST79	KL3	PRJNA1253151	no
GCA_051842205.1	Brasil	2023	ST25	KL22	PRJNA1253151	no
GCA_051842225.1	Brasil	2021	ST2	KL9	PRJNA1253151	no
GCA_051842245.1	Brasil	2020	ST2	KL7	PRJNA1253151	no
GCA_051842265.1	Brasil	2022	ST2	KL9	PRJNA1253151	no
GCA_051842285.1	Brasil	2022	ST2	KL9	PRJNA1253151	no
GCA_051842305.1	Brasil	2023	ST2	KL9	PRJNA1253151	no
GCA_051941745.1	Peru	2021	ST2724	KL9	PRJNA1128084	si
GCA_051942065.1	Peru	2021	ST2	KL9	PRJNA1128084	si
GCA_052115825.1	Brasil	2021	ST79	KL167	PRJNA1140850	no
GCA_052371335.1	Argentina	2023	ST25	KL2	PRJNA1140135	no
GCA_052371415.1	Argentina	2024	ST25	KL9	PRJNA1140135	no
GCA_052371495.1	Argentina	2023	ST2	KL3	PRJNA1140135	no
GCA_052371515.1	Argentina	2023	ST2	KL3	PRJNA1140135	no
GCA_052371655.1	Argentina	2024	ST2	KL3	PRJNA1140135	no
GCA_052371695.1	Argentina	2023	ST2	KL3	PRJNA1140135	no
GCA_052371715.1	Argentina	2023	ST2	KL3	PRJNA1140135	no
GCA_052371735.1	Argentina	2023	ST2	KL3	PRJNA1140135	no
GCA_052492475.1	Brasil	2022	ST2	KL7	PRJNA1311549	no
GCA_052492535.1	Brasil	2023	ST2	KL7	PRJNA1311549	no
GCA_052492555.1	Brasil	2022	ST2	KL7	PRJNA1311549	no
GCA_052492595.1	Brasil	2022	ST2	KL7	PRJNA1311549	no
GCA_052492615.1	Brasil	2022	ST2	KL7	PRJNA1311549	no
GCA_052492635.1	Brasil	2023	ST2	KL7	PRJNA1311549	no
GCA_052492675.1	Brasil	2023	ST2	KL7	PRJNA1311549	no
GCA_052492695.1	Brasil	2022	ST2	KL7	PRJNA1311549	no
GCA_052492715.1	Brasil	2022	ST2	KL7	PRJNA1311549	no
GCA_052492735.1	Brasil	2022	ST2	KL7	PRJNA1311549	no
GCA_052492755.1	Brasil	2022	ST2	KL7	PRJNA1311549	no
GCA_052492775.1	Brasil	2022	ST2	KL7	PRJNA1311549	no
GCA_052492795.1	Brasil	2023	ST2	KL7	PRJNA1311549	no
GCA_052492815.1	Brasil	2022	ST2	KL7	PRJNA1311549	no
GCA_052492835.1	Brasil	2022	ST2	KL7	PRJNA1311549	no
GCA_052492855.1	Brasil	2023	ST2	KL7	PRJNA1311549	no
GCA_052545275.1	Brasil	2023	ST2	KL7	PRJNA1311549	no
GCA_053309335.1	Brasil	2020	ST15	KL81	PRJNA1348140	no
GCA_053320195.1	Peru	2024	ST2	KL9	PRJNA1339005	si
GCA_053320235.1	Peru	2024	ST2	KL2	PRJNA1339005	si
GCA_053320255.1	Peru	2024	ST79	KL13	PRJNA1339005	no
GCA_053320275.1	Peru	2024	ST2	KL2	PRJNA1339005	si
GCA_053320295.1	Peru	2024	ST2	KL9	PRJNA1339005	si
GCA_053320315.1	Peru	2024	ST2	KL2	PRJNA1339005	si
GCA_053320335.1	Peru	2023	ST2	KL2	PRJNA1339005	si
GCA_053320355.1	Peru	2023	ST2	KL9	PRJNA1339005	si
GCA_053320375.1	Peru	2023	ST2	KL9	PRJNA1339005	si
GCA_053320395.1	Peru	2023	ST2	KL9	PRJNA1339005	si
GCA_053320415.1	Peru	2023	ST2	KL2	PRJNA1339005	si
GCA_053320435.1	Peru	2024	ST1079	KL107	PRJNA1339005	no
GCA_053320455.1	Peru	2024	ST2	KL9	PRJNA1339005	si
GCA_053373735.1	Peru	2024	ST2	KL2	PRJNA1339005	si
GCA_053373755.1	Peru	2024	ST2	KL2	PRJNA1339005	si
GCA_053373775.1	Peru	2024	ST2	KL9	PRJNA1339005	si
GCA_053373795.1	Peru	2024	ST79	KL13	PRJNA1339005	no
GCA_053373815.1	Peru	2024	ST1079	KL107	PRJNA1339005	no
GCA_053373835.1	Peru	2024	ST1079	KL107	PRJNA1339005	no
GCA_053819165.1	Bolivia	2016	ST25	KL22	PRJNA1369536	no
GCA_053819305.1	Argentina	NA	ST991	KL81	PRJNA1369536	no
GCA_053819325.1	Argentina	NA	ST25	KL9	PRJNA1369536	no
GCA_053819345.1	Bolivia	2016	ST25	KL49	PRJNA1369536	no
GCA_054458955.1	Chile	2021	ST15	KL22	PRJNA723341	no
GCA_054458975.1	Chile	2021	ST15	KL22	PRJNA723341	no
GCA_054458995.1	Chile	2022	ST15	KL22	PRJNA723341	no
GCA_055403185.1	Brasil	2022	ST15	KL9	PRJNA1420207	no
GCA_055403225.1	Brasil	2022	ST15	KL9	PRJNA1420207	no
GCA_055403245.1	Brasil	2021	ST986	KL18	PRJNA1420207	no
GCA_055403305.1	Brasil	2023	ST2	KL7	PRJNA1420207	no
GCA_055403365.1	Brasil	2022	ST25	KL14	PRJNA1420207	no
GCA_055403405.1	Brasil	2022	ST2	KL56	PRJNA1420207	no
GCA_055403465.1	Brasil	2022	ST15	KL9	PRJNA1420207	no
GCA_055403485.1	Brasil	2022	ST15	KL9	PRJNA1420207	no
GCA_055403505.1	Brasil	2022	ST15	KL9	PRJNA1420207	no
GCA_055403515.1	Brasil	2022	ST15	KL9	PRJNA1420207	no
GCA_055403605.1	Brasil	2021	ST79	KL33	PRJNA1420207	no
GCA_055403625.1	Brasil	2022	ST15	KL9	PRJNA1420207	no
GCA_055403665.1	Brasil	2022	ST15	KL9	PRJNA1420207	no
GCA_055403715.1	Brasil	2023	ST79	KL210	PRJNA1420207	no
GCA_055404845.1	Brasil	2021	ST79	KL9	PRJNA1420207	no
GCA_055405025.1	Brasil	2019	ST-	KL48	PRJNA1420207	no
GCA_055405425.1	Brasil	2021	ST2	KL7	PRJNA1420207	no
GCA_055405505.1	Brasil	2021	ST2	KL56	PRJNA1420207	no
GCA_055405585.1	Brasil	2021	ST15	KL81	PRJNA1420207	no
GCA_055405785.1	Brasil	2022	ST1448	KL14	PRJNA1420207	no
GCA_055405925.1	Brasil	2019	ST15	KL81	PRJNA1420207	no
GCA_055521135.1	Brasil	2021	ST162	KL19	PRJNA1415282	no
GCA_055521155.1	Brasil	2021	ST15	KL167	PRJNA1415308	no
GCA_055521185.1	Brasil	2021	ST2	KL7	PRJNA1415317	no
GCA_055521205.1	Brasil	2021	ST2	KL7	PRJNA1415314	no
GCA_055521235.1	Brasil	2021	ST162	KL19	PRJNA1415320	no
GCA_055521255.1	Brasil	2021	ST-	KL9	PRJNA1415326	no
GCA_055521295.1	Brasil	2021	ST193	KL92	PRJNA1415328	no
GCA_055521315.1	Brasil	2021	ST2	KL7	PRJNA1415331	no
GCA_055521335.1	Brasil	2021	ST1	KL17	PRJNA1415333	no
GCA_055521355.1	Brasil	2021	ST2	KL56	PRJNA1415334	no
GCA_055521375.1	Brasil	2021	ST2	KL7	PRJNA1415335	no
GCA_055521395.1	Brasil	2021	ST1	KL17	PRJNA1415336	no
GCA_055521415.1	Brasil	2021	ST-	KL77	PRJNA1415338	no
GCA_055521435.1	Brasil	2021	ST143	KL7	PRJNA1415340	no
GCA_057186615.1	Chile	2022	ST318	KL22	PRJNA962904	no
GCA_057186955.1	Chile	2022	ST1	KL1	PRJNA962904	no
GCA_057205515.1	Chile	2022	ST318	KL22	PRJNA962904	no
GCA_057211905.1	Chile	2022	ST1	KL1	PRJNA962904	no
GCA_058313035.1	Brasil	2023	ST15	KL81	PRJNA1477026	no
GCA_058666895.1	Brasil	2023	ST188	KL27	PRJNA1477026	no
GCA_058666915.1	Brasil	2023	ST15	KL81	PRJNA1477026	no
GCA_058666955.1	Brasil	2023	ST2	KL56	PRJNA1477026	no
GCA_058666975.1	Brasil	2023	ST2	KL56	PRJNA1477026	no
GCA_058667035.1	Brasil	2023	ST2	KL56	PRJNA1477026	no
GCA_058667075.1	Brasil	2023	ST25	KL22	PRJNA1477026	no
GCA_058667095.1	Brasil	2023	ST15	KL167	PRJNA1477026	no
GCA_058667155.1	Brasil	2023	ST188	KL27	PRJNA1477026	no
GCA_058667175.1	Brasil	2023	ST2	KL56	PRJNA1477026	no
GCA_058667195.1	Brasil	2023	ST2742	KL14	PRJNA1477026	no
GCA_058672075.1	Brasil	2023	ST2742	KL14	PRJNA1477026	no
GCA_058672095.1	Brasil	2023	ST-	KL27	PRJNA1477026	no
GCA_058672115.1	Brasil	2023	ST231	KL17	PRJNA1477026	no
GCA_058672145.1	Brasil	2023	ST2742	KL14	PRJNA1477026	no
GCA_058672235.1	Brasil	2023	ST15	KL81	PRJNA1477026	no
GCA_058672295.1	Brasil	2023	ST2	KL7	PRJNA1477026	no
GCA_058672335.1	Brasil	2023	ST-	KL9	PRJNA1477026	no
GCA_058672355.1	Brasil	2023	ST188	KL33	PRJNA1477026	no
GCA_058672415.1	Brasil	2023	ST2	KL56	PRJNA1477026	no
GCA_058672435.1	Brasil	2023	ST2	KL7	PRJNA1477026	no
GCA_058672455.1	Brasil	2023	ST231	KL17	PRJNA1477026	no
GCA_058672535.1	Brasil	2023	ST2	KL9	PRJNA1477026	no
GCA_058672555.1	Brasil	2023	ST1	KL17	PRJNA1477026	no
GCA_058672575.1	Brasil	2023	ST1	KL17	PRJNA1477026	no
GCA_058672635.1	Brasil	2023	ST2	KL7	PRJNA1477026	no
GCA_058672675.1	Brasil	2023	ST2742	KL9	PRJNA1477026	no
GCA_058672695.1	Brasil	2023	ST2	KL56	PRJNA1477026	no
GCA_058672735.1	Brasil	2023	ST15	KL81	PRJNA1477026	no
GCA_058672755.1	Brasil	2023	ST2	KL7	PRJNA1477026	no
GCA_058672775.1	Brasil	2023	ST2	KL7	PRJNA1477026	no
GCA_058672875.1	Brasil	2023	ST2742	KL9	PRJNA1477026	no
GCA_058672895.1	Brasil	2023	ST2742	KL9	PRJNA1477026	no
GCA_058672975.1	Brasil	2023	ST2	KL9	PRJNA1477026	no
GCA_058673035.1	Brasil	2023	ST1	KL17	PRJNA1477026	no
GCA_058673075.1	Brasil	2023	ST216	KL81	PRJNA1477026	no
GCA_058673135.1	Brasil	2023	ST-	KL106	PRJNA1477026	no
GCA_058673155.1	Brasil	2023	ST2	KL56	PRJNA1477026	no
GCA_058673175.1	Brasil	2023	ST729	KL6	PRJNA1477026	no
GCA_058673275.1	Brasil	2023	ST2742	KL22	PRJNA1477026	no
GCA_058673285.1	Brasil	2023	ST2742	KL22	PRJNA1477026	no
GCA_058673315.1	Brasil	2023	ST2	KL7	PRJNA1477026	no
GCA_058673385.1	Brasil	2023	ST2742	KL22	PRJNA1477026	no
GCA_059036965.1	Argentina	NA	ST1	KL1	PRJNA1404816	no
GCA_059040385.1	Argentina	1993	ST15	KL77	PRJNA1404816	no
GCA_059040405.1	Argentina	1994	ST15	KL77	PRJNA1404816	no
GCA_059040425.1	Argentina	1994	ST15	KL77	PRJNA1404816	no
GCA_059040505.1	Argentina	1994	ST15	KL77	PRJNA1404816	no
GCA_059041325.1	Argentina	1998	ST79	KL77	PRJNA1404816	no
GCA_059041335.1	Argentina	1998	ST79	KL77	PRJNA1404816	no
GCA_059041385.1	Argentina	NA	ST79	KL49	PRJNA1404816	no
GCA_900519195.1	Venezuela	2016	ST2	KL16	PRJEB26670	no
SRR35795686	Colombia	2019	ST345	KL54	PRJNA1322038	no
SRR37377127	Peru	2012	ST158	KL6	PRJNA1015678	no
SRR37377138	Peru	2013	ST158	KL6	PRJNA1015678	no
SRR37377149	Peru	2016	ST158	KL6	PRJNA1015678	no
SRR37377150	Peru	2016	ST158	KL6	PRJNA1015678	no
