genoma	tipo_rep	contig	rep_ini	rep_fin	contig_len	pident	cov
ERR17057656	r3-T18	contig00027	277	1227	5372	100.0	100.0
ERR17057656	r3-T3	contig00022	21361	22482	25034	100.0	100.0
ERR17057656	r3-T31	contig00025	284	1216	7228	99.14	100.0
ERR17057658	r3-T28	contig00052	8441	9379	9737	100.0	100.0
ERR17057658	r3-T3	contig00036	27343	28464	28896	100.0	100.0
ERR17057658	r3-T86	contig00047	8198	9127	11354	100.0	100.0
ERR17057662	r1-T4	contig00079	93	1199	2089	95.4	93.7
ERR17057662	r3-T11	contig00060	4054	4977	11227	99.35	100.0
ERR17057662	r3-T26	contig00072	308	1249	5392	100.0	100.0
ERR17057663	r1-T4	contig00077	870	1976	2089	95.4	93.7
ERR17057663	r3-T11	contig00059	4054	4977	12496	99.35	100.0
ERR17057663	r3-T26	contig00072	309	1250	5392	100.0	100.0
ERR17057664	r3-T26	contig00049	310	1251	5392	100.0	100.0
ERR17057667	r3-T13	contig00053	11687	12616	15398	100.0	100.0
ERR17057669	r3-T3	contig00024	21362	22483	25035	100.0	100.0
ERR17057669	r3-T5	contig00036	754	1677	3244	100.0	100.0
ERR17057669	r3-T7	contig00021	4552	5724	26881	100.0	100.0
ERR17057672	r3-T27	contig00008	9910	10851	27650	100.0	100.0
ERR17057674	r3-T13	contig00048	3285	4214	10485	100.0	100.0
ERR17057674	r3-T3	contig00036	2553	3674	25034	100.0	100.0
ERR17057680	r3-T23	contig00009	141404	142303	149304	99.33	100.0
ERR17057680	rP-T1	contig00022	46748	47923	70067	100.0	100.0
ERR17057681	r3-T23	contig00001	7002	7901	428127	99.33	100.0
ERR17057681	rP-T1	contig00018	22145	23320	70067	100.0	100.0
ERR17057689	r3-T26	contig00046	311	1252	5392	100.0	100.0
ERR17057690	r3-T26	contig00048	2212	3153	5392	100.0	100.0
ERR17057691	r3-T26	contig00048	1989	2930	5392	100.0	100.0
ERR17057692	r3-T26	contig00047	301	1242	5392	100.0	100.0
ERR17057693	r3-T1	contig00029	908	1858	11223	98.53	100.0
ERR17057694	r3-T7	contig00021	29214	30386	52676	100.0	100.0
ERR17057694	r3-T86	contig00027	7135	8064	8185	99.89	100.0
ERR17057697	r3-T13	contig00063	3648	4577	15398	100.0	100.0
ERR17057700	r3-T24	contig00013	3430	4365	7365	99.68	100.0
ERR17057702	r3-T2	contig00071	988	1938	18307	100.0	100.0
ERR17057702	r3-T46	contig00025	48154	49323	54254	99.92	100.0
ERR17057702	r3-T6	contig00071	12268	13197	18307	100.0	100.0
ERR17057702	r3-T78	contig00096	213	1142	5612	99.78	100.0
ERR17057702	r3-T91	contig00068	17300	18214	20598	100.0	100.0
ERR17057705	r3-T3	contig00041	2551	3672	25033	100.0	100.0
ERR17057708	r3-T13	contig00014	13564	14493	20501	100.0	100.0
ERR17057708	r3-T43	contig00014	875	1804	20501	100.0	100.0
ERR17057710	r3-T11	contig00055	7518	8441	12494	99.35	100.0
ERR17057710	r3-T26	contig00066	4334	5275	5392	100.0	100.0
ERR17057715	r3-T3	contig00010	60844	61965	112266	99.91	100.0
ERR17057715	r3-T34	contig00022	255	1178	9737	99.89	100.0
ERR17057715	r3-T7	contig00017	12637	13809	30787	100.0	100.0
ERR17057720	r3-T3	contig00037	21361	22482	25034	100.0	100.0
ERR17057720	r3-T31	contig00053	1033	1965	5676	99.14	100.0
ERR17057720	r3-T5	contig00059	1677	2600	3469	99.89	100.0
ERR17057724	r3-T15	contig00077	972	1904	2390	100.0	100.0
ERR17057726	r3-T18	contig00043	277	1227	6831	100.0	100.0
ERR17057726	r3-T3	contig00023	9048	10169	50275	100.0	100.0
ERR17057726	r3-T6	contig00040	3265	4194	9231	100.0	100.0
ERR17057727	r3-T18	contig00041	5754	6704	6831	100.0	100.0
ERR17057727	r3-T3	contig00021	9048	10169	50275	100.0	100.0
ERR17057727	r3-T6	contig00037	3241	4170	9231	100.0	100.0
ERR17057729	r3-T3	contig00006	61052	62173	109999	100.0	100.0
ERR17057729	r3-T7	contig00074	6872	8044	8316	100.0	100.0
ERR17057729	r3-T80	contig00076	5692	6639	8135	96.52	100.0
ERR17057730	r3-T26	contig00109	4302	5243	5392	100.0	100.0
ERR17057731	r3-T26	contig00109	4314	5255	5392	100.0	100.0
ERR17057732	r3-T21	contig00024	27290	28462	43413	99.83	100.0
ERR17057732	r3-T78	contig00035	4431	5351	5498	95.11	99.0
ERR17057732	r3-T91	contig00032	10084	10998	15781	100.0	100.0
ERR17057733	r3-T13	contig00024	1391	2320	4039	100.0	100.0
ERR17057733	r3-T50	contig00016	18347	19300	19442	100.0	100.0
ERR17057736	r3-T27	contig00052	7994	8932	27325	100.0	100.0
ERR17057736	r3-T7	contig00082	273	1445	7989	100.0	100.0
ERR17057737	r3-T12	contig00053	10429	11379	12283	100.0	100.0
ERR17057737	r3-T13	contig00064	1632	2561	3336	100.0	100.0
ERR17057737	r3-T3	contig00012	73478	74599	114923	100.0	100.0
ERR17057738	r3-T12	contig00053	548	1498	12365	100.0	100.0
ERR17057738	r3-T13	contig00056	1407	2336	8071	100.0	100.0
ERR17057738	r3-T3	contig00012	49960	51081	114361	100.0	100.0
ERR17057744	r3-T6	contig00039	3070	3999	8914	100.0	100.0
ERR4436639	r3-T14	contig00078	9876	10799	10975	100.0	100.0
ERR4436640	r3-T14	contig00072	1622	2545	16014	100.0	100.0
ERR4436640	r3-T3	contig00036	33035	34156	37672	100.0	100.0
ERR4436744	r3-T26	contig00130	2328	3269	5408	100.0	100.0
ERR5709464	r3-T14	contig00084	7757	8680	10975	100.0	100.0
ERR5709466	r3-T13	contig00068	2422	3351	4234	100.0	100.0
ERR5709466	r3-T14	contig00057	1602	2525	10282	100.0	100.0
ERR5709466	r3-T3	contig00030	26254	27375	41413	100.0	100.0
ERR5709481	r3-T14	contig00032	9500	10423	16442	100.0	100.0
GCA_000763365.1	r3-T13	JQSF01000009.1	8686	9615	15324	100.0	100.0
GCA_000763365.1	r3-T14	JQSF01000049.1	1738	2661	10589	100.0	100.0
GCA_000814165.3	r3-T20	CP010903.1	43603	44808	66409	100.0	100.0
GCA_000814165.3	r3-T67	CP010903.1	56710	57618	66409	96.59	100.0
GCA_000814165.3	r3-T7	CP010369.1	46800	47972	89111	100.0	100.0
GCA_000814345.1	r3-T13	CP010400.1	7617	8546	9327	100.0	100.0
GCA_000814345.1	r3-T3	CP010398.1	109470	110591	114848	100.0	100.0
GCA_000836625.1	r3-T13	JXSV01000049.1	121	1050	1830	100.0	100.0
GCA_000836625.1	r3-T14	JXSV01000040.1	7913	8836	10569	100.0	100.0
GCA_000966305.1	r3-T13	LANH01000059.1	4043	4972	5792	100.0	100.0
GCA_000966305.1	r3-T18	LANH01000107.1	1416	2366	4326	100.0	100.0
GCA_000988155.1	r3-T14	LAXF01000042.1	1711	2634	10490	100.0	100.0
GCA_000988155.1	r3-T3	LAXF01000040.1	16862	17983	34702	100.0	100.0
GCA_000988155.1	rP-T1	LAXF01000049.1	1918	3093	13806	100.0	100.0
GCA_001500225.1	r3-T13	LMZH01000072.1	1811	2740	4101	100.0	100.0
GCA_001500225.1	r3-T14	LMZH01000002.1	2913	3836	9412	100.0	100.0
GCA_001500225.1	r3-T3	LMZH01000063.1	33077	34198	67062	100.0	100.0
GCA_001617545.1	r3-T152	CP015148.1	2754	3701	5813	100.0	100.0
GCA_001617545.1	r3-T164	CP015147.1	522	1460	5562	100.0	100.0
GCA_001617545.1	r3-T8	CP015146.1	376	1263	10498	100.0	100.0
GCA_001649615.1	r1-T18	LUUW01000412.1	1292	2503	3018	96.12	100.0
GCA_001649615.1	r3-T14	LUUW01000148.1	9296	10219	13138	100.0	100.0
GCA_001649625.1	r1-T18	LUUV01000374.1	921	2132	3018	96.12	100.0
GCA_001649625.1	r3-T14	LUUV01000120.1	4608	5531	9212	100.0	100.0
GCA_001649675.1	r3-T1	LUUZ01000357.1	5361	6311	8871	100.0	100.0
GCA_001649705.1	r3-T1	LUVB01000892.1	1051	2001	3604	100.0	100.0
GCA_001649705.1	rP-T1	LUVB01000562.1	70	1245	1326	100.0	100.0
GCA_001649765.1	r3-T1	LUVG01000346.1	5710	6660	8881	100.0	100.0
GCA_001649795.1	r3-T1	LUVH01000387.1	5344	6294	8861	100.0	100.0
GCA_001649815.1	r1-T18	LUUY01000673.1	1418	2629	3018	96.12	100.0
GCA_001649815.1	r3-T69	LUUY01000347.1	617	1537	4045	99.35	100.0
GCA_001649875.1	r3-T1	LUVC01000537.1	1103	2053	6888	100.0	100.0
GCA_001649895.1	r3-T1	LUVI01000100.1	830	1780	8586	100.0	100.0
GCA_001649955.1	r3-T1	LUVL01000269.1	6644	7594	8735	100.0	100.0
GCA_001649975.1	r1-T18	LUVM01000540.1	1436	2647	3018	96.12	100.0
GCA_001649975.1	r3-T14	LUVM01000687.1	1132	2055	5031	100.0	100.0
GCA_001684275.1	r3-T28	LBCP01000081.1	7183	8121	17412	100.0	100.0
GCA_001684275.1	r3-T5	LBCP01000044.1	1713	2636	35885	100.0	100.0
GCA_001684275.1	r3-T6	LBCP01000077.1	1474	2403	12533	100.0	100.0
GCA_001684275.1	r3-T7	LBCP01000063.1	4935	6107	16981	99.74	100.0
GCA_001758065.1	r3-T31	MANM01000508.1	1535	2467	3425	99.14	100.0
GCA_001758135.1	r3-T1	MANL01000556.1	5580	6530	8861	100.0	100.0
GCA_001758165.1	r3-T43	MANR01000466.1	51	980	3281	100.0	100.0
GCA_001758165.1	rP-T1	MANR01000500.1	16	1191	2977	100.0	100.0
GCA_001867335.2	r3-T3	MDLG02000212.1	2086	3207	3276	100.0	100.0
GCA_001867335.2	r3-T5	MDLG02000412.1	2245	3168	4383	100.0	100.0
GCA_001867335.2	r3-T6	MDLG02000159.1	1840	2769	3572	100.0	100.0
GCA_001891205.1	r3-T13	MPPK01000021.1	2116	3045	8978	100.0	100.0
GCA_001891205.1	r3-T3	MPPK01000010.1	49754	50875	112672	99.73	100.0
GCA_002018935.1	r3-T1	MWPK01000176.1	6593	7543	8901	100.0	100.0
GCA_002018935.1	r3-T57	MWPK01000116.1	2206	3141	5470	100.0	100.0
GCA_002018965.1	r3-T1	MWPL01000257.1	7602	8552	8901	100.0	100.0
GCA_002018965.1	r3-T57	MWPL01000144.1	2292	3227	5470	100.0	100.0
GCA_002018995.1	r3-T1	MWPM01000277.1	5842	6792	8901	100.0	100.0
GCA_002019005.1	r3-T1	MWPN01000750.1	1165	2115	3263	100.0	100.0
GCA_002019025.1	r3-T1	MWPO01000214.1	6210	7160	8901	100.0	100.0
GCA_002019035.1	r3-T1	MWPP01000311.1	6164	7114	9057	100.0	100.0
GCA_002250465.1	r3-T1	NLCO01000066.1	109	1059	8753	100.0	100.0
GCA_002727055.2	r3-T13	NXDV01000034.1	1377	2306	7308	100.0	100.0
GCA_002727055.2	r3-T3	CP027483.1	4258	5379	114918	100.0	100.0
GCA_002727055.2	r3-T34	NXDV01000033.1	3536	4459	8822	100.0	100.0
GCA_002795345.1	rP-T1	PHFG01000211.1	2667	3842	3903	95.24	100.0
GCA_002922935.1	r3-T69	PQVM01000012.1	2887	3807	3941	99.35	100.0
GCA_003130565.1	r3-T14	QFLH01000025.1	1495	2418	10066	100.0	100.0
GCA_003325575.1	r3-T1	QORF01000131.1	196	1146	8930	100.0	100.0
GCA_003325575.1	rP-T1	QORF01000049.1	1779	2954	8993	100.0	100.0
GCA_003325635.1	r3-T1	QORG01000046.1	147	1097	5619	100.0	100.0
GCA_003325665.1	r3-T1	QORH01000120.1	1215	2165	2323	100.0	100.0
GCA_003583525.1	r3-T1	QXNZ01000012.1	7764	8714	8833	100.0	100.0
GCA_003583615.1	r3-T1	QYCV01000009.1	2943	3893	8926	100.0	100.0
GCA_003583665.1	r3-T14	QXOL01000083.1	7410	8333	9905	100.0	100.0
GCA_003584375.1	rP-T1	QXOJ01000177.1	2348	3523	3753	100.0	100.0
GCA_003584385.1	r3-T1	QXOK01000018.1	7872	8741	8773	100.0	91.5
GCA_003584385.1	rP-T1	QXOK01000276.1	24426	25601	26525	100.0	100.0
GCA_003584455.1	r1-T4	QXOP01000009.1	545	1651	2074	95.4	93.7
GCA_003584455.1	r3-T1	QXOP01000006.1	7763	8713	8819	100.0	100.0
GCA_003584485.1	r3-T1	QYCW01000082.1	7474	8424	8858	100.0	100.0
GCA_003584485.1	rP-T1	QYCW01000021.1	9682	10857	67397	100.0	100.0
GCA_003584505.1	r3-T1	QYCX01000061.1	4800	5750	8858	100.0	100.0
GCA_003584535.1	r3-T1	QYCU01000079.1	234	1184	8858	100.0	100.0
GCA_003595675.1	r3-T1	QXOR01000001.1	579	1529	8733	100.0	100.0
GCA_003595675.1	rP-T1	QXOR01000132.1	1186	2361	2594	100.0	100.0
GCA_003595685.1	r3-T1	QXOS01000024.1	7498	8448	8754	100.0	100.0
GCA_003595685.1	rP-T1	QXOS01000203.1	786	1961	2313	100.0	100.0
GCA_003595745.1	r3-T1	QXOT01000024.1	7498	8448	8598	100.0	100.0
GCA_003595755.1	rP-T1	QXOU01000038.1	1	1107	1308	100.0	94.1
GCA_003595765.1	r3-T1	QXOV01000014.1	3740	4690	8818	100.0	100.0
GCA_003595805.1	r3-T1	QXOX01000014.1	29	876	8796	100.0	90.0
GCA_003595815.1	r3-T14	QXOY01000004.1	7734	8657	10233	100.0	100.0
GCA_003595835.1	r3-T1	QXPB01000003.1	7733	8683	8783	100.0	100.0
GCA_003595865.1	r3-T14	QXPC01000016.1	7712	8635	10921	100.0	100.0
GCA_003595875.1	r3-T1	QXPD01000009.1	234	1184	8730	100.0	100.0
GCA_003595875.1	rP-T1	QXPD01000414.1	740	1915	3033	100.0	100.0
GCA_003595885.1	r3-T1	QXPE01000007.1	25	932	8773	99.67	95.5
GCA_003595925.1	r3-T1	QXPF01000008.1	271	1221	8792	100.0	100.0
GCA_003595925.1	rP-T1	QXPF01000006.1	50835	52010	61387	100.0	100.0
GCA_003595985.1	r3-T1	QXPJ01000012.1	7505	8455	8831	100.0	100.0
GCA_003595985.1	rP-T1	QXPJ01000008.1	14974	16149	55465	100.0	100.0
GCA_003596025.1	r3-T1	QXPQ01000077.1	2981	3931	8858	100.0	100.0
GCA_003596065.1	r3-T1	QXPR01000106.1	5868	6818	8858	100.0	100.0
GCA_003596075.1	r3-T1	QXPT01000063.1	234	1184	8858	100.0	100.0
GCA_003596105.1	r3-T1	QXPU01000007.1	313	1263	8787	100.0	100.0
GCA_003596125.1	r3-T14	QXOW01000005.1	5981	6904	10851	100.0	100.0
GCA_003596125.1	rP-T1	QXOW01000036.1	9805	10980	47393	100.0	100.0
GCA_003596135.1	r3-T1	QXOZ01000001.1	1693	2643	4510	100.0	100.0
GCA_003596135.1	r3-T14	QXOZ01000412.1	3044	3967	6626	100.0	100.0
GCA_003596165.1	r3-T13	QXPA01000057.1	5996	6925	12910	100.0	100.0
GCA_003596165.1	rP-T1	QXPA01000014.1	2037	3212	12428	100.0	100.0
GCA_003596175.1	r3-T1	QXPI01000010.1	2252	3202	8834	100.0	100.0
GCA_003596205.1	r3-T1	QXPM01000002.1	746	1696	8802	100.0	100.0
GCA_003596205.1	rP-T1	QXPM01000136.1	27243	28418	35421	100.0	100.0
GCA_003596215.1	rP-T1	QXPN01000424.1	208	1383	3421	100.0	100.0
GCA_003596235.1	r3-T1	QXPO01000001.1	7487	8437	8835	100.0	100.0
GCA_003596235.1	rP-T1	QXPO01000021.1	14978	16153	55473	100.0	100.0
GCA_003596265.1	r3-T1	QXPP01000004.1	7550	8500	8816	100.0	100.0
GCA_003596275.1	r3-T1	QXPS01000018.1	855	1805	2480	100.0	100.0
GCA_003597385.1	r3-T1	QXPV01000005.1	328	1278	8796	100.0	100.0
GCA_003812485.1	r3-T1	CP033870.1	142	1092	6667	100.0	100.0
GCA_003812485.1	r3-T14	CP033871.1	196	1119	14807	100.0	100.0
GCA_003812485.1	r3-T22	CP033872.1	174	1088	35502	100.0	100.0
GCA_003812485.1	r3-T24	CP033871.1	7945	8880	14807	100.0	100.0
GCA_004347305.1	r3-T1	SDHE01000043.1	1413	2363	16772	100.0	100.0
GCA_004347305.1	r3-T14	SDHE01000043.1	7966	8889	16772	100.0	100.0
GCA_004347325.1	r3-T1	SDHB01000052.1	1514	2464	16873	100.0	100.0
GCA_004347325.1	r3-T14	SDHB01000052.1	8067	8990	16873	100.0	100.0
GCA_004359905.1	r3-T1	SDHD01000058.1	917	1867	16772	100.0	100.0
GCA_004359905.1	r3-T14	SDHD01000058.1	11064	11987	16772	100.0	100.0
GCA_006493735.1	r3-T1	VHGM01000075.1	3967	4917	8731	100.0	100.0
GCA_006493735.1	r3-T18	VHGM01000080.1	877	1827	5732	99.79	100.0
GCA_006493975.1	r3-T7	VHGJ01000144.1	4441	5613	5774	100.0	100.0
GCA_006494085.1	r3-T3	VHGR01000038.1	43303	44424	102861	99.2	100.0
GCA_006494085.1	r3-T5	VHGR01000044.1	1259	2182	2237	100.0	100.0
GCA_006494085.1	r3-T57	VHGR01000049.1	4070	5005	5036	100.0	100.0
GCA_006494575.1	r3-T7	VHGS01000080.1	6054	7226	7386	100.0	100.0
GCA_006494575.1	r3-T94	VHGS01000045.1	7986	8984	17471	99.3	100.0
GCA_006843645.1	r3-T3	CP032217.1	59127	60248	80061	100.0	100.0
GCA_008180145.1	r3-T1	VTBA01000052.1	1206	2156	12940	100.0	100.0
GCA_008180145.1	r3-T13	VTBA01000067.1	1621	2550	3306	100.0	100.0
GCA_008477565.1	r3-T3	PGTR01000095.1	7673	8794	11129	100.0	100.0
GCA_009754965.1	r3-T1	WPIP01000333.1	878	1828	1894	100.0	100.0
GCA_009754965.1	r3-T13	WPIP01000345.1	760	1689	1789	100.0	100.0
GCA_009754985.1	r3-T1	WPIQ01000037.1	12686	13636	13703	100.0	100.0
GCA_009754985.1	r3-T16	WPIQ01000021.1	13047	14177	55356	100.0	100.0
GCA_009754985.1	rP-T1	WPIQ01000018.1	50445	51620	68702	100.0	100.0
GCA_009828675.1	r3-T13	WUBY01000068.1	743	1672	3280	100.0	100.0
GCA_009829535.1	r3-T1	WTZO01000057.1	9774	10724	16673	100.0	100.0
GCA_009829535.1	r3-T14	WTZO01000057.1	3248	4171	16673	100.0	100.0
GCA_009829545.1	r3-T1	WTZL01000043.1	9106	10056	15829	100.0	100.0
GCA_009829555.1	r3-T1	WTZM01000056.1	6192	7142	8024	100.0	100.0
GCA_009829555.1	r3-T67	WTZM01000057.1	752	1660	7045	100.0	100.0
GCA_009898245.1	r3-T13	VHOG01000066.1	1621	2550	3306	100.0	100.0
GCA_009898245.1	r3-T14	VHOG01000053.1	2295	3218	11668	100.0	100.0
GCA_009898245.1	rP-T1	VHOG01000054.1	1796	2971	10766	100.0	100.0
GCA_012276735.1	r3-T1	JAAXKW010000034.1	7761	8711	8830	100.0	100.0
GCA_012276745.1	r3-T26	JAAXKV010000038.1	3867	4808	5463	100.0	100.0
GCA_012276745.1	rP-T1	JAAXKV010000018.1	22125	23300	63521	100.0	100.0
GCA_012277115.1	rP-T1	JAAXKU010000019.1	22133	23308	63537	100.0	100.0
GCA_012524275.1	r3-T14	JABACK010000043.1	8113	9036	10558	100.0	100.0
GCA_012781995.1	r3-T14	JAATOE010000053.1	1475	2398	10028	100.0	100.0
GCA_012955825.1	r3-T14	JABBYU010000096.1	1622	2545	14909	100.0	100.0
GCA_012955845.1	r3-T14	JABBYV010000072.1	1750	2673	14909	100.0	100.0
GCA_012956585.1	r3-T14	JABBYT010000083.1	1622	2545	14909	100.0	100.0
GCA_013138415.1	r3-T1	WJWS01000063.1	74	1024	8785	100.0	100.0
GCA_013138415.1	r3-T15	WJWS01000183.1	91	1022	1649	99.79	100.0
GCA_013138435.1	r3-T15	WJWT01000013.1	1224	2156	2275	100.0	100.0
GCA_013138435.1	r3-T8	WJWT01000031.1	11319	12203	12203	100.0	99.7
GCA_013138435.1	rP-T1	WJWT01000062.1	38297	39472	45488	100.0	100.0
GCA_013138475.1	r3-T1	WJWR01000003.1	2951	3901	8731	100.0	100.0
GCA_015536845.1	r3-T13	JABLWT010000121.1	884	1813	5251	100.0	100.0
GCA_015536845.1	r3-T14	JABLWT010000091.1	7468	8391	10055	100.0	100.0
GCA_015536845.1	r3-T3	JABLWT010000120.1	3438	4559	5539	100.0	100.0
GCA_015536855.1	r3-T13	JABLWS010000053.1	757	1686	3307	100.0	100.0
GCA_015536855.1	r3-T14	JABLWS010000046.1	9553	10476	10975	100.0	100.0
GCA_015536865.1	r3-T1	JACDYA010000035.1	233	1183	12947	100.0	100.0
GCA_015536865.1	r3-T67	JACDYA010000031.1	2322	3230	19508	100.0	100.0
GCA_015536875.1	r3-T1	JABLWU010000061.1	4524	5474	8858	100.0	100.0
GCA_015536875.1	rP-T1	JABLWU010000054.1	13689	14864	16685	100.0	100.0
GCA_015536925.1	r3-T13	JABLWP010000052.1	757	1686	3307	100.0	100.0
GCA_015536925.1	r3-T14	JABLWP010000045.1	7914	8837	10975	100.0	100.0
GCA_015536925.1	r3-T3	JABLWP010000025.1	30310	31431	64245	100.0	100.0
GCA_015536935.1	r3-T1	JABLWR010000063.1	6465	7415	8858	100.0	100.0
GCA_015536935.1	rP-T1	JABLWR010000034.1	37391	38566	40389	100.0	100.0
GCA_015536955.1	r3-T1	JACDYB010000055.1	255	1205	9097	100.0	100.0
GCA_015536965.1	r3-T13	JABLWO010000064.1	1382	2311	3059	100.0	100.0
GCA_015536965.1	r3-T16	JABLWO010000027.1	52741	53871	56918	97.79	100.0
GCA_015536965.1	rP-T1	JABLWO010000041.1	1823	2998	17646	100.0	100.0
GCA_015536975.1	r3-T1	JABLWQ010000040.1	1602	2552	8858	100.0	100.0
GCA_015537025.1	r3-T1	JACDYC010000052.1	2563	3513	8858	100.0	100.0
GCA_015537035.1	r3-T1	JABLWN010000055.1	387	1337	8858	100.0	100.0
GCA_015537045.1	r3-T14	JACDYE010000080.1	848	1771	9953	100.0	100.0
GCA_015537085.1	r3-T1	JACDYD010000056.1	3202	4152	8858	100.0	100.0
GCA_015537085.1	r3-T16	JACDYD010000028.1	33387	34517	55482	100.0	100.0
GCA_015537085.1	rP-T1	JACDYD010000046.1	1824	2999	17647	100.0	100.0
GCA_015537095.1	r3-T1	JABLWM010000051.1	222	1172	16800	100.0	100.0
GCA_015537095.1	r3-T14	JABLWM010000051.1	10369	11292	16800	100.0	100.0
GCA_015537125.1	r3-T1	JACDYF010000038.1	11619	12569	16709	100.0	100.0
GCA_015537125.1	r3-T13	JACDYF010000047.1	757	1686	3307	100.0	100.0
GCA_015537145.1	r3-T1	JACDYH010000050.1	319	1269	8858	100.0	100.0
GCA_015537155.1	r3-T1	JABLWL010000047.1	4801	5751	8858	100.0	100.0
GCA_015537155.1	rP-T1	JABLWL010000022.1	39355	40530	65485	100.0	100.0
GCA_015537165.1	r3-T14	JABLWK010000047.1	8779	9702	10975	100.0	100.0
GCA_015537165.1	r3-T23	JABLWK010000042.1	4386	5285	15806	100.0	100.0
GCA_015537165.1	r3-T3	JABLWK010000026.1	31570	32691	44738	100.0	100.0
GCA_015537165.1	r3-T55	JABLWK010000066.1	2058	2996	3192	100.0	100.0
GCA_015537175.1	r3-T1	JACDYG010000079.1	1773	2723	6718	100.0	100.0
GCA_015537175.1	r3-T14	JACDYG010000070.1	18	941	10209	100.0	100.0
GCA_015537225.1	r3-T1	JACDYI010000029.1	6845	7795	21222	100.0	100.0
GCA_015537225.1	r3-T62	JACDYI010000029.1	19591	20514	21222	99.89	100.0
GCA_015537245.1	r3-T1	JABLWI010000034.1	11083	12033	23481	100.0	100.0
GCA_015537245.1	r3-T14	JABLWI010000034.1	963	1886	23481	100.0	100.0
GCA_015537245.1	r3-T9	JABLWI010000016.1	97641	98489	108246	99.18	100.0
GCA_015537255.1	r3-T1	JABLWH010000042.1	269	1219	12947	100.0	100.0
GCA_015537255.1	r3-T13	JABLWH010000048.1	871	1800	3548	100.0	100.0
GCA_015537275.1	r3-T1	JABLWJ010000057.1	9607	10557	16916	100.0	100.0
GCA_015537275.1	r3-T14	JABLWJ010000057.1	3081	4004	16916	100.0	100.0
GCA_015537285.1	r3-T1	JABLWG010000021.1	3271	4221	8858	100.0	100.0
GCA_015537295.1	r3-T1	JABLWF010000052.1	5450	6400	8986	100.0	100.0
GCA_015537295.1	rP-T1	JABLWF010000042.1	14644	15819	17640	100.0	100.0
GCA_015537345.1	r3-T1	JACDYJ010000043.1	4256	5206	6206	100.0	100.0
GCA_015537345.1	r3-T14	JACDYJ010000041.1	963	1886	9381	100.0	100.0
GCA_015537345.1	r3-T3	JACDYJ010000027.1	7727	8848	41882	100.0	100.0
GCA_015537365.1	r3-T1	JABLWE010000062.1	3200	4150	8858	100.0	100.0
GCA_015537365.1	rP-T1	JABLWE010000051.1	13689	14864	16687	100.0	100.0
GCA_015537385.1	r3-T1	JACDYK010000043.1	3801	4751	16941	100.0	100.0
GCA_015537385.1	r3-T13	JACDYK010000051.1	1622	2551	3307	100.0	100.0
GCA_015537405.1	r3-T1	JACDYL010000051.1	4768	5718	6718	100.0	100.0
GCA_015537405.1	r3-T14	JACDYL010000047.1	873	1796	10209	100.0	100.0
GCA_015537405.1	r3-T9	JACDYL010000016.1	90747	91595	108246	99.18	100.0
GCA_015537415.1	r3-T13	JACDYM010000042.1	884	1813	3561	100.0	100.0
GCA_015537415.1	r3-T14	JACDYM010000039.1	977	1900	9420	100.0	100.0
GCA_015537465.1	r3-T1	JABLWD010000081.1	304	1254	8858	100.0	100.0
GCA_015537485.1	r3-T3	JABLWC010000015.1	60348	61469	114976	100.0	100.0
GCA_015537505.1	r3-T1	JABLWB010000041.1	7195	8145	8858	100.0	100.0
GCA_015537525.1	r3-T1	JACDYO010000043.1	11921	12871	12947	100.0	100.0
GCA_015537535.1	r3-T1	JACDYP010000054.1	1018	1968	5768	100.0	100.0
GCA_015537535.1	r3-T13	JACDYP010000047.1	11895	12824	13707	100.0	100.0
GCA_015537535.1	r3-T3	JACDYP010000039.1	6383	7504	24315	100.0	100.0
GCA_015537565.1	r3-T1	JACDYQ010000045.1	5693	6643	8858	100.0	100.0
GCA_015537575.1	r3-T1	JABLWA010000038.1	8000	8858	8858	100.0	90.3
GCA_015537575.1	r3-T3	JABLWA010000013.1	43992	45113	114478	100.0	100.0
GCA_015537605.1	r3-T1	JABLVZ010000066.1	3844	4794	9224	100.0	100.0
GCA_015537605.1	rP-T1	JABLVZ010000051.1	14649	15824	17644	100.0	100.0
GCA_015537615.1	r3-T1	JABLVY010000066.1	5969	6919	9097	100.0	100.0
GCA_015537615.1	r3-T14	JABLVY010000072.1	1795	2718	7830	100.0	100.0
GCA_015537635.1	r3-T1	JABLVX010000048.1	325	1275	8858	100.0	100.0
GCA_015537665.1	r3-T1	JABLVW010000050.1	309	1259	12969	100.0	100.0
GCA_015537665.1	r3-T13	JABLVW010000062.1	1622	2551	3307	100.0	100.0
GCA_015537665.1	rP-T1	JABLVW010000024.1	65613	66788	70667	100.0	100.0
GCA_015537675.1	r3-T1	JACDYR010000038.1	15464	16414	17781	100.0	100.0
GCA_015537675.1	r3-T33	JACDYR010000038.1	6488	7417	17781	100.0	100.0
GCA_015537705.1	r3-T1	JABLVV010000048.1	2983	3933	8858	100.0	100.0
GCA_015537705.1	rP-T1	JABLVV010000023.1	39355	40530	65485	100.0	100.0
GCA_015537725.1	r3-T1	JABLVU010000042.1	15099	16049	17406	100.0	100.0
GCA_015537725.1	r3-T13	JABLVU010000042.1	6523	7452	17406	100.0	100.0
GCA_015537725.1	r3-T3	JABLVU010000037.1	16811	17932	24319	100.0	100.0
GCA_015537745.1	r3-T1	JACDYS010000055.1	3801	4751	5768	100.0	100.0
GCA_015537745.1	r3-T13	JACDYS010000045.1	11895	12824	14392	100.0	100.0
GCA_015537745.1	r3-T3	JACDYS010000038.1	6383	7504	24315	100.0	100.0
GCA_015537755.1	r3-T1	JABLVT010000033.1	387	1337	8858	100.0	100.0
GCA_015537765.1	r3-T13	JABLVR010000049.1	744	1673	3281	100.0	100.0
GCA_015537775.1	r3-T13	JABLVS010000065.1	1569	2498	3803	100.0	100.0
GCA_015537775.1	r3-T14	JABLVS010000053.1	1602	2525	10282	100.0	100.0
GCA_015537775.1	r3-T3	JABLVS010000013.1	69428	70549	114918	100.0	100.0
GCA_015537825.1	r3-T1	JABLVQ010000061.1	387	1337	9132	100.0	100.0
GCA_015537845.1	r3-T1	JACDYT010000048.1	6956	7906	12947	100.0	100.0
GCA_015537845.1	r3-T13	JACDYT010000065.1	1622	2551	3307	100.0	100.0
GCA_015537845.1	rP-T1	JACDYT010000024.1	39355	40530	65485	100.0	100.0
GCA_015537855.1	r3-T1	JACDYU010000060.1	4631	5581	12947	100.0	100.0
GCA_015537855.1	r3-T13	JACDYU010000071.1	1622	2551	3307	100.0	100.0
GCA_015537855.1	r3-T3	JACDYU010000042.1	16452	17573	28211	100.0	100.0
GCA_015537865.1	r3-T1	JABLVP010000037.1	7079	8029	8858	100.0	100.0
GCA_015537905.1	r3-T1	JACDYV010000035.1	6447	7397	8858	100.0	100.0
GCA_015537915.1	r3-T1	JABLVO010000042.1	3728	4678	8858	100.0	100.0
GCA_015537945.1	r3-T1	JABLVN010000031.1	7683	8633	8858	100.0	100.0
GCA_015537965.1	r3-T1	JACDYW010000042.1	387	1337	8858	100.0	100.0
GCA_015537965.1	rP-T1	JACDYW010000041.1	7827	9002	10824	100.0	100.0
GCA_015537975.1	r3-T1	JABLVM010000034.1	387	1337	8858	100.0	100.0
GCA_015537995.1	r3-T1	JACDYX010000049.1	7385	8335	8858	100.0	100.0
GCA_015537995.1	rP-T1	JACDYX010000048.1	1824	2999	9124	100.0	100.0
GCA_015538025.1	r3-T1	JABLVL010000027.1	10894	11844	17291	100.0	100.0
GCA_015538025.1	r3-T14	JABLVL010000027.1	283	1206	17291	100.0	100.0
GCA_015538025.1	r3-T67	JABLVL010000025.1	5754	6662	21538	100.0	100.0
GCA_015538045.1	r3-T13	JACDYZ010000056.1	757	1686	3307	100.0	100.0
GCA_015538045.1	r3-T14	JACDYZ010000044.1	7758	8681	10282	100.0	100.0
GCA_015538045.1	rP-T1	JACDYZ010000043.1	7827	9002	10738	100.0	100.0
GCA_015538055.1	r3-T1	JACDYY010000033.1	6194	7144	8858	100.0	100.0
GCA_015538085.1	r3-T1	JABLVK010000049.1	3801	4751	5768	100.0	100.0
GCA_015538085.1	r3-T13	JABLVK010000045.1	6540	7469	8352	100.0	100.0
GCA_015538085.1	r3-T3	JABLVK010000036.1	6388	7509	24320	100.0	100.0
GCA_015538105.1	r3-T1	JABLVJ010000043.1	8499	9449	16800	100.0	100.0
GCA_015538105.1	r3-T14	JABLVJ010000043.1	1973	2896	16800	100.0	100.0
GCA_015538135.1	r3-T13	JABLVI010000043.1	1634	2563	6487	100.0	100.0
GCA_015538135.1	r3-T14	JABLVI010000040.1	6982	7905	10975	100.0	100.0
GCA_015538135.1	r3-T3	JABLVI010000028.1	33035	34156	41882	100.0	100.0
GCA_015538155.1	r3-T13	JACDZB010000078.1	876	1805	3553	100.0	100.0
GCA_015538155.1	rP-T1	JACDZB010000056.1	16074	17249	19073	100.0	100.0
GCA_015538165.1	r3-T1	JABLVH010000047.1	6902	7852	16800	100.0	100.0
GCA_015538165.1	r3-T14	JABLVH010000047.1	13455	14378	16800	100.0	100.0
GCA_015538205.1	r3-T1	JACDZC010000047.1	6606	7556	9097	100.0	100.0
GCA_015538205.1	r3-T14	JACDZC010000048.1	1881	2804	7830	100.0	100.0
GCA_015538205.1	r3-T9	JACDZC010000016.1	23471	24319	108246	99.18	100.0
GCA_015538225.1	r3-T1	JABLVG010000051.1	1991	2941	12947	100.0	100.0
GCA_015538225.1	r3-T13	JABLVG010000063.1	1622	2551	3307	100.0	100.0
GCA_015538235.1	r3-T1	JACDZD010000026.1	6071	7021	8858	100.0	100.0
GCA_015538255.1	r3-T1	JABLVE010000049.1	2063	3013	8858	100.0	100.0
GCA_015538255.1	rP-T1	JABLVE010000048.1	6126	7301	9124	100.0	100.0
GCA_015538275.1	r3-T1	JABLVF010000029.1	4991	5941	8858	100.0	100.0
GCA_015538305.1	r3-T1	JABLVD010000048.1	2062	3012	8858	100.0	100.0
GCA_015538305.1	rP-T1	JABLVD010000043.1	14649	15824	17644	100.0	100.0
GCA_015538325.1	r3-T1	JABLVB010000050.1	10786	11736	16800	100.0	100.0
GCA_015538325.1	r3-T14	JABLVB010000050.1	1881	2804	16800	100.0	100.0
GCA_015538335.1	r3-T1	JABLVC010000032.1	139	1089	8858	100.0	100.0
GCA_015538345.1	r3-T14	JABLVA010000039.1	51	974	14909	100.0	100.0
GCA_015538355.1	r3-T1	JABLUZ010000033.1	3210	4160	8858	100.0	100.0
GCA_015666275.1	r3-T1	JADPHH010000121.1	1	951	8731	100.0	100.0
GCA_015666285.1	r3-T14	JADPHJ010000079.1	12267	13190	14748	100.0	100.0
GCA_015666365.1	r3-T1	JADPHK010000074.1	1	951	16673	100.0	100.0
GCA_015666365.1	r3-T14	JADPHK010000074.1	7769	8692	16673	100.0	100.0
GCA_015666475.1	r3-T1	JADPHP010000125.1	1	951	8731	100.0	100.0
GCA_015666515.1	r3-T1	JADPHT010000081.1	1	951	8731	100.0	100.0
GCA_015666535.1	r3-T14	JADPHU010000044.1	7362	8285	9136	100.0	100.0
GCA_015666535.1	r3-T67	JADPHU010000046.1	759	1667	7047	100.0	100.0
GCA_016054925.1	r3-T137	JAECSJ010000159.1	341	1318	2114	100.0	100.0
GCA_016054925.1	r3-T24	JAECSJ010000108.1	1194	2129	7934	98.29	100.0
GCA_016054925.1	r3-T6	JAECSJ010000084.1	7466	8395	15357	100.0	100.0
GCA_016055015.1	r3-T1	JAECSO010000062.1	226	1176	8858	100.0	100.0
GCA_016055335.1	r3-T1	JAECSV010000112.1	3209	4159	8808	100.0	100.0
GCA_016055475.1	r3-T1	JAECTD010000108.1	7789	8739	8858	100.0	100.0
GCA_016055485.1	r1-T24	JAECTC010000119.1	328	1338	2442	98.61	98.8
GCA_016055485.1	r3-T1	JAECTC010000074.1	7301	8251	12506	100.0	100.0
GCA_016055485.1	r3-T13	JAECTC010000074.1	884	1813	12506	100.0	100.0
GCA_016055485.1	r3-T14	JAECTC010000088.1	7496	8419	9398	100.0	100.0
GCA_016055595.1	r3-T1	JAECTH010000059.1	226	1176	24118	100.0	100.0
GCA_016055595.1	r3-T12	JAECTH010000059.1	8080	9030	24118	95.9	100.0
GCA_016055595.1	r3-T18	JAECTH010000059.1	17513	18463	24118	99.79	100.0
GCA_016055595.1	r3-T2	JAECTH010000059.1	8080	9030	24118	95.06	100.0
GCA_016055685.1	r1-T24	JAECTN010000092.1	1094	2104	2442	98.61	98.8
GCA_016055685.1	r3-T1	JAECTN010000080.1	1018	1968	6223	100.0	100.0
GCA_016055685.1	r3-T13	JAECTN010000075.1	884	1813	7978	100.0	100.0
GCA_016055685.1	r3-T14	JAECTN010000077.1	872	1795	7830	100.0	100.0
GCA_016055715.1	r3-T1	JAECTM010000099.1	307	1257	8858	100.0	100.0
GCA_016055835.1	r3-T1	JAECTU010000054.1	295	1245	8858	100.0	100.0
GCA_016055835.1	r3-T3	JAECTU010000013.1	69404	70525	114793	100.0	100.0
GCA_016055945.1	r3-T1	JAECTZ010000077.1	226	1176	8858	100.0	100.0
GCA_016056005.1	r3-T14	JAECUB010000077.1	1622	2545	14909	100.0	100.0
GCA_016056045.1	r1-T24	JAECUD010000266.1	1086	2096	2442	98.61	98.8
GCA_016056045.1	r3-T1	JAECUD010000148.1	6319	7269	8286	100.0	100.0
GCA_016056045.1	r3-T13	JAECUD010000180.1	884	1813	5915	100.0	100.0
GCA_016056095.1	r3-T1	JAECUH010000021.1	60961	61911	63804	100.0	100.0
GCA_016056095.1	r3-T14	JAECUH010000062.1	4515	5438	10209	100.0	100.0
GCA_016056095.1	rP-T1	JAECUH010000061.1	7827	9002	10825	100.0	100.0
GCA_016056125.1	r3-T1	JAECUI010000060.1	3224	4174	8858	100.0	100.0
GCA_016056145.1	r3-T1	JAECUJ010000081.1	7874	8824	8858	100.0	100.0
GCA_016416045.1	r3-T1	JAELUO010000053.1	1	951	8730	100.0	100.0
GCA_016416045.1	r3-T15	JAELUO010000068.1	907	1839	2278	100.0	100.0
GCA_016484945.1	r3-T1	DADAJG010000072.1	2499	3449	16673	100.0	100.0
GCA_016484945.1	r3-T14	DADAJG010000072.1	10267	11190	16673	100.0	100.0
GCA_016484955.1	r3-T1	DADAJL010000112.1	9522	10472	11501	100.0	100.0
GCA_016484955.1	r3-T14	DADAJL010000112.1	1781	2704	11501	100.0	100.0
GCA_016484985.1	r3-T1	DADAJD010000141.1	2499	3449	8721	100.0	100.0
GCA_016485005.1	r3-T1	DADAJK010000089.1	10202	11152	16673	100.0	100.0
GCA_016485005.1	r3-T14	DADAJK010000089.1	3676	4599	16673	100.0	100.0
GCA_016485025.1	r3-T1	DADAJE010000085.1	2499	3449	8970	100.0	100.0
GCA_016485025.1	r3-T1	DADAJE010000163.1	7919	8869	8962	100.0	100.0
GCA_016485045.1	r3-T1	DADAJF010000147.1	2499	3449	8721	100.0	100.0
GCA_016485085.1	r3-T1	DADAJH010000107.1	2499	3449	12820	100.0	100.0
GCA_016485085.1	r3-T1	DADAJH010000485.1	94	1044	12812	100.0	100.0
GCA_016485105.1	r3-T14	DADAJM010000081.1	104	1027	14758	100.0	100.0
GCA_016485105.1	r3-T14	DADAJM010000361.1	145	1068	9179	100.0	100.0
GCA_016485125.1	r3-T1	DADAJJ010000134.1	2499	3449	8970	100.0	100.0
GCA_016485125.1	r3-T1	DADAJJ010000420.1	7919	8869	8962	100.0	100.0
GCA_016485145.1	r3-T13	DADAJQ010000134.1	1381	2310	9812	100.0	100.0
GCA_016485165.1	r3-T1	DADAJI010000142.1	2499	3449	8970	100.0	100.0
GCA_016485165.1	r3-T1	DADAJI010000351.1	7792	8742	8835	100.0	100.0
GCA_016485165.1	r3-T14	DADAJI010000156.1	1200	2123	7703	100.0	100.0
GCA_016485165.1	r3-T14	DADAJI010000353.1	145	1068	7565	100.0	100.0
GCA_016485185.1	r3-T1	DADAJX010000185.1	1238	2188	6591	100.0	100.0
GCA_016485185.1	r3-T1	DADAJX010000415.1	94	1044	6456	100.0	100.0
GCA_016485185.1	r3-T14	DADAJX010000129.1	3676	4599	10082	100.0	100.0
GCA_016485185.1	r3-T14	DADAJX010000420.1	1723	2646	2790	100.0	100.0
GCA_016485205.1	r3-T1	DADAJP010000134.1	2499	3449	8731	100.0	100.0
GCA_016485225.1	r3-T1	DADAJT010000114.1	2499	3449	8721	100.0	100.0
GCA_016485245.1	r3-T13	DADAJS010000138.1	1621	2550	7299	100.0	100.0
GCA_016485245.1	r3-T14	DADAJS010000118.1	7629	8552	10025	100.0	100.0
GCA_016485245.1	r3-T3	DADAJS010000027.1	3308	4429	37335	100.0	100.0
GCA_016485265.1	r3-T1	DADAJY010000143.1	2499	3449	8731	100.0	100.0
GCA_016485285.1	r3-T1	DADAJN010000142.1	2499	3449	8731	100.0	100.0
GCA_016485305.1	r3-T1	DADAJO010000135.1	2499	3449	8731	100.0	100.0
GCA_016485325.1	r3-T13	DADAJV010000120.1	2346	3275	8423	100.0	100.0
GCA_016485325.1	r3-T14	DADAJV010000115.1	7776	8699	8785	100.0	100.0
GCA_016485345.1	r3-T1	DADAJR010000137.1	2499	3449	8721	100.0	100.0
GCA_016485365.1	r3-T1	DADAJU010000145.1	2499	3449	8721	100.0	100.0
GCA_016485725.1	r3-T18	DADAKP010000051.1	496	1446	5261	100.0	100.0
GCA_016485745.1	r3-T14	DADAKL010000038.1	7260	8183	11078	100.0	100.0
GCA_016485745.1	r3-T18	DADAKL010000040.1	5410	6360	6803	100.0	100.0
GCA_016487265.1	r3-T10	DADANS010000071.1	5829	6722	7697	99.89	100.0
GCA_016487265.1	r3-T5	DADANS010000067.1	7778	8701	9376	100.0	100.0
GCA_016487725.1	r3-T14	DADAOH010000047.1	3676	4599	17469	100.0	100.0
GCA_016609805.1	r3-T14	DADBTK010000052.1	1474	2397	7962	100.0	100.0
GCA_017909475.1	r3-T1	VCQS01000182.1	2616	3566	8880	100.0	100.0
GCA_017909485.1	r3-T13	VDBK01000174.1	1771	2700	3605	100.0	100.0
GCA_017909485.1	r3-T14	VDBK01000169.1	8498	9421	14420	100.0	100.0
GCA_017909485.1	r3-T3	VDBK01000172.1	1912	3033	5859	100.0	100.0
GCA_017909495.1	r3-T13	VDBL01000222.1	1771	2700	3605	100.0	100.0
GCA_017909495.1	r3-T14	VDBL01000212.1	5000	5923	14452	100.0	100.0
GCA_017909495.1	r3-T3	VDBL01000230.1	70	1191	1688	100.0	100.0
GCA_017960395.1	r3-T1	VCQR01000097.1	4886	5836	8858	100.0	100.0
GCA_018156045.1	r3-T14	JAGTAJ010000055.1	4644	5567	12928	100.0	100.0
GCA_018156055.1	r3-T14	JAGTAK010000051.1	7383	8306	12970	100.0	100.0
GCA_018156055.1	r3-T18	JAGTAK010000059.1	5999	6949	8356	100.0	100.0
GCA_018156055.1	r3-T28	JAGTAK010000075.1	281	1219	3344	100.0	100.0
GCA_018156065.1	r3-T14	JAGTAI010000062.1	1474	2397	10027	100.0	100.0
GCA_018156065.1	r3-T3	JAGTAI010000011.1	59336	60457	110357	100.0	100.0
GCA_018156065.1	rP-T1	JAGTAI010000021.1	41045	42220	58166	100.0	100.0
GCA_018156145.1	r3-T14	JAGTAH010000051.1	1475	2398	10027	100.0	100.0
GCA_018156665.1	r3-T15	PNFN01000014.1	508	1440	2278	100.0	100.0
GCA_018156665.1	rP-T1	PNFN01000210.1	3506	4681	4767	100.0	100.0
GCA_018156705.1	r3-T1	PNJI01000005.1	2086	3036	8731	100.0	100.0
GCA_018156705.1	r3-T13	PNJI01000014.1	8724	9653	10268	100.0	100.0
GCA_018156725.1	r3-T1	PNFO01000077.1	6213	7163	8752	100.0	100.0
GCA_018156725.1	r3-T13	PNFO01000078.1	765	1694	2946	100.0	100.0
GCA_018156725.1	r3-T15	PNFO01000027.1	674	1606	2257	100.0	100.0
GCA_018156745.1	r3-T1	PNJH01000016.1	3022	3972	16937	100.0	100.0
GCA_018156745.1	r3-T14	PNJH01000016.1	10790	11713	16937	100.0	100.0
GCA_020657695.1	r3-T1	JAJDFW010000032.1	975	1925	9619	100.0	100.0
GCA_020657695.1	r3-T12	JAJDFW010000038.1	8670	9620	12499	95.9	100.0
GCA_020657695.1	r3-T2	JAJDFW010000038.1	8670	9620	12499	95.06	100.0
GCA_020657695.1	rP-T1	JAJDFW010000036.1	38215	39390	62720	100.0	100.0
GCA_021402995.1	r3-T1	JAJIXP010000047.1	2498	3448	8808	100.0	100.0
GCA_021402995.1	rP-T1	JAJIXP010000041.1	1949	3124	10900	100.0	100.0
GCA_023060185.1	r3-T13	JALLCL010000086.1	4142	5071	6255	100.0	100.0
GCA_023060185.1	r3-T14	JALLCL010000075.1	1	924	10848	100.0	100.0
GCA_023060185.1	r3-T3	JALLCL010000062.1	7600	8721	19281	100.0	100.0
GCA_023061035.1	r3-T1	JALLCJ010000067.1	3440	4390	8979	100.0	100.0
GCA_023061035.1	r3-T14	JALLCJ010000070.1	1	924	7703	100.0	100.0
GCA_023572255.1	r3-T1	JAMKDL010000091.1	1	951	6355	100.0	100.0
GCA_023572255.1	r3-T94	JAMKDL010000066.1	363	1361	13469	99.3	100.0
GCA_023572275.1	r3-T13	JAMKDM010000157.1	757	1686	3307	100.0	100.0
GCA_023572305.1	r3-T1	JAMKDN010000109.1	1	951	8731	100.0	100.0
GCA_023572305.1	r3-T16	JAMKDN010000092.1	11194	12324	12795	98.5	100.0
GCA_023572445.1	r3-T1	JAMKDU010000109.1	1	951	8731	100.0	100.0
GCA_023572625.1	r3-T1	JAMKEC010000078.1	1	951	8731	100.0	100.0
GCA_024138435.1	r3-T13	CP076806.1	1	930	11204	100.0	100.0
GCA_024138435.1	rP-T1	CP076805.1	1	1176	105056	100.0	100.0
GCA_024139015.1	r3-T14	CP076809.1	1	924	17469	100.0	100.0
GCA_024139015.1	r3-T18	CP076810.1	1	951	8229	100.0	100.0
GCA_024139015.1	r3-T28	CP076808.1	19139	20077	65432	100.0	100.0
GCA_024139015.1	r3-T5	CP076811.1	1	924	6829	100.0	100.0
GCA_024139035.1	r3-T14	CP076813.1	1	924	9197	100.0	100.0
GCA_024139055.1	r3-T14	CP076816.1	1	924	17469	100.0	100.0
GCA_024139075.1	r3-T13	CP076820.1	1	930	9543	100.0	100.0
GCA_024139075.1	r3-T14	CP076819.1	1	924	13776	100.0	100.0
GCA_024139075.1	rP-T1	CP076818.1	1	1176	99399	100.0	100.0
GCA_024139095.1	r3-T14	CP076822.1	1	924	11714	100.0	100.0
GCA_024151485.1	r3-T13	JAHICB010000043.1	1609	2538	3281	100.0	100.0
GCA_024151485.1	rP-T1	JAHICB010000034.1	1807	2982	10792	100.0	100.0
GCA_024151505.1	r3-T13	JAHICA010000041.1	1609	2538	3281	100.0	100.0
GCA_024151505.1	rP-T1	JAHICA010000035.1	1807	2982	10792	100.0	100.0
GCA_024151525.1	r3-T13	JAHICD010000030.1	6614	7543	9161	100.0	100.0
GCA_024151525.1	r3-T18	JAHICD010000031.1	6876	7826	7951	100.0	100.0
GCA_024151525.1	rP-T1	JAHICD010000029.1	1807	2982	10792	100.0	100.0
GCA_024151535.1	r3-T13	JAHICC010000040.1	744	1673	3281	100.0	100.0
GCA_024151535.1	rP-T1	JAHICC010000036.1	7811	8986	10792	100.0	100.0
GCA_024151565.1	r3-T14	JAHICE010000060.1	259	1182	8833	100.0	100.0
GCA_024151565.1	r3-T5	JAHICE010000059.1	6998	7921	10233	100.0	100.0
GCA_024151585.1	r3-T14	JAHICF010000053.1	9803	10726	15749	100.0	100.0
GCA_024151585.1	r3-T18	JAHICF010000064.1	1854	2804	8325	100.0	100.0
GCA_024151585.1	r3-T28	JAHICF010000074.1	2514	3452	3716	100.0	100.0
GCA_024151585.1	r3-T5	JAHICF010000075.1	764	1687	3264	100.0	100.0
GCA_024151605.1	r3-T14	JAHICG010000072.1	3055	3978	4938	100.0	100.0
GCA_024151605.1	r3-T18	JAHICG010000069.1	2942	3892	5749	100.0	100.0
GCA_024151605.1	r3-T28	JAHICG010000073.1	2514	3452	3716	100.0	100.0
GCA_024151605.1	r3-T5	JAHICG010000061.1	2311	3234	10231	100.0	100.0
GCA_024151615.1	r3-T14	JAHICI010000055.1	9803	10726	11686	100.0	100.0
GCA_024151615.1	r3-T18	JAHICI010000063.1	1858	2808	8329	100.0	100.0
GCA_024151615.1	r3-T28	JAHICI010000073.1	2514	3452	3716	100.0	100.0
GCA_024151615.1	r3-T5	JAHICI010000067.1	1688	2611	7278	100.0	100.0
GCA_024151645.1	r3-T14	JAHICH010000056.1	7085	8008	15749	100.0	100.0
GCA_024151645.1	r3-T18	JAHICH010000067.1	1854	2804	8325	100.0	100.0
GCA_024151645.1	r3-T28	JAHICH010000078.1	265	1203	3716	100.0	100.0
GCA_024151645.1	r3-T5	JAHICH010000079.1	764	1687	3264	100.0	100.0
GCA_024151665.1	r3-T14	JAHICJ010000062.1	7473	8396	13150	100.0	100.0
GCA_024151665.1	r3-T18	JAHICJ010000072.1	5522	6472	8325	100.0	100.0
GCA_024151665.1	r3-T28	JAHICJ010000083.1	2514	3452	3716	100.0	100.0
GCA_024151685.1	r3-T14	JAHICM010000054.1	9803	10726	15749	100.0	100.0
GCA_024151685.1	r3-T18	JAHICM010000061.1	1854	2804	8325	100.0	100.0
GCA_024151695.1	r3-T14	JAHICK010000057.1	9803	10726	15390	100.0	100.0
GCA_024151695.1	r3-T18	JAHICK010000066.1	1854	2804	8325	100.0	100.0
GCA_024151695.1	r3-T28	JAHICK010000078.1	265	1203	3716	100.0	100.0
GCA_024151725.1	r3-T14	JAHICN010000067.1	2791	3714	5299	100.0	100.0
GCA_024151745.1	r3-T14	JAHICO010000072.1	2791	3714	5299	100.0	100.0
GCA_024151765.1	r3-T14	JAHICR010000045.1	4411	5334	11776	100.0	100.0
GCA_024151765.1	rP-T1	JAHICR010000046.1	7811	8986	10792	100.0	100.0
GCA_024151775.1	r3-T14	JAHICQ010000070.1	2791	3714	5299	100.0	100.0
GCA_024151795.1	r3-T14	JAHICP010000071.1	2791	3714	5299	100.0	100.0
GCA_024151825.1	r3-T14	JAHICL010000055.1	7742	8665	15749	100.0	100.0
GCA_024151825.1	r3-T18	JAHICL010000066.1	1854	2804	8325	100.0	100.0
GCA_024151825.1	r3-T28	JAHICL010000076.1	265	1203	3716	100.0	100.0
GCA_024151845.1	r3-T13	JAHICS010000058.1	1622	2551	3307	100.0	100.0
GCA_024151845.1	r3-T14	JAHICS010000048.1	1586	2509	10250	100.0	100.0
GCA_024151865.1	r3-T13	JAHICT010000055.1	1622	2551	3307	100.0	100.0
GCA_024151865.1	r3-T14	JAHICT010000042.1	7742	8665	10249	100.0	100.0
GCA_024151885.1	r3-T13	JAHICV010000048.1	757	1686	3307	100.0	100.0
GCA_024151885.1	r3-T14	JAHICV010000042.1	1586	2509	10249	100.0	100.0
GCA_024151895.1	r3-T13	JAHICU010000053.1	757	1686	3307	100.0	100.0
GCA_024151905.1	r3-T14	JAHICW010000044.1	603	1526	10432	100.0	100.0
GCA_024151945.1	r3-T14	JAHICX010000039.1	963	1886	9627	100.0	100.0
GCA_024151945.1	r3-T18	JAHICX010000041.1	5522	6472	7650	100.0	100.0
GCA_024151965.1	r3-T14	JAHIDA010000049.1	1586	2509	8187	100.0	100.0
GCA_024151985.1	r3-T14	JAHICZ010000048.1	5679	6602	8187	100.0	100.0
GCA_024152085.1	r3-T13	JAHICY010000052.1	757	1686	3307	100.0	100.0
GCA_024152085.1	r3-T14	JAHICY010000043.1	1586	2509	10250	100.0	100.0
GCA_024271825.1	r3-T13	CP076803.1	1	930	11203	100.0	100.0
GCA_024271825.1	rP-T1	CP076802.1	1	1176	88371	100.0	100.0
GCA_024505645.2	r3-T15	JBCGDB010000102.1	2042	2965	6711	100.0	100.0
GCA_025950435.1	r3-T13	JAPDGQ010000080.1	7716	8645	9250	100.0	100.0
GCA_025950435.1	r3-T3	JAPDGQ010000014.1	40232	41353	91493	100.0	100.0
GCA_025950485.1	r3-T15	JAPDGP010000050.1	1	867	4889	100.0	93.8
GCA_025950485.1	r3-T61	JAPDGP010000051.1	1	873	2583	95.3	93.9
GCA_025971765.1	r3-T13	JAPDKG010000085.1	7978	8907	9271	100.0	100.0
GCA_025971765.1	r3-T3	JAPDKG010000012.1	44244	45365	85596	100.0	100.0
GCA_025971805.1	r3-T15	JAPDKH010000113.1	533	1456	4510	99.67	100.0
GCA_025971805.1	r3-T37	JAPDKH010000104.1	2675	3631	5271	100.0	100.0
GCA_025971805.1	r3-T5	JAPDKH010000098.1	3978	4901	6042	100.0	100.0
GCA_025971805.1	r3-T7	JAPDKH010000056.1	3956	5128	22833	100.0	100.0
GCA_025971805.1	rP-T5	JAPDKH010000111.1	270	1220	4715	100.0	100.0
GCA_025971935.1	r3-T15	JAPDKF010000142.1	263	1186	4727	96.75	100.0
GCA_025971935.1	r3-T168	JAPDKF010000086.1	4160	5095	11276	100.0	100.0
GCA_025971935.1	r3-T60	JAPDKF010000107.1	5692	6621	7890	100.0	100.0
GCA_026239565.1	r3-T5	JAPIWM010000084.1	1	924	7146	100.0	100.0
GCA_026239565.1	r3-T7	JAPIWM010000043.1	3956	5128	22833	100.0	100.0
GCA_026300595.1	r3-T14	DAJZEF010000060.1	7630	8553	10026	100.0	100.0
GCA_026301315.1	r3-T13	DAJZFQ010000065.1	703	1632	3059	100.0	100.0
GCA_026301315.1	r3-T14	DAJZFQ010000051.1	7368	8291	9764	100.0	100.0
GCA_026302075.1	r3-T13	DAJZHD010000191.1	703	1632	3061	100.0	100.0
GCA_026302075.1	r3-T14	DAJZHD010000125.1	7368	8291	9764	100.0	100.0
GCA_026302075.1	r3-T3	DAJZHD010000134.1	5566	6687	8701	100.0	100.0
GCA_026304275.1	r3-T14	DAJZLG010000090.1	7630	8553	10026	100.0	100.0
GCA_026311855.1	r3-T18	DAJZTF010000083.1	2968	3918	7851	100.0	100.0
GCA_026311855.1	r3-T18	DAJZTF010000153.1	1297	2247	7891	100.0	100.0
GCA_026311855.1	r3-T3	DAJZTF010000009.1	61982	63103	110967	100.0	100.0
GCA_026311875.1	r3-T18	DAJZTG010000079.1	2968	3918	7851	100.0	100.0
GCA_026311875.1	r3-T18	DAJZTG010000141.1	1297	2247	7891	100.0	100.0
GCA_026311875.1	r3-T3	DAJZTG010000008.1	44247	45368	110920	100.0	100.0
GCA_026313115.1	r3-T18	DAJZVM010000084.1	2968	3918	7851	100.0	100.0
GCA_026313115.1	r3-T18	DAJZVM010000156.1	5937	6887	7881	100.0	100.0
GCA_026313115.1	r3-T3	DAJZVM010000007.1	44275	45396	110910	100.0	100.0
GCA_026318965.1	r3-T14	DAJZDI010000111.1	6446	7369	8842	100.0	100.0
GCA_026319005.1	r3-T1	DAJZDH010000050.1	2499	3449	11655	100.0	100.0
GCA_026340685.1	r3-T18	DAKBLD010000142.1	2968	3918	7851	100.0	100.0
GCA_026340685.1	r3-T18	DAKBLD010000331.1	1297	2247	7891	100.0	100.0
GCA_026340685.1	r3-T3	DAKBLD010000010.1	44266	45387	55779	100.0	100.0
GCA_026340785.1	r3-T18	DAKBLI010000063.1	2968	3918	7851	100.0	100.0
GCA_026340785.1	r3-T18	DAKBLI010000110.1	1297	2247	7891	100.0	100.0
GCA_026340785.1	r3-T3	DAKBLI010000012.1	44279	45400	110914	100.0	100.0
GCA_026340835.1	r3-T13	DAKBLG010000062.1	3535	4464	13702	100.0	100.0
GCA_026340865.1	r3-T13	DAKBLH010000053.1	1535	2464	13605	100.0	100.0
GCA_026340935.1	r3-T18	DAKBLF010000086.1	2968	3918	7851	100.0	100.0
GCA_026340935.1	r3-T18	DAKBLF010000153.1	1297	2247	7891	100.0	100.0
GCA_026340935.1	r3-T3	DAKBLF010000010.1	61982	63103	110967	100.0	100.0
GCA_026358335.1	r3-T14	DAKCOC010000103.1	7630	8553	10026	100.0	100.0
GCA_026358375.1	r1-T22	DAKCOE010000139.1	79	1089	2280	96.74	97.8
GCA_026358375.1	r3-T14	DAKCOE010000094.1	3676	4599	9638	100.0	100.0
GCA_026358375.1	r3-T3	DAKCOE010000014.1	28338	29459	71073	100.0	100.0
GCA_026358395.1	r3-T14	DAKCOG010000103.1	7630	8553	10026	100.0	100.0
GCA_026358415.1	r1-T2	DAKCOD010000169.1	458	1642	2094	99.92	100.0
GCA_026358425.1	r1-T2	DAKCOF010000136.1	458	1642	2094	99.92	100.0
GCA_026358475.1	r3-T14	DAKCOI010000087.1	7630	8553	10026	100.0	100.0
GCA_026358495.1	r3-T14	DAKCOJ010000122.1	8430	9353	9925	100.0	100.0
GCA_026358515.1	r3-T14	DAKCOK010000045.1	7630	8553	10026	100.0	100.0
GCA_026358525.1	r3-T14	DAKCOM010000075.1	7630	8553	10026	100.0	100.0
GCA_026358555.1	r3-T14	DAKCOL010000108.1	7630	8553	10026	100.0	100.0
GCA_026358575.1	r1-T4	DAKCOQ010000149.1	711	1817	1977	95.4	93.7
GCA_026358575.1	r3-T26	DAKCOQ010000118.1	387	1328	5281	100.0	100.0
GCA_026358575.1	r3-T3	DAKCOQ010000024.1	73	1194	46889	100.0	100.0
GCA_026358595.1	r3-T14	DAKCOS010000059.1	7630	8553	10026	100.0	100.0
GCA_026358635.1	r3-T3	DAKCOV010000012.1	45782	46903	88520	100.0	100.0
GCA_026358655.1	r3-T13	DAKCON010000068.1	704	1633	3060	100.0	100.0
GCA_026358655.1	r3-T14	DAKCON010000056.1	7368	8291	9764	100.0	100.0
GCA_026358655.1	r3-T3	DAKCON010000051.1	13683	14804	17425	100.0	100.0
GCA_026358675.1	r3-T14	DAKCOO010000047.1	7630	8553	10026	100.0	100.0
GCA_026358695.1	r3-T14	DAKCOR010000111.1	8430	9353	10826	100.0	100.0
GCA_026358715.1	r3-T1	DAKCOT010000111.1	2499	3449	11655	100.0	100.0
GCA_026358755.1	r3-T13	DAKCOX010000062.1	703	1632	3061	100.0	100.0
GCA_026358755.1	r3-T14	DAKCOX010000050.1	7368	8291	9764	100.0	100.0
GCA_026358755.1	r3-T3	DAKCOX010000046.1	13683	14804	17425	100.0	100.0
GCA_026358795.1	r3-T13	DAKCOY010000065.1	703	1632	3059	100.0	100.0
GCA_026358795.1	r3-T14	DAKCOY010000054.1	7368	8291	9764	100.0	100.0
GCA_026358795.1	r3-T3	DAKCOY010000050.1	13683	14804	17425	100.0	100.0
GCA_026358855.1	r1-T2	DAKCPB010000155.1	458	1642	2094	99.92	100.0
GCA_026358875.1	r3-T3	DAKCPA010000027.1	9452	10573	53397	100.0	100.0
GCA_026358895.1	r1-T2	DAKCPD010000182.1	458	1642	2094	99.92	100.0
GCA_026358935.1	r3-T13	DAKCPE010000065.1	703	1632	3061	100.0	100.0
GCA_026358935.1	r3-T14	DAKCPE010000053.1	7368	8291	9764	100.0	100.0
GCA_026358935.1	r3-T3	DAKCPE010000050.1	13683	14804	17425	100.0	100.0
GCA_026554895.1	r3-T26	DAKLZN010000110.1	387	1328	5281	100.0	100.0
GCA_026554895.1	r3-T85	DAKLZN010000104.1	2406	3335	6177	100.0	100.0
GCA_026554895.1	rP-T1	DAKLZN010000049.1	28652	29827	30076	100.0	100.0
GCA_026554915.1	r3-T26	DAKLZO010000151.1	387	1328	5281	100.0	100.0
GCA_026554915.1	r3-T3	DAKLZO010000001.1	44933	46054	88760	99.2	100.0
GCA_026554915.1	r3-T85	DAKLZO010000144.1	2406	3335	6177	100.0	100.0
GCA_026555035.1	r3-T3	DAKLZQ010000033.1	70	1191	37528	100.0	100.0
GCA_026555035.1	r3-T7	DAKLZQ010000025.1	39741	40913	45570	100.0	100.0
GCA_026555035.1	r3-T97	DAKLZQ010000053.1	9645	10567	17066	96.53	99.9
GCA_026555055.1	r1-T2	DAKLZR010000263.1	454	1644	2341	99.58	100.0
GCA_026555075.1	r3-T13	DAKLZT010000078.1	13868	14797	15462	100.0	100.0
GCA_026555075.1	r3-T8	DAKLZT010000073.1	6253	7140	18039	99.89	100.0
GCA_026555075.1	r3-T97	DAKLZT010000073.1	13611	14534	18039	99.13	100.0
GCA_026555095.1	r3-T14	DAKLZV010000124.1	7361	8284	10571	100.0	100.0
GCA_026555115.1	r3-T14	DAKLZU010000088.1	7361	8284	10590	100.0	100.0
GCA_026555155.1	r3-T14	DAKLZW010000126.1	7361	8284	10566	100.0	100.0
GCA_026555155.1	r3-T34	DAKLZW010000094.1	7574	8497	15284	100.0	100.0
GCA_026555195.1	r3-T14	DAKLZY010000078.1	14287	15210	17676	100.0	100.0
GCA_026555195.1	r3-T34	DAKLZY010000090.1	11722	12645	14878	100.0	100.0
GCA_026555235.1	r3-T1	DAKMAD010000132.1	2499	3449	8731	100.0	100.0
GCA_026555275.1	r3-T14	DAKMAB010000088.1	7630	8553	15065	100.0	100.0
GCA_026555275.1	r3-T14	DAKMAB010000373.1	145	1068	7621	100.0	100.0
GCA_026555295.1	r3-T14	DAKMAC010000082.1	7630	8553	15065	100.0	100.0
GCA_026555295.1	r3-T14	DAKMAC010000248.1	145	1068	7621	100.0	100.0
GCA_026555315.1	r3-T14	DAKMAE010000134.1	3676	4599	9638	100.0	100.0
GCA_026561215.1	r3-T14	DAKMKH010000099.1	3676	4599	9638	100.0	100.0
GCA_026561235.1	r3-T14	DAKMKI010000065.1	7630	8553	15065	100.0	100.0
GCA_026561235.1	r3-T14	DAKMKI010000163.1	145	1068	7621	100.0	100.0
GCA_026561255.1	r3-T14	DAKMKJ010000131.1	3676	4599	9638	100.0	100.0
GCA_026561275.1	r3-T1	DAKMKK010000112.1	2499	3449	11655	100.0	100.0
GCA_026561295.1	r3-T14	DAKMKL010000085.1	7630	8553	15065	100.0	100.0
GCA_026561295.1	r3-T14	DAKMKL010000368.1	145	1068	7621	100.0	100.0
GCA_026561315.1	r3-T14	DAKMKM010000094.1	7630	8553	15065	100.0	100.0
GCA_026561335.1	r3-T14	DAKMKN010000086.1	7630	8553	15065	100.0	100.0
GCA_026561335.1	r3-T14	DAKMKN010000256.1	145	1068	7621	100.0	100.0
GCA_026561355.1	r3-T1	DAKMKO010000115.1	2499	3449	11655	100.0	100.0
GCA_026561375.1	r3-T1	DAKMKQ010000120.1	2499	3449	11655	100.0	100.0
GCA_026561415.1	r3-T1	DAKMKR010000103.1	2499	3449	11655	100.0	100.0
GCA_026561455.1	r3-T14	DAKMKT010000129.1	3676	4599	9638	100.0	100.0
GCA_026561475.1	r3-T14	DAKMKU010000071.1	3676	4599	9638	100.0	100.0
GCA_026561495.1	r3-T1	DAKMKW010000110.1	1043	1993	11610	100.0	100.0
GCA_026561515.1	r3-T1	DAKMKV010000113.1	2499	3449	11655	100.0	100.0
GCA_026568275.1	r3-T14	DAKMXL010000108.1	6453	7376	9640	100.0	100.0
GCA_026568295.1	r3-T1	DAKMXI010000108.1	1071	2021	11604	100.0	100.0
GCA_026568315.1	r3-T14	DAKMXJ010000120.1	7628	8551	10024	100.0	100.0
GCA_026568355.1	r3-T14	DAKMXM010000137.1	7628	8551	10024	100.0	100.0
GCA_026568375.1	r3-T26	DAKMXP010000214.1	902	1843	5233	100.0	100.0
GCA_026568375.1	r3-T3	DAKMXP010000112.1	10591	11712	12354	99.2	100.0
GCA_026568375.1	r3-T85	DAKMXP010000297.1	597	1526	2203	100.0	100.0
GCA_026568385.1	r3-T14	DAKMXN010000193.1	4133	5056	6581	100.0	100.0
GCA_026568415.1	r3-T14	DAKMXO010000134.1	3676	4599	9638	100.0	100.0
GCA_026568455.1	r3-T26	DAKMXT010000198.1	387	1328	5281	100.0	100.0
GCA_026568455.1	r3-T3	DAKMXT010000001.1	46232	47353	90059	99.2	100.0
GCA_026568455.1	r3-T85	DAKMXT010000182.1	2406	3335	6177	100.0	100.0
GCA_026620155.1	r3-T189	JAIWZT010000027.1	8553	9476	11117	99.78	100.0
GCA_026620155.1	r3-T7	JAIWZT010000015.1	43222	44394	55301	100.0	100.0
GCA_028402465.1	r3-T1	RFFD01000050.1	2618	3568	8858	100.0	100.0
GCA_028435895.1	r3-T1	JAIEWH010000089.1	6192	7142	9529	100.0	100.0
GCA_028435895.1	rP-T1	JAIEWH010000073.1	1698	2873	18134	100.0	100.0
GCA_028435925.1	r3-T13	JAIEWG010000063.1	3068	3997	8423	100.0	100.0
GCA_028435925.1	r3-T14	JAIEWG010000068.1	850	1773	7065	100.0	100.0
GCA_028435925.1	r3-T3	JAIEWG010000045.1	21356	22477	30076	100.0	100.0
GCA_028435925.1	r3-T94	JAIEWG010000060.1	6072	7070	11968	99.3	100.0
GCA_028435965.1	r3-T14	JAIEWD010000074.1	7369	8292	9141	100.0	100.0
GCA_028435965.1	r3-T3	JAIEWD010000039.1	21356	22477	30076	100.0	100.0
GCA_028435965.1	r3-T94	JAIEWD010000067.1	6085	7083	11981	99.3	100.0
GCA_028435975.1	r3-T1	JAIEWF010000060.1	1	951	21095	100.0	100.0
GCA_028435975.1	r3-T62	JAIEWF010000060.1	12747	13670	21095	99.89	100.0
GCA_028435995.1	r3-T1	JAIEWE010000078.1	2388	3338	4657	100.0	100.0
GCA_028435995.1	rP-T1	JAIEWE010000052.1	1698	2873	18819	100.0	100.0
GCA_028436005.1	r3-T14	JAIEWC010000063.1	1	924	10572	100.0	100.0
GCA_028439855.1	r3-T1	JAIEWA010000076.1	1332	2282	14534	100.0	100.0
GCA_028439855.1	r3-T14	JAIEWA010000076.1	7885	8808	14534	100.0	100.0
GCA_028439875.1	r3-T1	JAIEWB010000049.1	5045	5995	9464	100.0	100.0
GCA_028439875.1	r3-T14	JAIEWB010000052.1	1	924	7703	100.0	100.0
GCA_028439875.1	r3-T3	JAIEWB010000018.1	41611	42732	84795	99.29	100.0
GCA_028439905.1	r3-T1	JAIEVY010000094.1	1	951	6591	100.0	100.0
GCA_028439905.1	r3-T14	JAIEVY010000079.1	1	924	10573	100.0	100.0
GCA_028439905.1	rP-T1	JAIEVY010000080.1	7700	8875	10572	100.0	100.0
GCA_028439915.1	r3-T1	JAIEVX010000056.1	1	951	7398	100.0	100.0
GCA_028439915.1	r3-T14	JAIEVX010000055.1	1	924	7703	100.0	100.0
GCA_028439915.1	r3-T3	JAIEVX010000039.1	13945	15066	22664	100.0	100.0
GCA_028439945.1	r3-T1	JAIEVW010000157.1	1	951	6591	100.0	100.0
GCA_028439945.1	r3-T14	JAIEVW010000117.1	1	924	10573	100.0	100.0
GCA_028439945.1	rP-T1	JAIEVW010000235.1	172	1347	2096	100.0	100.0
GCA_028439955.1	r3-T13	JAIEVU010000059.1	2316	3245	8423	100.0	100.0
GCA_028439955.1	r3-T14	JAIEVU010000064.1	5305	6228	7062	100.0	100.0
GCA_028439955.1	r3-T3	JAIEVU010000035.1	21356	22477	30076	100.0	100.0
GCA_028439975.1	r3-T1	JAIEVV010000053.1	1	951	6591	100.0	100.0
GCA_028439975.1	r3-T14	JAIEVV010000047.1	1	924	10573	100.0	100.0
GCA_028439975.1	rP-T1	JAIEVV010000030.1	1698	2873	37086	100.0	100.0
GCA_028440005.1	r3-T1	JAIEVT010000092.1	3869	4819	6585	100.0	100.0
GCA_028440005.1	r3-T14	JAIEVT010000075.1	2944	3867	10567	100.0	100.0
GCA_028440005.1	rP-T1	JAIEVT010000074.1	1698	2873	10572	100.0	100.0
GCA_028440015.1	r3-T1	JAIEVS010000059.1	1	951	16673	100.0	100.0
GCA_028440015.1	r3-T14	JAIEVS010000059.1	7769	8692	16673	100.0	100.0
GCA_028440045.1	r3-T1	JAIEVR010000083.1	890	1840	8031	100.0	100.0
GCA_028440045.1	r3-T94	JAIEVR010000070.1	830	1828	11996	99.3	100.0
GCA_028440065.1	r3-T1	JAIEVP010000060.1	6204	7154	8473	100.0	100.0
GCA_028440065.1	rP-T1	JAIEVP010000053.1	1698	2873	18819	100.0	100.0
GCA_028440075.1	r3-T1	JAIEVQ010000081.1	1	951	8970	100.0	100.0
GCA_028440075.1	r3-T14	JAIEVQ010000086.1	1	924	7703	100.0	100.0
GCA_028440105.1	r3-T1	JAIEVO010000073.1	1	951	8970	100.0	100.0
GCA_028440105.1	r3-T14	JAIEVO010000077.1	1	924	7703	100.0	100.0
GCA_028440125.1	r3-T1	JAIEVN010000068.1	12177	13127	16682	100.0	100.0
GCA_028440125.1	r3-T14	JAIEVN010000068.1	5651	6574	16682	100.0	100.0
GCA_028440145.1	r3-T1	JAIEVM010000086.1	1	951	15014	100.0	100.0
GCA_028440145.1	r3-T13	JAIEVM010000086.1	6439	7368	15014	100.0	100.0
GCA_028440145.1	r3-T14	JAIEVM010000112.1	1	924	8510	100.0	100.0
GCA_028440145.1	r3-T3	JAIEVM010000034.1	7599	8720	41646	100.0	100.0
GCA_028440165.1	r3-T1	JAIEVL010000043.1	1	951	6591	100.0	100.0
GCA_028440165.1	r3-T14	JAIEVL010000042.1	1	924	9585	100.0	100.0
GCA_028440165.1	rP-T1	JAIEVL010000030.1	1697	2872	37085	100.0	100.0
GCA_028440185.1	r3-T1	JAIEVJ010000054.1	1	951	9461	100.0	100.0
GCA_028440195.1	r3-T1	JAIEVI010000044.1	1320	2270	16176	100.0	100.0
GCA_028440195.1	r3-T14	JAIEVI010000044.1	7873	8796	16176	100.0	100.0
GCA_028440195.1	rP-T1	JAIEVI010000048.1	7700	8875	10572	100.0	100.0
GCA_028440225.1	r3-T1	JAIEVH010000046.1	3555	4505	8978	100.0	100.0
GCA_028440245.1	r3-T1	JAIEVG010000033.1	1	951	21117	100.0	100.0
GCA_028440245.1	r3-T62	JAIEVG010000033.1	12769	13692	21117	99.89	100.0
GCA_028440255.1	r3-T1	JAIEVK010000053.1	1	951	16673	100.0	100.0
GCA_028440255.1	r3-T14	JAIEVK010000053.1	7769	8692	16673	100.0	100.0
GCA_028440285.1	r3-T1	JAIEVE010000056.1	6192	7142	8031	100.0	100.0
GCA_028440285.1	r3-T94	JAIEVE010000049.1	6091	7089	12002	99.3	100.0
GCA_028440295.1	r3-T1	JAIEVF010000060.1	6192	7142	8031	100.0	100.0
GCA_028440295.1	r3-T94	JAIEVF010000052.1	842	1840	11954	99.3	100.0
GCA_028440325.1	r3-T1	JAIEVD010000046.1	1	951	8731	100.0	100.0
GCA_028440335.1	r3-T1	JAIEVC010000051.1	1	951	13276	100.0	100.0
GCA_028440365.1	r3-T1	JAIEVB010000041.1	1332	2282	8473	100.0	100.0
GCA_028440365.1	r3-T13	JAIEVB010000045.1	4728	5657	6360	100.0	100.0
GCA_028440385.1	r3-T1	JAIEUZ010000047.1	4116	5066	11197	100.0	100.0
GCA_028440385.1	r3-T14	JAIEUZ010000048.1	7369	8292	9143	100.0	100.0
GCA_028440385.1	r3-T3	JAIEUZ010000046.1	506	1627	12185	100.0	100.0
GCA_028440385.1	r3-T94	JAIEUZ010000054.1	830	1828	6655	99.3	100.0
GCA_028440395.1	r3-T1	JAIEVA010000037.1	1	951	21095	100.0	100.0
GCA_028440395.1	r3-T62	JAIEVA010000037.1	12747	13670	21095	99.89	100.0
GCA_028440415.1	r3-T1	JAIEUW010000034.1	1	951	21095	100.0	100.0
GCA_028440415.1	r3-T62	JAIEUW010000034.1	12747	13670	21095	99.89	100.0
GCA_028440435.1	r3-T1	JAIEUX010000043.1	1	951	6591	100.0	100.0
GCA_028440435.1	r3-T13	JAIEUX010000044.1	757	1686	5675	100.0	100.0
GCA_028440435.1	r3-T14	JAIEUX010000039.1	8356	9279	10131	100.0	100.0
GCA_028440435.1	r3-T3	JAIEUX010000027.1	7600	8721	41628	100.0	100.0
GCA_028440465.1	r3-T28	JAIEUY010000645.1	45	983	1280	100.0	100.0
GCA_028440465.1	r3-T33	JAIEUY010000957.1	4562	5491	6377	99.89	100.0
GCA_028440465.1	r3-T5	JAIEUY010000149.1	8847	9770	9961	100.0	100.0
GCA_028440465.1	r3-T6	JAIEUY010000149.1	5758	6687	9961	100.0	100.0
GCA_028440485.1	r3-T1	JAIEUU010000035.1	1	951	15189	100.0	100.0
GCA_028440485.1	r3-T13	JAIEUU010000040.1	3742	4671	6360	100.0	100.0
GCA_028440485.1	r3-T14	JAIEUU010000035.1	10639	11562	15189	100.0	100.0
GCA_028440505.1	r3-T1	JAIEUV010000091.1	9511	10461	10527	100.0	100.0
GCA_028440505.1	r3-T14	JAIEUV010000121.1	2285	3208	3328	100.0	100.0
GCA_028440505.1	r3-T62	JAIEUV010000135.1	1238	2161	2229	99.89	100.0
GCA_028440505.1	rP-T1	JAIEUV010000071.1	1698	2873	18819	100.0	100.0
GCA_028440515.1	r3-T1	JAIEUS010000052.1	1767	2717	3616	100.0	100.0
GCA_028440515.1	r3-T14	JAIEUS010000049.1	836	1759	4702	100.0	100.0
GCA_028440515.1	rP-T1	JAIEUS010000040.1	15947	17122	18819	100.0	100.0
GCA_028440525.1	r3-T1	JAIEUT010000061.1	877	1827	7014	100.0	100.0
GCA_028440555.1	r3-T1	JAIEUR010000045.1	6131	7081	9468	100.0	100.0
GCA_028440555.1	rP-T1	JAIEUR010000035.1	1697	2872	21166	100.0	100.0
GCA_028440585.1	r3-T1	JAIEUQ010000049.1	4116	5066	5955	100.0	100.0
GCA_028440585.1	r3-T14	JAIEUQ010000043.1	872	1795	9163	100.0	100.0
GCA_028440585.1	r3-T3	JAIEUQ010000028.1	32908	34029	41628	100.0	100.0
GCA_028440585.1	r3-T94	JAIEUQ010000047.1	4912	5910	6739	99.3	100.0
GCA_028440605.1	r3-T1	JAHUPZ010000047.1	1	951	21095	100.0	100.0
GCA_028440605.1	r3-T62	JAHUPZ010000047.1	12747	13670	21095	99.89	100.0
GCA_028440615.1	r3-T1	JAIEUP010000055.1	9036	9986	14113	100.0	100.0
GCA_028440615.1	r3-T14	JAIEUP010000055.1	1295	2218	14113	100.0	100.0
GCA_028440635.1	r3-T14	JAIEUO010000047.1	1	924	10573	100.0	100.0
GCA_028440635.1	rP-T1	JAIEUO010000040.1	1698	2873	18819	100.0	100.0
GCA_028440685.1	r3-T1	JAHUQB010000151.1	226	1176	5649	100.0	100.0
GCA_028440685.1	rP-T1	JAHUQB010000177.1	2109	3284	3329	100.0	100.0
GCA_028440705.1	r3-T1	JAHUQC010000112.1	1	951	9461	100.0	100.0
GCA_029477905.1	r3-T1	JAQBHP010000028.1	13220	14170	14244	100.0	100.0
GCA_029478065.1	r3-T1	JAQBHQ010000085.1	7687	8637	8710	100.0	100.0
GCA_029761775.1	r3-T13	JARUPN010000192.1	757	1686	3307	100.0	100.0
GCA_029761775.1	r3-T14	JARUPN010000143.1	4978	5901	7502	100.0	100.0
GCA_029955785.1	r3-T18	JASBHG010000073.1	6359	7309	7795	100.0	100.0
GCA_029955785.1	r3-T3	JASBHG010000014.1	525	1646	111058	100.0	100.0
GCA_029955865.1	r3-T13	JASBHI010000066.1	830	1759	3458	100.0	100.0
GCA_029955865.1	r3-T50	JASBHI010000051.1	16641	17594	18606	100.0	100.0
GCA_029956025.1	r3-T13	JASBHR010000092.1	1700	2629	6920	100.0	100.0
GCA_029956025.1	r3-T50	JASBHR010000066.1	1013	1966	19570	100.0	100.0
GCA_030016845.1	r3-T13	JASDDZ010000033.1	2673	3602	15177	100.0	100.0
GCA_030016875.1	r3-T18	JASDEA010000049.1	4160	5110	7851	100.0	100.0
GCA_030016875.1	r3-T3	JASDEA010000014.1	39788	40909	110967	100.0	100.0
GCA_030165035.1	r3-T14	JASNGA010000054.1	1496	2419	10003	100.0	100.0
GCA_030165035.1	r3-T16	JASNGA010000041.1	4451	5581	56733	97.79	100.0
GCA_030165035.1	r3-T3	JASNGA010000034.1	21767	22888	37470	100.0	100.0
GCA_030165035.1	rP-T1	JASNGA010000098.1	1768	2943	10663	100.0	100.0
GCA_030550895.1	r3-T1	JARCRY010000055.1	6165	7115	8830	100.0	100.0
GCA_030550955.1	r3-T1	JARCSB010000050.1	7014	7964	8830	100.0	100.0
GCA_030550955.1	r3-T15	JARCSB010000073.1	100	1032	2377	100.0	100.0
GCA_030550955.1	rP-T1	JARCSB010000024.1	7799	8974	50168	100.0	100.0
GCA_030550965.1	r3-T1	JARCSC010000068.1	1192	2142	8830	100.0	100.0
GCA_030550965.1	r3-T3	JARCSC010000083.1	1897	3018	4651	100.0	100.0
GCA_030550975.1	r3-T1	JARCSE010000048.1	4	954	8830	100.0	100.0
GCA_030550975.1	r3-T15	JARCSE010000066.1	157	1089	1251	99.79	100.0
GCA_030551015.1	r3-T1	JARCSD010000060.1	4837	5787	8831	100.0	100.0
GCA_030551015.1	r3-T15	JARCSD010000077.1	91	1023	2309	99.89	100.0
GCA_030551035.1	r3-T1	JARCSH010000061.1	59	1009	8830	100.0	100.0
GCA_030551035.1	r3-T15	JARCSH010000077.1	715	1647	2377	100.0	100.0
GCA_030551055.1	r3-T1	JARCSG010000057.1	3154	4104	8830	100.0	100.0
GCA_030551055.1	r3-T3	JARCSG010000037.1	21302	22423	26565	100.0	100.0
GCA_030551065.1	r3-T1	JARCSF010000082.1	2265	3215	8830	100.0	100.0
GCA_030551065.1	r3-T15	JARCSF010000124.1	791	1723	2377	100.0	100.0
GCA_030551065.1	r3-T3	JARCSF010000019.1	32717	33838	54922	100.0	100.0
GCA_030551075.1	r3-T1	JARCSA010000054.1	7609	8559	8830	100.0	100.0
GCA_030551115.1	r3-T1	JARCSJ010000048.1	2703	3653	8830	100.0	100.0
GCA_030551135.1	r3-T1	JARCSI010000046.1	5583	6533	8830	100.0	100.0
GCA_030551145.1	r3-T1	JARCSM010000053.1	5846	6796	8830	100.0	100.0
GCA_030551145.1	r3-T3	JARCSM010000024.1	7606	8727	47217	100.0	100.0
GCA_030551165.1	r3-T1	JARCSK010000046.1	5292	6242	8830	100.0	100.0
GCA_030551215.1	r3-T1	JARCSN010000052.1	3925	4875	8830	100.0	100.0
GCA_030551215.1	r3-T3	JARCSN010000017.1	37413	38534	77025	100.0	100.0
GCA_030551235.1	r3-T1	JARCSO010000054.1	6190	7140	8830	100.0	100.0
GCA_030551235.1	r3-T3	JARCSO010000024.1	17568	18689	57180	100.0	100.0
GCA_030755535.1	r3-T6	JAUENB010000173.1	3641	4570	9101	100.0	100.0
GCA_030755775.1	r3-T14	JAUENO010000060.1	9502	10425	14782	100.0	100.0
GCA_030755855.1	r1-T2	JAUENR010000105.1	301	1485	2075	99.92	100.0
GCA_030756425.1	r1-T2	JAUEOV010000011.1	590	1774	2076	99.92	100.0
GCA_031100935.1	r3-T1	DAPFEF010000033.1	2499	3449	8731	100.0	100.0
GCA_031100955.1	r3-T14	DAPFEG010000043.1	3676	4599	14782	100.0	100.0
GCA_031100955.1	r3-T14	DAPFEG010000071.1	145	1068	14771	100.0	100.0
GCA_031100975.1	r3-T1	DAPFEH010000032.1	2499	3449	8731	100.0	100.0
GCA_031101015.1	r3-T1	DAPFEI010000026.1	2499	3449	8731	100.0	100.0
GCA_034296425.1	r3-T14	JAXKSF010000017.1	66843	67766	87252	100.0	100.0
GCA_034296455.1	r3-T1	JAXKQY010000042.1	2973	3923	8858	100.0	100.0
GCA_034296495.1	r3-T3	JAXKQW010000018.1	50072	51193	108808	100.0	100.0
GCA_034296535.1	r3-T14	JAXKRC010000042.1	2811	3734	10975	100.0	100.0
GCA_034296575.1	r3-T14	JAXKRE010000057.1	7757	8680	10281	100.0	100.0
GCA_034296595.1	r3-T31	JAXKSD010000003.1	1	933	13439	100.0	100.0
GCA_034296595.1	r3-T5	JAXKSD010000003.1	7347	8270	13439	100.0	100.0
GCA_034296605.1	r3-T14	JAXKSE010000019.1	1552	2475	69807	100.0	100.0
GCA_034296615.1	r3-T3	JAXKSB010000016.1	57492	58613	100231	100.0	100.0
GCA_034296615.1	r3-T6	JAXKSB010000055.1	5764	6693	8726	99.89	100.0
GCA_034296625.1	r3-T14	JAXKSC010000056.1	9452	10375	11940	100.0	100.0
GCA_034296675.1	r3-T14	JAXKQQ010000020.1	20726	21649	72306	100.0	100.0
GCA_034296695.1	r3-T14	JAXKRN010000037.1	7720	8643	10208	100.0	100.0
GCA_034296705.1	r3-T14	JAXKQS010000022.1	50658	51581	64880	100.0	100.0
GCA_034296735.1	r3-T14	JAXKQT010000035.1	1602	2525	10282	100.0	100.0
GCA_034296755.1	r3-T3	JAXKRQ010000016.1	57577	58698	100414	100.0	100.0
GCA_034296765.1	r1-T22	JAXKQR010000052.1	37	1047	2407	96.74	97.8
GCA_034296765.1	r3-T14	JAXKQR010000040.1	603	1526	9765	100.0	100.0
GCA_034296795.1	r3-T14	JAXKRM010000056.1	7757	8680	10281	100.0	100.0
GCA_034296805.1	r3-T14	JAXKRV010000007.1	1	924	10848	100.0	100.0
GCA_034296825.1	r3-T3	JAXKRS010000016.1	50043	51164	108732	100.0	100.0
GCA_034296835.1	r3-T1	JAXKRP010000042.1	2503	3453	8829	100.0	100.0
GCA_034296875.1	r3-T1	JAXKRR010000041.1	7004	7954	8830	100.0	100.0
GCA_034296895.1	r3-T1	JAXKRX010000045.1	1	951	8731	100.0	100.0
GCA_034296915.1	r3-T1	JAXKRU010000043.1	2597	3547	8827	100.0	100.0
GCA_034296945.1	r3-T26	JAXKRY010000064.1	3838	4779	5379	100.0	100.0
GCA_034296945.1	r3-T3	JAXKRY010000009.1	66370	67491	109421	100.0	100.0
GCA_034296955.1	r3-T1	JAXKRW010000040.1	1683	2633	8829	100.0	100.0
GCA_034296995.1	r3-T14	JAXKRZ010000042.1	1	924	9638	100.0	100.0
GCA_034297035.1	r3-T14	JAXKSG010000034.1	1572	2495	38065	100.0	100.0
GCA_034297055.1	r3-T1	JAXKQX010000042.1	5089	6039	8858	100.0	100.0
GCA_034297075.1	r3-T14	JAXKSA010000038.1	7728	8651	13144	100.0	100.0
GCA_034297095.1	r3-T14	JAXKRH010000059.1	7757	8680	10281	100.0	100.0
GCA_034297155.1	r3-T14	JAXKRF010000056.1	7757	8680	10281	100.0	100.0
GCA_034297175.1	r3-T14	JAXKRI010000001.1	19611	20534	282374	100.0	100.0
GCA_034297195.1	r3-T14	JAXKRG010000056.1	7757	8680	10281	100.0	100.0
GCA_034297215.1	r3-T6	JAXKRJ010000052.1	6334	7263	8853	99.89	100.0
GCA_034297235.1	r3-T14	JAXKRK010000057.1	1602	2525	10282	100.0	100.0
GCA_034297265.1	r3-T14	JAXKRL010000058.1	1602	2525	10282	100.0	100.0
GCA_034297275.1	r3-T14	JAXKRO010000038.1	1566	2489	10211	100.0	100.0
GCA_034931785.1	r3-T1	JAYGIW010000032.1	7660	8610	8683	100.0	100.0
GCA_034931785.1	r3-T15	JAYGIW010000071.1	1223	2155	2229	100.0	100.0
GCA_034931785.1	rP-T1	JAYGIW010000040.1	29336	30511	70161	100.0	100.0
GCA_036907395.1	r3-T8	JBALBL010000033.1	4381	5268	9200	100.0	100.0
GCA_037545705.1	r3-T18	JARBXH010000061.1	4005	4955	7999	100.0	100.0
GCA_037545705.1	r3-T28	JARBXH010000071.1	344	1282	4209	100.0	100.0
GCA_037545745.1	r3-T18	JARBXI010000063.1	4005	4955	7999	100.0	100.0
GCA_037545745.1	r3-T28	JARBXI010000075.1	344	1282	4209	100.0	100.0
GCA_037545755.1	r3-T18	JARBXJ010000061.1	4005	4955	7999	100.0	100.0
GCA_037545755.1	r3-T28	JARBXJ010000070.1	344	1282	4209	100.0	100.0
GCA_037545805.1	r3-T18	JARBXK010000089.1	5949	6899	8149	100.0	100.0
GCA_037545805.1	r3-T28	JARBXK010000104.1	3557	4495	4984	100.0	100.0
GCA_039658575.1	r3-T189	JAOAQF010000043.1	9972	10895	11047	99.78	100.0
GCA_039658575.1	r3-T7	JAOAQF010000018.1	10836	12008	55156	100.0	100.0
GCA_039658595.1	r3-T189	JAOAQD010000040.1	8951	9874	11308	99.78	100.0
GCA_039658595.1	r3-T7	JAOAQD010000020.1	10792	11964	55114	100.0	100.0
GCA_039658615.1	r3-T189	JAOAQC010000040.1	9972	10895	11047	99.78	100.0
GCA_039658615.1	r3-T7	JAOAQC010000020.1	7544	8716	51866	100.0	100.0
GCA_039658635.1	r3-T189	JAOAQB010000041.1	8950	9873	11307	99.78	100.0
GCA_039658635.1	r3-T7	JAOAQB010000020.1	43150	44322	55113	100.0	100.0
GCA_039658655.1	r3-T189	JAOAQA010000035.1	9971	10894	11046	99.78	100.0
GCA_039658655.1	r3-T7	JAOAQA010000019.1	7254	8426	51576	100.0	100.0
GCA_039677705.1	r3-T15	JBDJPI010000030.1	1	867	4889	100.0	93.8
GCA_039677705.1	r3-T61	JBDJPI010000031.1	1	873	2583	95.3	93.9
GCA_039677725.1	r3-T15	JBDJPJ010000038.1	4023	4889	4889	100.0	93.8
GCA_039677725.1	r3-T61	JBDJPJ010000040.1	1	873	2583	95.3	93.9
GCA_039677745.1	r3-T13	JBDJPL010000076.1	3065	3994	9264	100.0	100.0
GCA_039677745.1	r3-T3	JBDJPL010000011.1	50127	51248	91479	100.0	100.0
GCA_039677765.1	r3-T15	JBDJPK010000028.1	4023	4889	4889	100.0	93.8
GCA_039677765.1	r3-T61	JBDJPK010000029.1	1	873	2583	95.3	93.9
GCA_040151215.1	r3-T3	JBEFKP010000010.1	9155	10276	112006	100.0	100.0
GCA_040151215.1	r3-T55	JBEFKP010000042.1	1	892	3065	99.89	95.0
GCA_040151215.1	r3-T6	JBEFKP010000034.1	3921	4850	7809	99.68	100.0
GCA_040223795.1	r3-T1	JBEHDS010000067.1	5467	6417	8808	100.0	100.0
GCA_040223815.1	r3-T1	JBEHDT010000106.1	3302	4252	8808	100.0	100.0
GCA_040239585.1	r3-T1	JBEIBT010000104.1	6841	7791	8808	100.0	100.0
GCA_041501475.1	r3-T5	CP167774.1	1	924	8633	99.89	100.0
GCA_041501475.1	r3-T7	CP167771.1	43184	44356	152678	100.0	100.0
GCA_042153585.1	r3-T14	CP169874.1	4209	5132	18491	100.0	100.0
GCA_042153585.1	r3-T14	CP169876.1	7565	8488	9638	100.0	100.0
GCA_042938265.1	r3-T1	DAXTPX010000054.1	2499	3449	8427	100.0	100.0
GCA_042938265.1	r3-T13	DAXTPX010000064.1	1621	2550	3305	100.0	100.0
GCA_042939275.1	r3-T1	DAXTRV010000061.1	2499	3449	8731	100.0	100.0
GCA_042939275.1	rP-T1	DAXTRV010000026.1	39258	40433	65192	100.0	100.0
GCA_045064695.1	r3-T13	JBDGFO010000017.1	1458	2387	42978	100.0	100.0
GCA_045064695.1	r3-T14	JBDGFO010000022.1	1963	2886	11336	100.0	100.0
GCA_045066095.1	r3-T3	JBDGGY010000001.1	32444	33565	71760	100.0	100.0
GCA_045066095.1	r3-T36	JBDGGY010000020.1	5329	6243	10958	100.0	100.0
GCA_045066095.1	r3-T68	JBDGGY010000041.1	10923	11822	69950	100.0	100.0
GCA_045066125.1	r3-T14	JBDGHA010000040.1	1552	2475	11046	100.0	100.0
GCA_045066125.1	r3-T3	JBDGHA010000023.1	24791	25912	58676	100.0	100.0
GCA_045066145.1	r3-T36	JBDGGZ010000031.1	4723	5637	11043	100.0	100.0
GCA_045066255.1	r3-T14	JBDGHC010000045.1	5370	6293	9361	100.0	100.0
GCA_045066255.1	r3-T32	JBDGHC010000052.1	214	1137	4020	100.0	100.0
GCA_045066255.1	r3-T36	JBDGHC010000038.1	9162	10076	14583	100.0	100.0
GCA_045066255.1	r3-T68	JBDGHC010000040.1	1908	2807	11968	100.0	100.0
GCA_045066275.1	r3-T5	JBDGHD010000059.1	4475	5398	6238	100.0	100.0
GCA_045066275.1	r3-T6	JBDGHD010000052.1	3954	4883	9100	100.0	100.0
GCA_045066335.1	r3-T14	JBDGHF010000013.1	61348	62271	104427	100.0	100.0
GCA_045066355.1	r3-T5	JBDGHE010000023.1	1271	2194	7557	100.0	100.0
GCA_045066355.1	r3-T6	JBDGHE010000019.1	4961	5890	10217	100.0	100.0
GCA_045066365.1	r3-T14	JBDGHH010000045.1	1637	2560	11229	100.0	100.0
GCA_045066365.1	r3-T3	JBDGHH010000037.1	41823	42944	69806	100.0	100.0
GCA_045066365.1	r3-T36	JBDGHH010000047.1	5574	6488	11457	100.0	100.0
GCA_045066365.1	r3-T68	JBDGHH010000040.1	10744	11643	12855	100.0	100.0
GCA_045066455.1	r3-T13	JBDGHI010000035.1	1327	2256	4400	100.0	100.0
GCA_045066455.1	r3-T14	JBDGHI010000013.1	5319	6242	8077	100.0	100.0
GCA_045066515.1	r3-T5	JBDGHJ010000047.1	2347	3270	12479	100.0	100.0
GCA_045066655.1	r3-T28	JBDGHK010000059.1	516	1454	4195	100.0	100.0
GCA_045066655.1	r3-T5	JBDGHK010000058.1	2166	3089	4562	100.0	100.0
GCA_045066655.1	r3-T6	JBDGHK010000051.1	4333	5262	9851	100.0	100.0
GCA_047802665.1	r3-T3	DBFKPN010000008.1	96673	97794	112605	99.55	100.0
GCA_047802685.1	r3-T3	DBFKPP010000008.1	51734	52855	112411	99.55	100.0
GCA_048067285.1	r3-T1	CP179706.1	1	951	8731	100.0	100.0
GCA_048067295.1	r3-T1	CP179708.1	1	951	8731	100.0	100.0
GCA_048067305.1	r3-T1	CP179703.1	1	951	8731	100.0	100.0
GCA_048067305.1	r3-T15	CP179704.1	543	1475	2278	100.0	100.0
GCA_048069565.1	r3-T1	CP179710.1	1	951	8731	100.0	100.0
GCA_048480215.1	r3-T1	CP179700.1	1	951	8731	100.0	100.0
GCA_048480215.1	r3-T15	CP179701.1	140	1072	2278	100.0	100.0
GCA_049349525.1	r3-T1	JBKICD010000071.1	3290	4240	8858	100.0	100.0
GCA_049355475.1	r3-T14	DBHMLO010000057.1	5939	6862	11497	100.0	100.0
GCA_049355475.1	r3-T34	DBHMLO010000058.1	5447	6370	11310	100.0	100.0
GCA_049356015.1	r3-T14	DBHMMK010000052.1	1472	2395	7917	100.0	100.0
GCA_049388885.1	r3-T14	DBHNRS010000054.1	1472	2395	7916	100.0	100.0
GCA_049389325.1	r3-T14	DBHNSR010000055.1	1472	2395	7916	100.0	100.0
GCA_050030175.1	r3-T1	CP179697.1	1	951	8731	100.0	100.0
GCA_050030175.1	r3-T15	CP179698.1	732	1664	2278	100.0	100.0
GCA_050030185.1	r3-T14	CP179695.1	1	924	10848	100.0	100.0
GCA_050030675.1	r3-T1	CP179693.1	1	951	8731	100.0	100.0
GCA_050269755.1	r3-T11	CP189876.1	13060	13983	23879	99.35	100.0
GCA_050269755.1	r3-T26	CP189875.1	2905	3846	5280	100.0	100.0
GCA_050269755.1	rP-T1	CP189873.1	32883	34058	71980	100.0	100.0
GCA_050896615.1	r3-T13	JBPBDI010000050.1	744	1673	3281	100.0	100.0
GCA_050896615.1	rP-T1	JBPBDI010000041.1	7700	8875	10572	100.0	100.0
GCA_050896635.1	r3-T14	JBPBDJ010000053.1	1	924	10848	100.0	100.0
GCA_050896655.1	r3-T14	JBPBDK010000048.1	1	924	13605	100.0	100.0
GCA_050896695.1	r3-T14	JBPBDY010000072.1	7630	8553	10027	100.0	100.0
GCA_050896705.1	r3-T14	JBPBDO010000046.1	1	924	10872	100.0	100.0
GCA_050896775.1	r3-T14	JBPBDN010000055.1	5524	6447	7921	100.0	100.0
GCA_050896775.1	r3-T18	JBPBDN010000047.1	1747	2697	13679	100.0	100.0
GCA_050896815.1	r3-T13	JBPBDR010000081.1	1609	2538	3295	100.0	100.0
GCA_050896815.1	r3-T80	JBPBDR010000054.1	788	1735	21325	96.52	100.0
GCA_050896815.1	rP-T1	JBPBDR010000063.1	1773	2948	10724	100.0	100.0
GCA_050896855.1	r3-T13	JBPBDQ010000174.1	100	1029	1611	100.0	100.0
GCA_050896855.1	rP-T1	JBPBDQ010000096.1	1698	2873	10572	100.0	100.0
GCA_050896895.1	r3-T14	JBPBDS010000056.1	4644	5567	12928	100.0	100.0
GCA_050896895.1	r3-T34	JBPBDS010000057.1	6451	7374	12698	100.0	100.0
GCA_050896975.1	r3-T14	JBPBEG010000009.1	9177	10100	10804	100.0	100.0
GCA_050897015.1	r3-T14	JBPBDV010000056.1	7362	8285	12928	100.0	100.0
GCA_050897035.1	r3-T14	JBPBDW010000046.1	4665	5588	12970	100.0	100.0
GCA_050897035.1	r3-T34	JBPBDW010000047.1	5325	6248	12698	100.0	100.0
GCA_050897055.1	r3-T13	JBPBDL010000061.1	1619	2548	3989	100.0	100.0
GCA_050897055.1	r3-T14	JBPBDL010000052.1	850	1773	9155	100.0	100.0
GCA_050897075.1	r3-T14	JBPBDM010000046.1	7473	8396	10765	100.0	100.0
GCA_050897095.1	r3-T14	JBPBDF010000052.1	1475	2398	7921	100.0	100.0
GCA_050897095.1	r3-T159	JBPBDF010000062.1	257	1198	4023	100.0	100.0
GCA_050897095.1	r3-T18	JBPBDF010000066.1	237	1187	3105	100.0	100.0
GCA_050897115.1	r3-T14	JBPBDG010000059.1	4665	5588	12970	100.0	100.0
GCA_050897135.1	r3-T14	JBPBDP010000178.1	51	974	1079	100.0	100.0
GCA_050897155.1	r3-T14	JBPBDT010000053.1	4665	5588	12970	100.0	100.0
GCA_050897175.1	r3-T14	JBPBDC010000064.1	1475	2398	7965	100.0	100.0
GCA_050897195.1	r3-T13	JBPBDB010000057.1	1608	2537	3279	100.0	100.0
GCA_050897195.1	rP-T1	JBPBDB010000046.1	1695	2870	10568	100.0	100.0
GCA_050897215.1	r3-T13	JBPBDH010000056.1	744	1673	3281	100.0	100.0
GCA_050897215.1	rP-T1	JBPBDH010000044.1	7700	8875	10572	100.0	100.0
GCA_050897235.1	r3-T2	JBPBDE010000070.1	1	951	7702	100.0	100.0
GCA_050897255.1	r3-T14	JBPBDD010000072.1	9732	10655	10782	100.0	100.0
GCA_050897275.1	r3-T13	JBPBDA010000062.1	1608	2537	3279	100.0	100.0
GCA_050897275.1	rP-T1	JBPBDA010000049.1	1695	2870	10568	100.0	100.0
GCA_050897295.1	r3-T14	JBPBDX010000063.1	7383	8306	12970	100.0	100.0
GCA_050897315.1	r3-T13	JBPBEK010000057.1	757	1686	3307	100.0	100.0
GCA_050897315.1	r3-T14	JBPBEK010000046.1	1475	2398	10028	100.0	100.0
GCA_050897325.1	r3-T13	JBPBDZ010000058.1	757	1686	3307	100.0	100.0
GCA_050897325.1	r3-T14	JBPBDZ010000051.1	7396	8319	9171	100.0	100.0
GCA_050897355.1	r3-T13	JBPBEA010000041.1	757	1686	3307	100.0	100.0
GCA_050897355.1	r3-T14	JBPBEA010000038.1	7630	8553	10027	100.0	100.0
GCA_050897395.1	r3-T14	JBPBEC010000049.1	7362	8285	12928	100.0	100.0
GCA_050897455.1	r3-T14	JBPBEB010000055.1	5568	6491	7965	100.0	100.0
GCA_050897475.1	r3-T13	JBPBED010000040.1	764	1693	3234	100.0	100.0
GCA_050897475.1	r3-T14	JBPBED010000046.1	7338	8261	9130	100.0	100.0
GCA_050897555.1	r3-T13	JBPBEE010000055.1	744	1673	3281	100.0	100.0
GCA_050897555.1	r3-T14	JBPBEE010000048.1	7362	8285	9134	100.0	100.0
GCA_050897575.1	r3-T13	JBPBEF010000096.1	2220	3149	3925	100.0	100.0
GCA_050897575.1	r3-T14	JBPBEF010000100.1	125	1048	1920	100.0	100.0
GCA_050897595.1	r3-T14	JBPBEH010000051.1	6960	7883	16310	100.0	100.0
GCA_050897675.1	r3-T13	JBPBEI010000050.1	765	1694	3236	100.0	100.0
GCA_050897675.1	rP-T1	JBPBEI010000067.1	7721	8896	10612	100.0	100.0
GCA_050897695.1	r3-T28	JBPBEL010000019.1	2033	2971	3208	100.0	100.0
GCA_050897695.1	r3-T5	JBPBEL010000043.1	1730	2653	7026	100.0	100.0
GCA_050897695.1	r3-T6	JBPBEL010000069.1	5525	6454	8341	100.0	100.0
GCA_050897715.1	r3-T14	JBPBEJ010000051.1	5568	6491	7965	100.0	100.0
GCA_050897775.1	r3-T28	JBPBEM010000123.1	174	1112	3069	100.0	100.0
GCA_050897775.1	r3-T5	JBPBEM010000025.1	1279	2202	7004	100.0	100.0
GCA_050897775.1	r3-T6	JBPBEM010000049.1	4161	5090	13676	100.0	100.0
GCA_050897795.1	r3-T28	JBPBEN010000056.1	254	1192	3182	100.0	100.0
GCA_050897795.1	r3-T5	JBPBEN010000095.1	4803	5726	7004	100.0	100.0
GCA_050897795.1	r3-T6	JBPBEN010000072.1	7160	8089	13613	100.0	100.0
GCA_051169065.1	r3-T1	JBEQCV010000035.1	74	1024	8682	100.0	100.0
GCA_051169085.1	r3-T1	JBEQCW010000004.1	7658	8608	8714	100.0	100.0
GCA_051169105.1	r3-T1	JBEQCX010000038.1	7660	8610	8683	100.0	100.0
GCA_051169125.1	r3-T1	JBEQCY010000064.1	73	1023	8681	100.0	100.0
GCA_051169155.1	r3-T1	JBEQCZ010000002.1	7660	8610	8683	100.0	100.0
GCA_051169175.1	r3-T1	JBEQDA010000012.1	7660	8610	8683	100.0	100.0
GCA_051169195.1	r3-T1	JBEQDB010000045.1	73	1023	8711	100.0	100.0
GCA_051169215.1	r3-T1	JBEQDC010000036.1	73	1023	8725	100.0	100.0
GCA_051169235.1	r3-T1	JBEQDD010000013.1	7659	8609	8681	100.0	100.0
GCA_051169255.1	r3-T1	JBEQDE010000049.1	1176	2126	8694	100.0	100.0
GCA_051169275.1	r3-T1	JBEQDF010000019.1	7660	8610	8683	100.0	100.0
GCA_051169295.1	r3-T1	JBEQDG010000050.1	7660	8610	8683	100.0	100.0
GCA_051169315.1	r3-T1	JBEQDI010000042.1	6631	7581	8709	100.0	100.0
GCA_051169335.1	r3-T1	JBEQDH010000042.1	74	1024	8683	100.0	100.0
GCA_051169355.1	r3-T1	JBEQDJ010000011.1	7660	8610	8683	100.0	100.0
GCA_051169375.1	r3-T1	JBEQDL010000002.1	7659	8609	8681	100.0	100.0
GCA_051169395.1	r3-T1	JBEQDK010000047.1	74	1024	8683	100.0	100.0
GCA_051169415.1	r3-T1	JBEQDM010000002.1	74	1024	8683	100.0	100.0
GCA_051169435.1	r3-T1	JBEQDO010000044.1	7660	8610	8683	100.0	100.0
GCA_051169445.1	r3-T1	JBEQDN010000046.1	107	1057	8716	100.0	100.0
GCA_051169475.1	r3-T1	JBEQDP010000018.1	73	1023	8681	100.0	100.0
GCA_051169495.1	r3-T1	JBEQDQ010000053.1	73	1023	8681	100.0	100.0
GCA_051169515.1	r3-T1	JBEQDR010000043.1	74	1024	8683	100.0	100.0
GCA_051169535.1	r3-T1	JBEQDS010000034.1	7659	8609	8681	100.0	100.0
GCA_051169555.1	r3-T1	JBEQDV010000022.1	7659	8609	8681	100.0	100.0
GCA_051169575.1	r3-T1	JBEQDT010000042.1	7659	8609	8681	100.0	100.0
GCA_051169575.1	rP-T1	JBEQDT010000017.1	7719	8894	49516	100.0	100.0
GCA_051169595.1	r3-T1	JBEQDU010000019.1	73	1023	8668	100.0	100.0
GCA_051169615.1	r3-T1	JBEQDY010000046.1	74	1024	8683	100.0	100.0
GCA_051169635.1	r3-T1	JBEQDW010000027.1	5225	6175	8665	100.0	100.0
GCA_051169655.1	r3-T1	JBEQDX010000029.1	7659	8609	8681	100.0	100.0
GCA_051169675.1	r3-T1	JBEQDZ010000035.1	5226	6176	8665	100.0	100.0
GCA_051169695.1	r3-T1	JBEQEB010000001.1	7660	8610	8683	100.0	100.0
GCA_051169715.1	r3-T1	JBEQEA010000013.1	7660	8610	8683	100.0	100.0
GCA_051169745.1	r3-T1	JBEQEC010000041.1	7697	8647	8719	100.0	100.0
GCA_051169765.1	r3-T1	JBEQED010000017.1	73	1023	8668	100.0	100.0
GCA_051169785.1	r3-T1	JBEQEE010000029.1	74	1024	8683	100.0	100.0
GCA_051169805.1	r3-T1	JBEQEF010000013.1	121	1071	8729	100.0	100.0
GCA_051169825.1	r3-T1	JBEQEG010000036.1	7660	8610	8683	100.0	100.0
GCA_051169825.1	rP-T1	JBEQEG010000044.1	7720	8895	48938	100.0	100.0
GCA_051169845.1	r3-T1	JBEQEH010000048.1	73	1023	8681	100.0	100.0
GCA_051169865.1	r3-T1	JBEQEI010000039.1	74	1024	8683	100.0	100.0
GCA_051169885.1	r3-T1	JBEQEJ010000038.1	74	1024	8683	100.0	100.0
GCA_051169905.1	r3-T1	JBEQEK010000030.1	74	1024	8683	100.0	100.0
GCA_051169925.1	r3-T1	JBEQEL010000015.1	7659	8609	8681	100.0	100.0
GCA_051169945.1	r3-T1	JBEQEN010000032.1	7660	8610	8683	100.0	100.0
GCA_051169965.1	r3-T1	JBEQEM010000033.1	7660	8610	8683	100.0	100.0
GCA_051169985.1	r3-T1	JBEQEO010000024.1	73	1023	8681	100.0	100.0
GCA_051170005.1	r3-T1	JBEQEQ010000048.1	74	1024	8727	100.0	100.0
GCA_051170005.1	rP-T1	JBEQEQ010000050.1	7720	8895	10611	100.0	100.0
GCA_051170025.1	r3-T1	JBEQEP010000013.1	7660	8610	8670	100.0	100.0
GCA_051170045.1	r3-T1	JBEQES010000045.1	7660	8610	8683	100.0	100.0
GCA_051170045.1	rP-T1	JBEQES010000052.1	1718	2893	10612	100.0	100.0
GCA_051170065.1	r3-T1	JBEQET010000017.1	2510	3460	8687	100.0	100.0
GCA_051170085.1	r3-T1	JBEQER010000034.1	7660	8610	8668	100.0	100.0
GCA_051170105.1	r3-T1	JBEQEU010000038.1	7660	8610	8683	100.0	100.0
GCA_051170125.1	r3-T1	JBEQEV010000045.1	5225	6175	8665	100.0	100.0
GCA_051170145.1	r3-T1	JBEQEW010000021.1	74	1024	8683	100.0	100.0
GCA_051170165.1	r3-T1	JBEQEZ010000063.1	74	1024	8683	100.0	100.0
GCA_051170185.1	r3-T1	JBEQEX010000044.1	7660	8610	8683	100.0	100.0
GCA_051170205.1	r3-T1	JBEQEY010000024.1	5226	6176	8665	100.0	100.0
GCA_051170225.1	r3-T1	JBEQFA010000057.1	7660	8610	8683	100.0	100.0
GCA_051170245.1	r3-T1	JBEQFB010000029.1	112	1062	8721	100.0	100.0
GCA_051170265.1	r3-T1	JBEQFC010000066.1	6581	7531	8687	100.0	100.0
GCA_051170265.1	rP-T1	JBEQFC010000037.1	1718	2893	10612	100.0	100.0
GCA_051170285.1	r3-T1	JBEQFE010000026.1	7658	8608	8680	100.0	100.0
GCA_051170305.1	r3-T1	JBEQFD010000050.1	7700	8650	8771	100.0	100.0
GCA_051170325.1	r3-T1	JBEQFF010000047.1	7660	8610	8683	100.0	100.0
GCA_051170325.1	r3-T15	JBEQFF010000007.1	952	1884	2261	100.0	100.0
GCA_051170345.1	r3-T1	JBEQFG010000050.1	7660	8610	8667	100.0	100.0
GCA_051170365.1	r3-T1	JBEQFH010000053.1	74	1024	8682	100.0	100.0
GCA_051170385.1	r3-T1	JBEQFI010000046.1	7660	8610	8683	100.0	100.0
GCA_051170405.1	r3-T1	JBEQFL010000017.1	74	1024	8705	100.0	100.0
GCA_051170405.1	r3-T15	JBEQFL010000035.1	113	1045	2267	100.0	100.0
GCA_051170425.1	r3-T1	JBEQFJ010000021.1	74	1024	8683	100.0	100.0
GCA_051170445.1	r3-T1	JBEQFK010000029.1	1177	2127	8687	100.0	100.0
GCA_051170465.1	r3-T1	JBEQFM010000032.1	1177	2127	8665	100.0	100.0
GCA_051170465.1	r3-T15	JBEQFM010000054.1	75	1007	2229	100.0	100.0
GCA_051170485.1	r3-T1	JBEQFN010000042.1	74	1024	8683	100.0	100.0
GCA_051170485.1	r3-T15	JBEQFN010000037.1	113	1045	2307	100.0	100.0
GCA_051170505.1	r3-T1	JBEQFO010000041.1	73	1023	8681	100.0	100.0
GCA_051170525.1	r3-T1	JBEQFP010000003.1	7711	8661	8734	100.0	100.0
GCA_051170545.1	r3-T1	JBEQFQ010000006.1	74	1024	8683	100.0	100.0
GCA_051170545.1	r3-T15	JBEQFQ010000013.1	75	1007	2228	100.0	100.0
GCA_051170565.1	r3-T1	JBEQFR010000025.1	7660	8610	8683	100.0	100.0
GCA_051170565.1	r3-T15	JBEQFR010000006.1	75	1007	2213	100.0	100.0
GCA_051170585.1	r3-T1	JBEQFS010000002.1	74	1024	8683	100.0	100.0
GCA_051170585.1	r3-T15	JBEQFS010000014.1	1222	2154	2266	100.0	100.0
GCA_051170605.1	r3-T1	JBEQFT010000002.1	5248	6198	8687	100.0	100.0
GCA_051170625.1	r3-T1	JBEQFU010000058.1	7660	8610	8683	100.0	100.0
GCA_051170645.1	r3-T1	JBEQFV010000038.1	74	1024	8683	100.0	100.0
GCA_051170665.1	r3-T1	JBEQFW010000052.1	74	1024	8683	100.0	100.0
GCA_051170685.1	r3-T1	JBEQFX010000002.1	2510	3460	8665	100.0	100.0
GCA_051170705.1	r3-T1	JBEQFY010000037.1	74	1024	8683	100.0	100.0
GCA_051170725.1	r3-T1	JBEQFZ010000032.1	74	1024	8683	100.0	100.0
GCA_051170745.1	r3-T1	JBEQGA010000031.1	73	1023	8681	100.0	100.0
GCA_051170765.1	r3-T1	JBEQGB010000046.1	7659	8609	8681	100.0	100.0
GCA_051170785.1	r3-T1	JBEQGC010000057.1	73	1023	8681	100.0	100.0
GCA_051170785.1	rP-T1	JBEQGC010000081.1	7719	8894	10607	100.0	100.0
GCA_051170805.1	r3-T1	JBEQGD010000023.1	74	1024	8683	100.0	100.0
GCA_051170825.1	r3-T1	JBEQGF010000050.1	73	1023	8681	100.0	100.0
GCA_051170845.1	r3-T1	JBEQGE010000066.1	74	1024	8683	100.0	100.0
GCA_051375965.1	r3-T28	JBEMBS010000035.1	2277	3215	3787	100.0	100.0
GCA_051375985.1	r3-T28	JBEMBT010000034.1	2363	3301	3754	100.0	100.0
GCA_051376005.1	r3-T28	JBEMBU010000060.1	2197	3135	3825	100.0	100.0
GCA_051376025.1	r3-T28	JBEMBV010000019.1	2320	3258	20131	100.0	100.0
GCA_051376045.1	r3-T28	JBEMBW010000066.1	728	1666	3966	100.0	100.0
GCA_051376065.1	r3-T28	JBEMBX010000022.1	573	1511	3831	100.0	100.0
GCA_051776275.1	rP-T1	CP196470.1	16458	17633	86728	100.0	100.0
GCA_051842185.1	r3-T1	JBNFQE010000071.1	7695	8645	8753	100.0	100.0
GCA_051842205.1	r3-T1	JBNFQD010000075.1	7695	8645	8753	100.0	100.0
GCA_051842205.1	rP-T1	JBNFQD010000021.1	9246	10421	70470	100.0	100.0
GCA_051842225.1	r3-T1	JBNFQB010000044.1	7695	8645	8753	100.0	100.0
GCA_051842225.1	r3-T15	JBNFQB010000049.1	110	1042	2299	100.0	100.0
GCA_051842225.1	rP-T1	JBNFQB010000021.1	39283	40458	70470	100.0	100.0
GCA_051842245.1	r3-T1	JBNFQC010000047.1	109	1059	8753	100.0	100.0
GCA_051842245.1	r3-T15	JBNFQC010000059.1	110	1042	2299	100.0	100.0
GCA_051842265.1	r3-T1	JBNFQA010000049.1	109	1059	8753	100.0	100.0
GCA_051842265.1	r3-T15	JBNFQA010000062.1	110	1042	2299	100.0	100.0
GCA_051842265.1	rP-T1	JBNFQA010000022.1	39283	40458	70470	100.0	100.0
GCA_051842285.1	r3-T1	JBNFPY010000050.1	109	1059	8753	100.0	100.0
GCA_051842285.1	r3-T15	JBNFPY010000062.1	110	1042	2299	100.0	100.0
GCA_051842285.1	rP-T1	JBNFPY010000024.1	39283	40458	70470	100.0	100.0
GCA_051842305.1	r3-T1	JBNFPZ010000048.1	109	1059	8753	100.0	100.0
GCA_051842305.1	r3-T15	JBNFPZ010000061.1	110	1042	2299	100.0	100.0
GCA_051842305.1	rP-T1	JBNFPZ010000022.1	39283	40458	70470	100.0	100.0
GCA_051861835.1	r3-T28	CP159920.1	126414	127352	130855	100.0	100.0
GCA_051941745.1	r3-T18	JBEUKO010000148.1	2011	2961	7978	100.0	100.0
GCA_051941745.1	r3-T28	JBEUKO010000370.1	17	955	1276	100.0	100.0
GCA_051942065.1	r3-T18	JBFECW010000069.1	596	1546	8111	100.0	100.0
GCA_051942065.1	r3-T28	JBFECW010000076.1	3381	4319	4640	100.0	100.0
GCA_051942065.1	r3-T3	JBFECW010000012.1	44310	45431	110975	100.0	100.0
GCA_052115825.1	r3-T1	JBFSHN010000057.1	7653	8603	8687	100.0	100.0
GCA_052371295.1	r1-T2	JBQRVE010000061.1	78	1262	2094	99.92	100.0
GCA_052371315.1	r1-T2	JBQRVF010000058.1	867	2051	2094	99.92	100.0
GCA_052371335.1	r3-T14	JBQRVG010000054.1	1	924	9638	100.0	100.0
GCA_052371355.1	r3-T14	JBQRVH010000060.1	1	924	9638	100.0	100.0
GCA_052371375.1	r3-T14	JBQRVI010000060.1	1	924	9638	100.0	100.0
GCA_052371395.1	r3-T14	JBQRVJ010000066.1	121	1044	9594	100.0	100.0
GCA_052371415.1	r3-T14	JBQRVK010000050.1	1	924	9638	100.0	100.0
GCA_052371435.1	r3-T14	JBQRVL010000051.1	1	924	9638	100.0	100.0
GCA_052371455.1	r3-T14	JBQRVM010000052.1	1	924	9638	100.0	100.0
GCA_052371475.1	r3-T14	JBQRVN010000051.1	1	924	9638	100.0	100.0
GCA_052371495.1	r3-T1	JBQRVO010000046.1	1	951	8731	100.0	100.0
GCA_052371515.1	r3-T1	JBQRVP010000045.1	1	951	8731	100.0	100.0
GCA_052371535.1	r3-T1	JBQRVQ010000049.1	1	951	8731	100.0	100.0
GCA_052371555.1	r3-T1	JBQRVR010000046.1	1	951	8731	100.0	100.0
GCA_052371575.1	r3-T1	JBQRVS010000045.1	1	951	8731	100.0	100.0
GCA_052371595.1	r3-T1	JBQRVT010000045.1	1	951	8731	100.0	100.0
GCA_052371615.1	r3-T1	JBQRVU010000045.1	1	951	8731	100.0	100.0
GCA_052371635.1	r3-T1	JBQRVV010000045.1	1	951	8731	100.0	100.0
GCA_052371655.1	r3-T1	JBQRVX010000049.1	1	951	8731	100.0	100.0
GCA_052371675.1	r3-T1	JBQRVW010000045.1	1	951	8731	100.0	100.0
GCA_052371695.1	r3-T1	JBQRVY010000049.1	1	951	8731	100.0	100.0
GCA_052371715.1	r3-T1	JBQRWA010000048.1	1	951	8731	100.0	100.0
GCA_052371735.1	r3-T1	JBQRVZ010000048.1	1	951	8731	100.0	100.0
GCA_052371755.1	r3-T1	JBQRWB010000048.1	1	951	8731	100.0	100.0
GCA_052371775.1	r3-T1	JBQRWC010000047.1	1	951	8731	100.0	100.0
GCA_052371795.1	r3-T1	JBQRWD010000048.1	1	951	8731	100.0	100.0
GCA_052492475.1	r3-T1	JBQVWU010000031.1	896	1846	8731	100.0	100.0
GCA_052492495.1	r3-T1	JBQVWK010000025.1	3997	4947	8731	100.0	100.0
GCA_052492515.1	r3-T1	JBQVWI010000019.1	6665	7615	8731	100.0	100.0
GCA_052492535.1	r3-T1	JBQVWH010000022.1	1176	2126	8713	100.0	100.0
GCA_052492555.1	r3-T1	JBQVWR010000024.1	5276	6226	8711	100.0	100.0
GCA_052492575.1	r3-T1	JBQVWJ010000028.1	3189	4139	8731	100.0	100.0
GCA_052492595.1	r3-T1	JBQVWP010000044.1	1171	2121	8731	100.0	100.0
GCA_052492615.1	r3-T1	JBQVWQ010000041.1	1032	1982	8731	100.0	100.0
GCA_052492635.1	r3-T1	JBQVWL010000032.1	7661	8611	8729	100.0	100.0
GCA_052492715.1	r3-T1	JBQVWV010000034.1	5320	6270	8731	100.0	100.0
GCA_052492735.1	r3-T1	JBQVWW010000028.1	5784	6734	8731	100.0	100.0
GCA_052492755.1	r3-T1	JBQVWO010000028.1	4713	5663	8731	100.0	100.0
GCA_052492775.1	r3-T1	JBQVWX010000039.1	5776	6726	8731	100.0	100.0
GCA_052492795.1	r3-T1	JBQVWZ010000031.1	4090	5040	8731	100.0	100.0
GCA_052492835.1	r3-T1	JBQVWT010000033.1	68	1018	8712	100.0	100.0
GCA_052492855.1	r3-T1	JBQVWN010000015.1	3271	4221	8731	100.0	100.0
GCA_052545275.1	r3-T1	JBQWLJ010000003.1	5290	6240	8736	100.0	100.0
GCA_053309335.1	r3-T13	JBRYIW010000003.1	2324	3253	25411	100.0	100.0
GCA_053309335.1	r3-T14	JBRYIW010000003.1	21554	22477	25411	100.0	100.0
GCA_053309335.1	r3-T3	JBRYIW010000002.1	13712	14833	32622	100.0	100.0
GCA_053320195.1	r3-T18	JBROGE010000052.1	6684	7634	7850	100.0	100.0
GCA_053320195.1	r3-T28	JBROGE010000065.1	1335	2273	2430	100.0	100.0
GCA_053320195.1	r3-T3	JBROGE010000017.1	68376	69497	86487	100.0	100.0
GCA_053320235.1	r3-T3	JBROGF010000010.1	96495	97616	110876	99.91	100.0
GCA_053320255.1	r3-T1	JBROGG010000034.1	873	1823	7906	100.0	100.0
GCA_053320255.1	r3-T15	JBROGG010000045.1	519	1451	2276	100.0	100.0
GCA_053320255.1	r3-T18	JBROGG010000033.1	428	1378	8786	100.0	100.0
GCA_053320275.1	r3-T3	JBROGH010000013.1	34412	35533	110967	100.0	100.0
GCA_053320295.1	r3-T18	JBROGI010000056.1	151	1101	7850	100.0	100.0
GCA_053320295.1	r3-T28	JBROGI010000069.1	154	1092	2426	100.0	100.0
GCA_053320295.1	r3-T3	JBROGI010000017.1	2855	3976	86487	100.0	100.0
GCA_053320315.1	r3-T18	JBROGJ010000074.1	133	1083	7851	100.0	100.0
GCA_053320335.1	r3-T18	JBROGK010000049.1	4230	5180	7851	100.0	100.0
GCA_053320335.1	r3-T28	JBROGK010000059.1	2779	3717	3870	100.0	100.0
GCA_053320335.1	r3-T3	JBROGK010000014.1	83132	84253	110967	100.0	100.0
GCA_053320355.1	r3-T18	JBROGL010000053.1	2662	3612	7851	100.0	100.0
GCA_053320355.1	r3-T28	JBROGL010000060.1	154	1092	3870	100.0	100.0
GCA_053320355.1	r3-T3	JBROGL010000014.1	57518	58639	110967	100.0	100.0
GCA_053320375.1	r3-T18	JBROGM010000061.1	3827	4777	7851	100.0	100.0
GCA_053320375.1	r3-T28	JBROGM010000068.1	2779	3717	3890	100.0	100.0
GCA_053320375.1	r3-T3	JBROGM010000011.1	47143	48264	110891	100.0	100.0
GCA_053320395.1	r3-T18	JBROGN010000054.1	797	1747	7851	100.0	100.0
GCA_053320395.1	r3-T28	JBROGN010000063.1	2779	3717	3870	100.0	100.0
GCA_053320395.1	r3-T3	JBROGN010000013.1	35885	37006	110967	100.0	100.0
GCA_053320415.1	r3-T18	JBROGO010000059.1	1771	2721	7851	100.0	100.0
GCA_053320415.1	r3-T3	JBROGO010000011.1	29665	30786	110967	100.0	100.0
GCA_053320435.1	r3-T14	JBROGP010000044.1	1604	2527	9999	100.0	100.0
GCA_053320455.1	r3-T28	JBROGQ010000072.1	272	1210	4540	100.0	100.0
GCA_053320455.1	r3-T3	JBROGQ010000010.1	108142	109263	111044	100.0	100.0
GCA_053373735.1	r3-T18	JBRZLA010000060.1	5820	6770	7928	100.0	100.0
GCA_053373735.1	r3-T3	JBRZLA010000011.1	68036	69157	111044	100.0	100.0
GCA_053373755.1	r3-T18	JBRZLB010000057.1	6404	7354	7928	100.0	100.0
GCA_053373755.1	r3-T3	JBRZLB010000012.1	53642	54763	111044	100.0	100.0
GCA_053373775.1	r3-T18	JBRZLC010000067.1	6368	7318	7928	100.0	100.0
GCA_053373775.1	r3-T28	JBRZLC010000047.1	24650	25588	25918	100.0	100.0
GCA_053373775.1	r3-T3	JBRZLC010000010.1	109036	110157	111044	100.0	100.0
GCA_053373795.1	r3-T1	JBRZLD010000045.1	6161	7111	8060	100.0	100.0
GCA_053373795.1	r3-T15	JBRZLD010000058.1	568	1500	2353	100.0	100.0
GCA_053373795.1	r3-T18	JBRZLD010000044.1	7486	8436	9655	100.0	100.0
GCA_053373815.1	r3-T14	JBRZLE010000044.1	7471	8394	9997	100.0	100.0
GCA_053373835.1	r3-T14	JBRZLF010000043.1	1604	2527	9999	100.0	100.0
GCA_053819345.1	rP-T1	JBSOQW010000001.1	33045	34220	72204	100.0	100.0
GCA_054458955.1	r3-T14	JBTLKC010000050.1	3676	4599	10848	100.0	100.0
GCA_054458975.1	r3-T14	JBTLKD010000047.1	3676	4599	10848	100.0	100.0
GCA_054458995.1	r3-T14	JBTLKB010000047.1	3676	4599	10848	100.0	100.0
GCA_055403185.1	r3-T14	JBUZER010000018.1	1492	2415	10848	100.0	100.0
GCA_055403225.1	r3-T14	JBUZEQ010000030.1	6916	7839	10848	100.0	100.0
GCA_055403245.1	r3-T1	JBUZEO010000018.1	7660	8610	8727	100.0	100.0
GCA_055403305.1	r3-T1	JBUZEN010000023.1	5278	6228	8715	100.0	100.0
GCA_055403365.1	r3-T67	JBUZEM010000011.1	2467	3375	9767	100.0	100.0
GCA_055403405.1	r3-T1	JBUZEL010000014.1	4683	5633	8836	100.0	100.0
GCA_055403465.1	r3-T14	JBUZEK010000040.1	7511	8434	10848	100.0	100.0
GCA_055403485.1	r3-T14	JBUZEJ010000047.1	7650	8573	10848	100.0	100.0
GCA_055403505.1	r3-T14	JBUZEH010000029.1	455	1378	10848	100.0	100.0
GCA_055403515.1	r3-T14	JBUZEI010000057.1	4241	5164	10848	100.0	100.0
GCA_055403605.1	r1-T24	JBUZEE010000039.1	25	1035	2315	98.61	98.8
GCA_055403605.1	r3-T1	JBUZEE010000024.1	1171	2121	8731	100.0	100.0
GCA_055403605.1	rP-T1	JBUZEE010000062.1	23058	24233	53846	100.0	100.0
GCA_055403625.1	r3-T14	JBUZED010000032.1	9749	10672	10795	100.0	100.0
GCA_055403665.1	r3-T14	JBUZEC010000047.1	6453	7376	10847	100.0	100.0
GCA_055403715.1	r3-T14	JBUZDZ010000038.1	7416	8339	9884	100.0	100.0
GCA_055404845.1	r3-T1	JBUZBU010000061.1	5277	6227	8706	100.0	100.0
GCA_055404845.1	rP-T1	JBUZBU010000077.1	1715	2890	17426	100.0	100.0
GCA_055405025.1	r1-T1	JBUZBL010000049.1	1298	2548	2726	100.0	100.0
GCA_055405025.1	r1-T2	JBUZBL010000034.1	358	1542	2359	100.0	100.0
GCA_055405025.1	r3-T27	JBUZBL010000042.1	5651	6589	14917	100.0	100.0
GCA_055405025.1	r3-T62	JBUZBL010000135.1	5034	5957	7469	100.0	100.0
GCA_055405425.1	r3-T1	JBUZAR010000033.1	3996	4946	8731	100.0	100.0
GCA_055405505.1	r3-T1	JBUZAN010000039.1	41	991	8731	100.0	100.0
GCA_055405585.1	r3-T14	JBUZAK010000041.1	6453	7376	14762	100.0	100.0
GCA_055405785.1	r3-T1	JBUYZZ010000037.1	7682	8632	12820	100.0	100.0
GCA_055405785.1	r3-T67	JBUYZZ010000028.1	2215	3123	8769	100.0	100.0
GCA_055405925.1	r3-T14	JBUYZS010000051.1	11783	12706	14771	100.0	100.0
GCA_055521135.1	r3-T13	CM145416.1	1609	2538	3281	100.0	100.0
GCA_055521135.1	r3-T15	CM145412.1	454	1386	2278	100.0	100.0
GCA_055521135.1	r3-T3	CM145466.1	43070	44191	107916	100.0	100.0
GCA_055521155.1	r3-T13	JBUCUQ010000090.1	1622	2551	3307	100.0	100.0
GCA_055521155.1	r3-T14	JBUCUQ010000075.1	7631	8554	10028	100.0	100.0
GCA_055521155.1	r3-T3	JBUCUQ010000019.1	32908	34029	62295	100.0	100.0
GCA_055521185.1	r3-T1	JBUCUS010000049.1	1	951	8731	100.0	100.0
GCA_055521205.1	r3-T1	JBUCUR010000065.1	7668	8618	8687	100.0	100.0
GCA_055521235.1	r3-T13	JBUCUT010000072.1	1609	2538	3281	100.0	100.0
GCA_055521235.1	r3-T15	JBUCUT010000076.1	1124	2056	2278	100.0	100.0
GCA_055521235.1	r3-T3	JBUCUT010000015.1	43070	44191	107916	100.0	100.0
GCA_055521255.1	rP-T1	JBUCUU010000080.1	5749	6924	8622	100.0	100.0
GCA_055521295.1	r3-T15	JBUCUV010000115.1	273	1205	2278	100.0	100.0
GCA_055521295.1	r3-T43	JBUCUV010000082.1	6048	6977	7205	99.57	100.0
GCA_055521295.1	r3-T7	JBUCUV010000078.1	6696	7868	8029	100.0	100.0
GCA_055521295.1	r3-T76	JBUCUV010000087.1	219	1112	6020	99.89	100.0
GCA_055521295.1	rP-T1	JBUCUV010000027.1	39228	40403	46153	100.0	100.0
GCA_055521315.1	r3-T1	JBUCUX010000061.1	1	951	8731	100.0	100.0
GCA_055521335.1	r3-T1	JBUCUY010000075.1	5560	6510	7383	100.0	100.0
GCA_055521335.1	r3-T15	JBUCUY010000094.1	106	1038	2278	100.0	100.0
GCA_055521335.1	rP-T1	JBUCUY010000071.1	5933	7108	8805	100.0	100.0
GCA_055521355.1	r3-T1	JBUCUZ010000060.1	1	951	8731	100.0	100.0
GCA_055521355.1	rP-T1	JBUCUZ010000052.1	7700	8875	10572	100.0	100.0
GCA_055521375.1	r3-T1	JBUCVA010000051.1	1	951	8731	100.0	100.0
GCA_055521395.1	rP-T1	JBUCVB010000080.1	5933	7108	8805	100.0	100.0
GCA_055521415.1	r3-T14	JBUCVC010000104.1	1475	2398	10028	100.0	100.0
GCA_055521435.1	r3-T1	JBUCVD010000062.1	1	951	8731	100.0	100.0
GCA_056175005.1	r3-T13	JBWBZO010000076.1	2309	3238	9347	100.0	100.0
GCA_056175005.1	r3-T3	JBWBZO010000075.1	47577	48698	114990	100.0	100.0
GCA_056490765.1	r3-T3	JBWJHG010000041.1	2497	3618	24922	100.0	100.0
GCA_056490765.1	r3-T31	JBWJHG010000057.1	174	1106	10902	99.14	100.0
GCA_056638615.1	r3-T13	JBWVLR010000055.1	158	1087	9305	100.0	100.0
GCA_056638615.1	r3-T3	JBWVLR010000014.1	44803	45924	114904	100.0	100.0
GCA_056712505.1	r3-T10	JBWYHL010000003.1	1	894	16131	99.66	100.0
GCA_056712505.1	r3-T13	JBWYHL010000001.1	1	930	10369	100.0	100.0
GCA_057186615.1	r3-T14	DBNLSN010000047.1	6707	7630	16254	100.0	100.0
GCA_057186835.1	r3-T14	DBNLSW010000048.1	6707	7630	15347	100.0	100.0
GCA_057186955.1	r3-T13	DBNLTB010000058.1	1608	2537	8081	100.0	100.0
GCA_057186955.1	r3-T14	DBNLTB010000056.1	7368	8291	9129	100.0	100.0
GCA_057205515.1	r3-T14	DBNLZD010000047.1	6707	7630	16254	100.0	100.0
GCA_057208705.1	r3-T14	DBNMAG010000049.1	6707	7630	15347	100.0	100.0
GCA_057208725.1	r3-T14	DBNMAH010000046.1	9022	9945	15241	100.0	100.0
GCA_057211905.1	r3-T13	DBNMBP010000056.1	1608	2537	8081	100.0	100.0
GCA_057211905.1	r3-T14	DBNMBP010000055.1	7368	8291	9129	100.0	100.0
GCA_058313035.1	r3-T14	JBZEMM010000060.1	1	924	14782	100.0	100.0
GCA_058640965.1	r3-T14	DBOQGN010000050.1	6707	7630	12926	100.0	100.0
GCA_058641955.1	r3-T14	DBOQHR010000046.1	6707	7630	15231	100.0	100.0
GCA_058666895.1	r3-T43	JBZWER010000053.1	2212	3141	10810	100.0	100.0
GCA_058666895.1	rP-T1	JBZWER010000054.1	7935	9110	10807	100.0	100.0
GCA_058666915.1	r3-T14	JBZWEQ010000058.1	1	924	14782	100.0	100.0
GCA_058666955.1	r3-T1	JBZWES010000092.1	7666	8616	8687	100.0	100.0
GCA_058666955.1	r3-T3	JBZWES010000010.1	63711	64832	91697	100.0	100.0
GCA_058666975.1	r3-T1	JBZWET010000059.1	1	951	8731	100.0	100.0
GCA_058666975.1	r3-T3	JBZWET010000013.1	26866	27987	91697	100.0	100.0
GCA_058667035.1	r3-T1	JBZWEU010000046.1	1	951	8731	100.0	100.0
GCA_058667075.1	r3-T1	JBZWEW010000077.1	1	951	8731	100.0	100.0
GCA_058667075.1	rP-T1	JBZWEW010000069.1	7700	8875	10572	100.0	100.0
GCA_058667095.1	r3-T13	JBZWEV010000092.1	2242	3171	3927	100.0	100.0
GCA_058667095.1	r3-T14	JBZWEV010000091.1	2414	3337	4189	100.0	100.0
GCA_058667095.1	r3-T3	JBZWEV010000023.1	32908	34029	62295	100.0	100.0
GCA_058667155.1	r3-T43	JBZWEX010000058.1	7670	8599	10810	100.0	100.0
GCA_058667155.1	rP-T1	JBZWEX010000059.1	7935	9110	10807	100.0	100.0
GCA_058667175.1	r3-T1	JBZWEY010000050.1	1	951	8731	100.0	100.0
GCA_058667175.1	r3-T15	JBZWEY010000073.1	671	1603	2278	100.0	100.0
GCA_058667195.1	r3-T14	JBZWEZ010000058.1	1	924	14782	100.0	100.0
GCA_058667195.1	r3-T3	JBZWEZ010000031.1	39364	40485	46300	100.0	100.0
GCA_058672075.1	r3-T14	JBZWFA010000101.1	2414	3337	5452	100.0	100.0
GCA_058672075.1	r3-T3	JBZWFA010000033.1	5816	6937	46300	100.0	100.0
GCA_058672075.1	rP-T1	JBZWFA010000071.1	10767	11942	13639	100.0	100.0
GCA_058672095.1	r3-T1	JBZWFB010000086.1	1	951	8473	100.0	100.0
GCA_058672095.1	rP-T1	JBZWFB010000079.1	1698	2873	10572	100.0	100.0
GCA_058672115.1	r3-T1	JBZWFC010000085.1	3550	4500	8878	100.0	100.0
GCA_058672115.1	rP-T1	JBZWFC010000065.1	1761	2936	17279	100.0	100.0
GCA_058672145.1	r3-T14	JBZWFD010000128.1	2116	3039	5452	100.0	100.0
GCA_058672145.1	r3-T3	JBZWFD010000027.1	39364	40485	46300	100.0	100.0
GCA_058672145.1	rP-T1	JBZWFD010000089.1	10767	11942	13639	100.0	100.0
GCA_058672235.1	r3-T14	JBZWFE010000072.1	1	924	14782	100.0	100.0
GCA_058672295.1	r3-T1	JBZWFG010000159.1	72	1022	1173	100.0	100.0
GCA_058672335.1	rP-T1	JBZWFH010000080.1	5749	6924	8622	100.0	100.0
GCA_058672355.1	r3-T3	JBZWFI010000003.1	41711	42832	106405	100.0	100.0
GCA_058672355.1	r3-T43	JBZWFI010000098.1	4021	4950	7161	100.0	100.0
GCA_058672355.1	rP-T1	JBZWFI010000079.1	7935	9110	10807	100.0	100.0
GCA_058672415.1	r3-T1	JBZWFK010000071.1	1	951	8731	100.0	100.0
GCA_058672415.1	r3-T15	JBZWFK010000097.1	413	1345	2278	100.0	100.0
GCA_058672415.1	r3-T3	JBZWFK010000010.1	66277	67398	106760	100.0	100.0
GCA_058672435.1	r3-T1	JBZWFL010000068.1	1	951	8731	100.0	100.0
GCA_058672455.1	r3-T1	JBZWFJ010000061.1	1	951	8722	100.0	100.0
GCA_058672455.1	rP-T1	JBZWFJ010000060.1	5984	7159	8854	100.0	100.0
GCA_058672535.1	r3-T1	JBZWFM010000093.1	1	951	8731	100.0	100.0
GCA_058672535.1	r3-T15	JBZWFM010000143.1	14	946	2278	100.0	100.0
GCA_058672535.1	r3-T3	JBZWFM010000016.1	39412	40533	75582	99.91	100.0
GCA_058672555.1	r3-T1	JBZWFO010000090.1	876	1826	7262	100.0	100.0
GCA_058672555.1	rP-T1	JBZWFO010000077.1	8774	9949	11646	100.0	100.0
GCA_058672575.1	r3-T1	JBZWFN010000136.1	80	1030	1181	100.0	100.0
GCA_058672575.1	rP-T1	JBZWFN010000088.1	1698	2873	8805	100.0	100.0
GCA_058672635.1	r3-T1	JBZWFQ010000067.1	1	951	8731	100.0	100.0
GCA_058672675.1	r3-T14	JBZWFR010000049.1	1	924	14782	100.0	100.0
GCA_058672675.1	rP-T1	JBZWFR010000042.1	1698	2873	18819	100.0	100.0
GCA_058672695.1	r3-T1	JBZWFP010000050.1	1	951	8731	100.0	100.0
GCA_058672735.1	r3-T14	JBZWFS010000064.1	1	924	14782	100.0	100.0
GCA_058672735.1	rP-T1	JBZWFS010000069.1	1794	2969	10668	100.0	100.0
GCA_058672755.1	r3-T1	JBZWFU010000053.1	1	951	8731	100.0	100.0
GCA_058672775.1	r3-T1	JBZWFT010000079.1	80	1030	8687	100.0	100.0
GCA_058672875.1	r3-T14	JBZWFV010000049.1	1	924	14782	100.0	100.0
GCA_058672875.1	rP-T1	JBZWFV010000043.1	15947	17122	18819	100.0	100.0
GCA_058672895.1	r3-T14	JBZWFW010000062.1	1	924	14782	100.0	100.0
GCA_058672895.1	rP-T1	JBZWFW010000054.1	1698	2873	18819	100.0	100.0
GCA_058672975.1	r3-T1	JBZWFX010000050.1	1	951	8731	100.0	100.0
GCA_058673035.1	rP-T1	JBZWFY010000059.1	5986	7161	8857	100.0	100.0
GCA_058673075.1	r3-T13	JBZWFZ010000136.1	110	1039	1782	100.0	100.0
GCA_058673075.1	r3-T21	JBZWFZ010000055.1	4346	5518	23534	100.0	100.0
GCA_058673135.1	r1-T1	JBZWGA010000030.1	822	2072	2735	100.0	100.0
GCA_058673135.1	r3-T3	JBZWGA010000012.1	62740	63861	106468	99.2	100.0
GCA_058673135.1	r3-T43	JBZWGA010000027.1	4827	5756	8217	96.77	100.0
GCA_058673155.1	r3-T1	JBZWGC010000060.1	1	951	8731	100.0	100.0
GCA_058673155.1	r3-T3	JBZWGC010000015.1	38394	39515	103226	100.0	100.0
GCA_058673175.1	r3-T5	JBZWGB010000030.1	1	924	8770	100.0	100.0
GCA_058673175.1	r3-T8	JBZWGB010000028.1	1	888	11636	98.65	100.0
GCA_058673275.1	r3-T14	JBZWGE010000045.1	1	924	14782	100.0	100.0
GCA_058673275.1	r3-T15	JBZWGE010000063.1	929	1861	2278	100.0	100.0
GCA_058673275.1	rP-T1	JBZWGE010000042.1	1698	2873	18819	100.0	100.0
GCA_058673285.1	r3-T14	JBZWGF010000049.1	1	924	14782	100.0	100.0
GCA_058673285.1	r3-T15	JBZWGF010000069.1	474	1406	2278	100.0	100.0
GCA_058673285.1	rP-T1	JBZWGF010000045.1	1698	2873	18819	100.0	100.0
GCA_058673315.1	r3-T14	JBZWGD010000061.1	2944	3867	6013	100.0	100.0
GCA_058673385.1	r3-T14	JBZWGG010000054.1	1	924	14782	100.0	100.0
GCA_058673385.1	rP-T1	JBZWGG010000049.1	15947	17122	18819	100.0	100.0
GCA_900519195.1	r3-T1	ULHD01000070.1	153	1103	8731	100.0	100.0
GCA_900519195.1	rP-T1	ULHD01000063.1	8232	9407	49891	100.0	100.0
SRR35795686	r3-T22	contig00058	238	1152	15578	100.0	100.0
SRR35795686	r3-T5	contig00109	831	1754	3397	99.89	100.0
SRR35795686	r3-T6	contig00079	4917	5846	8736	100.0	100.0
SRR35795686	r3-T67	contig00065	6177	7085	11822	100.0	100.0
SRR37377127	r3-T3	contig00010	43413	44534	105961	100.0	100.0
SRR37377138	r3-T13	contig00036	2069	2998	9020	100.0	100.0
SRR37377138	r3-T3	contig00018	97958	99079	112122	99.64	100.0
SRR37377149	r3-T3	contig00012	70025	71146	113360	99.64	100.0
SRR37377150	r3-T3	contig00009	55025	56146	113360	99.64	100.0
