pais,bioproject,st,genomas
Argentina,PRJEB27899,ST25,1
Argentina,PRJEB27899,ST15,1
Argentina,PRJEB39593,ST15,1
Argentina,PRJNA1081428,ST15,5
Argentina,PRJNA1081428,ST109,3
Argentina,PRJNA1081428,ST79,2
Argentina,PRJNA1081428,ST1,1
Argentina,PRJNA1126181,ST25,1
Argentina,PRJNA1140135,ST2,6
Argentina,PRJNA1140135,ST25,2
Argentina,PRJNA1158483,ST79,1
Argentina,PRJNA1209693,ST172,1
Argentina,PRJNA1245013,ST25,1
Argentina,PRJNA1369536,ST991,1
Argentina,PRJNA1369536,ST25,1
Argentina,PRJNA1404816,ST15,4
Argentina,PRJNA1404816,ST79,3
Argentina,PRJNA1404816,ST1,1
Argentina,PRJNA257414,ST79,1
Argentina,PRJNA261239,ST1,1
Argentina,PRJNA276040,ST25,1
Argentina,PRJNA398382,ST15,2
Argentina,PRJNA487603,ST25,1
Argentina,PRJNA541269,ST172,1
Argentina,PRJNA624091,ST172,1
Argentina,PRJNA624111,ST25,1
Argentina,PRJNA866144,ST2,2
Argentina,PRJNA906166,ST1,16
Argentina,PRJNA906166,ST25,7
Argentina,PRJNA906166,ST2,2
Argentina,PRJNA988092,ST2,4
Argentina,PRJNA988092,ST25,2
Bolivia,PRJEB39593,ST15,1
Bolivia,PRJNA1126181,ST25,1
Bolivia,PRJNA1126181,ST267,1
Bolivia,PRJNA1369536,ST25,2
Bolivia,PRJNA489088,ST25,32
Bolivia,PRJNA489088,ST991,18
Bolivia,PRJNA489088,ST79,3
Bolivia,PRJNA489088,ST15,1
Bolivia,PRJNA489088,ST267,1
Brasil,PRJNA1000208,ST1,1
Brasil,PRJNA1000208,ST79,1
Brasil,PRJNA1003529,ST15,1
Brasil,PRJNA1003529,ST1,1
Brasil,PRJNA1003529,ST730,1
Brasil,PRJNA1003529,ST79,1
Brasil,PRJNA1122506,ST1,1
Brasil,PRJNA1140850,ST79,1
Brasil,PRJNA1149802,ST329,1
Brasil,PRJNA1253151,ST2,5
Brasil,PRJNA1253151,ST79,1
Brasil,PRJNA1253151,ST25,1
Brasil,PRJNA1311549,ST2,17
Brasil,PRJNA1348140,ST15,1
Brasil,PRJNA1415282,ST162,1
Brasil,PRJNA1415308,ST15,1
Brasil,PRJNA1415314,ST2,1
Brasil,PRJNA1415317,ST2,1
Brasil,PRJNA1415320,ST162,1
Brasil,PRJNA1415326,sin ST,1
Brasil,PRJNA1415328,ST193,1
Brasil,PRJNA1415331,ST2,1
Brasil,PRJNA1415333,ST1,1
Brasil,PRJNA1415334,ST2,1
Brasil,PRJNA1415335,ST2,1
Brasil,PRJNA1415336,ST1,1
Brasil,PRJNA1415338,sin ST,1
Brasil,PRJNA1415340,ST143,1
Brasil,PRJNA1420207,ST15,10
Brasil,PRJNA1420207,ST2,4
Brasil,PRJNA1420207,ST79,3
Brasil,PRJNA1420207,ST986,1
Brasil,PRJNA1420207,ST25,1
Brasil,PRJNA1420207,sin ST,1
Brasil,PRJNA1420207,ST1448,1
Brasil,PRJNA1477026,ST2,15
Brasil,PRJNA1477026,ST2742,9
Brasil,PRJNA1477026,ST15,5
Brasil,PRJNA1477026,ST188,3
Brasil,PRJNA1477026,sin ST,3
Brasil,PRJNA1477026,ST1,3
Brasil,PRJNA1477026,ST231,2
Brasil,PRJNA1477026,ST25,1
Brasil,PRJNA1477026,ST216,1
Brasil,PRJNA1477026,ST729,1
Brasil,PRJNA280110,ST15,1
Brasil,PRJNA299302,ST15,1
Brasil,PRJNA301792,ST79,15
Brasil,PRJNA301792,ST317,3
Brasil,PRJNA301792,ST15,3
Brasil,PRJNA301792,ST107,2
Brasil,PRJNA301792,ST32,1
Brasil,PRJNA391101,ST1,1
Brasil,PRJNA391474,ST730,1
Brasil,PRJNA428488,ST1,3
Brasil,PRJNA428488,ST79,1
Brasil,PRJNA431093,ST1,2
Brasil,PRJNA431093,sin ST,1
Brasil,PRJNA432549,ST107,1
Brasil,PRJNA497216,ST108,1
Brasil,PRJNA497429,ST78,2
Brasil,PRJNA497429,ST79,2
Brasil,PRJNA497429,ST1,1
Brasil,PRJNA497603,ST79,1
Brasil,PRJNA497606,sin ST,1
Brasil,PRJNA505170,ST79,1
Brasil,PRJNA516770,ST79,2
Brasil,PRJNA516770,ST1,1
Brasil,PRJNA516770,ST730,1
Brasil,PRJNA544939,ST1,1
Brasil,PRJNA544941,ST1,1
Brasil,PRJNA545307,ST1083,1
Brasil,PRJNA545308,ST1083,1
Brasil,PRJNA550404,ST15,1
Brasil,PRJNA580395,ST1,1
Brasil,PRJNA580471,ST1,1
Brasil,PRJNA580473,ST1,1
Brasil,PRJNA592452,ST1,1
Brasil,PRJNA592456,ST374,1
Brasil,PRJNA596391,ST79,2
Brasil,PRJNA596391,ST162,1
Brasil,PRJNA596391,ST1,1
Brasil,PRJNA596391,ST1448,1
Brasil,PRJNA596391,ST25,1
Brasil,PRJNA609712,sin ST,1
Brasil,PRJNA613847,ST2,89
Brasil,PRJNA613847,ST15,19
Brasil,PRJNA613847,ST79,19
Brasil,PRJNA613847,ST1,18
Brasil,PRJNA613847,ST25,11
Brasil,PRJNA613847,ST730,3
Brasil,PRJNA613847,sin ST,2
Brasil,PRJNA613847,ST1448,1
Brasil,PRJNA613847,ST1447,1
Brasil,PRJNA613847,ST49,1
Brasil,PRJNA613847,ST163,1
Brasil,PRJNA613847,ST20,1
Brasil,PRJNA613847,ST151,1
Brasil,PRJNA632943,ST79,13
Brasil,PRJNA632943,ST25,3
Brasil,PRJNA632943,ST15,3
Brasil,PRJNA632943,ST730,1
Brasil,PRJNA632943,ST1,1
Brasil,PRJNA677881,ST79,14
Brasil,PRJNA677881,sin ST,6
Brasil,PRJNA677881,ST1,6
Brasil,PRJNA677881,ST25,3
Brasil,PRJNA677881,ST78,3
Brasil,PRJNA677881,ST464,3
Brasil,PRJNA677881,ST15,2
Brasil,PRJNA677881,ST848,1
Brasil,PRJNA677881,ST584,1
Brasil,PRJNA677881,ST160,1
Brasil,PRJNA677881,ST575,1
Brasil,PRJNA677881,ST739,1
Brasil,PRJNA677881,ST10,1
Brasil,PRJNA677881,ST150,1
Brasil,PRJNA741978,ST113,1
Brasil,PRJNA742192,ST79,14
Brasil,PRJNA742192,ST113,12
Brasil,PRJNA742192,ST15,10
Brasil,PRJNA742192,ST1,5
Brasil,PRJNA742192,ST881,2
Brasil,PRJNA742192,ST25,1
Brasil,PRJNA742192,sin ST,1
Brasil,PRJNA772654,ST79,1
Brasil,PRJNA916281,ST79,1
Brasil,PRJNA938102,ST2,15
Brasil,PRJNA938102,sin ST,1
Brasil,PRJNA950404,ST15,1
Brasil,PRJNA950404,ST79,1
Brasil,PRJNA974706,ST15,1
Brasil,PRJNA982036,ST79,1
Brasil,PRJNA988092,ST15,1
Chile,PRJEB39593,ST15,1
Chile,PRJNA279414,sin ST,1
Chile,PRJNA471066,ST15,1
Chile,PRJNA627433,ST15,1
Chile,PRJNA627433,ST318,1
Chile,PRJNA627433,ST1,1
Chile,PRJNA723341,ST15,16
Chile,PRJNA723341,ST318,11
Chile,PRJNA723341,ST162,7
Chile,PRJNA723341,ST1,6
Chile,PRJNA723341,ST109,4
Chile,PRJNA723341,ST876,1
Chile,PRJNA723341,ST193,1
Chile,PRJNA723341,sin ST,1
Chile,PRJNA731249,ST109,10
Chile,PRJNA731249,ST15,8
Chile,PRJNA731249,ST162,6
Chile,PRJNA731249,ST79,5
Chile,PRJNA731249,ST1,3
Chile,PRJNA731249,ST318,2
Chile,PRJNA731249,ST241,1
Chile,PRJNA906166,ST318,4
Chile,PRJNA962904,ST1,4
Chile,PRJNA962904,ST318,3
Colombia,PRJEB107069,ST79,12
Colombia,PRJEB107069,ST78,6
Colombia,PRJEB107069,sin ST,4
Colombia,PRJEB107069,ST32,4
Colombia,PRJEB107069,ST108,3
Colombia,PRJEB107069,ST945,2
Colombia,PRJEB107069,ST464,2
Colombia,PRJEB107069,ST1190,1
Colombia,PRJEB107069,ST2588,1
Colombia,PRJEB107069,ST77,1
Colombia,PRJEB107069,ST1163,1
Colombia,PRJEB107069,ST513,1
Colombia,PRJEB107069,ST1022,1
Colombia,PRJEB107069,ST37,1
Colombia,PRJEB107069,ST1055,1
Colombia,PRJEB107069,ST2284,1
Colombia,PRJEB107069,ST150,1
Colombia,PRJEB107069,ST1357,1
Colombia,PRJEB107069,ST1405,1
Colombia,PRJEB107069,ST424,1
Colombia,PRJEB107069,ST1094,1
Colombia,PRJEB27899,ST79,1
Colombia,PRJNA1322038,ST345,1
Colombia,PRJNA270223,ST464,1
Colombia,PRJNA354075,ST920,1
Colombia,PRJNA906166,ST25,7
Colombia,PRJNA906166,ST79,4
Colombia,PRJNA906166,ST78,1
Colombia,PRJNA906166,ST1635,1
Ecuador,PRJEB56918,ST2,5
Ecuador,PRJEB56918,ST79,1
Ecuador,PRJNA953974,ST2,2
Ecuador,PRJNA953974,ST108,2
Ecuador,PRJNA953974,ST79,1
Paraguay,PRJEB56918,ST1,9
Paraguay,PRJEB56918,ST25,4
Paraguay,PRJEB56918,ST15,2
Paraguay,PRJEB56918,ST79,2
Paraguay,PRJEB56918,ST512,1
Paraguay,PRJEB56918,ST2,1
Paraguay,PRJNA1012735,ST2,14
Paraguay,PRJNA1012735,ST79,13
Paraguay,PRJNA1012735,ST25,9
Paraguay,PRJNA1012735,ST1,3
Paraguay,PRJNA1012735,ST2526,2
Paraguay,PRJNA1012735,ST2266,1
Paraguay,PRJNA1012735,ST15,1
Paraguay,PRJNA1197744,ST2,7
Paraguay,PRJNA1197744,ST79,1
Peru,PRJNA1015678,ST158,4
Peru,PRJNA1128084,ST2724,1
Peru,PRJNA1128084,ST2,1
Peru,PRJNA1339005,ST2,14
Peru,PRJNA1339005,ST1079,3
Peru,PRJNA1339005,ST79,2
Peru,PRJNA545079,ST79,1
Peru,PRJNA545079,ST193,1
Peru,PRJNA545079,ST1126,1
Peru,PRJNA545079,ST106,1
Peru,PRJNA936143,ST2,4
Venezuela,PRJEB26670,ST2,1
Venezuela,PRJNA1255660,ST79,1
Venezuela,PRJNA627433,ST25,3
Venezuela,PRJNA627433,ST412,1
