genoma	gen	contig	len_contig	estado	reps_mismo_contig	reps_genoma
GCA_001891205.1	blaOXA-72	MPPK01000021.1	8978	COLOCALIZADO	r3-T13	r3-T13,r3-T3
GCA_004282835.1	blaOXA-72	RJLV01000008.1	NA	NO_EVALUABLE	-	-
GCA_004282845.1	blaOXA-72	RJLW01000042.1	NA	NO_EVALUABLE	-	-
GCA_004347305.1	blaOXA-72	SDHE01000043.1	16772	COLOCALIZADO	r3-T1,r3-T14	r3-T1,r3-T14
GCA_004347325.1	blaOXA-72	SDHB01000052.1	16873	COLOCALIZADO	r3-T1,r3-T14	r3-T1,r3-T14
GCA_004359905.1	blaOXA-72	SDHD01000058.1	16772	COLOCALIZADO	r3-T1,r3-T14	r3-T1,r3-T14
GCA_009829535.1	blaOXA-72	WTZO01000057.1	16673	COLOCALIZADO	r3-T1,r3-T14	r3-T1,r3-T14
GCA_009829545.1	blaOXA-72	WTZL01000043.1	15829	COLOCALIZADO	r3-T1	r3-T1
GCA_015536955.1	blaOXA-72	JACDYB010000055.1	9097	COLOCALIZADO	r3-T1	r3-T1
GCA_015536965.1	blaOXA-72	JABLWO010000077.1	NA	NO_EVALUABLE	-	r3-T13,r3-T16,rP-T1
GCA_015537095.1	blaOXA-72	JABLWM010000051.1	16800	COLOCALIZADO	r3-T1,r3-T14	r3-T1,r3-T14
GCA_015537175.1	blaOXA-72	JACDYG010000070.1	10209	COLOCALIZADO	r3-T14	r3-T1,r3-T14
GCA_015537245.1	blaOXA-72	JABLWI010000034.1	23481	COLOCALIZADO	r3-T1,r3-T14	r3-T1,r3-T14,r3-T9
GCA_015537245.1	blaOXA-72	JABLWI010000079.1	NA	NO_EVALUABLE	-	r3-T1,r3-T14,r3-T9
GCA_015537275.1	blaOXA-72	JABLWJ010000057.1	16916	COLOCALIZADO	r3-T1,r3-T14	r3-T1,r3-T14
GCA_015537365.1	blaOXA-72	JABLWE010000088.1	NA	NO_EVALUABLE	-	r3-T1,rP-T1
GCA_015537405.1	blaOXA-72	JACDYL010000047.1	10209	COLOCALIZADO	r3-T14	r3-T1,r3-T14,r3-T9
GCA_015537605.1	blaOXA-72	JABLVZ010000066.1	9224	COLOCALIZADO	r3-T1	r3-T1,rP-T1
GCA_015537615.1	blaOXA-72	JABLVY010000066.1	9097	COLOCALIZADO	r3-T1	r3-T1,r3-T14
GCA_015538105.1	blaOXA-72	JABLVJ010000043.1	16800	COLOCALIZADO	r3-T1,r3-T14	r3-T1,r3-T14
GCA_015538165.1	blaOXA-72	JABLVH010000047.1	16800	COLOCALIZADO	r3-T1,r3-T14	r3-T1,r3-T14
GCA_015538205.1	blaOXA-72	JACDZC010000047.1	9097	COLOCALIZADO	r3-T1	r3-T1,r3-T14,r3-T9
GCA_015538325.1	blaOXA-72	JABLVB010000050.1	16800	COLOCALIZADO	r3-T1,r3-T14	r3-T1,r3-T14
GCA_015666365.1	blaOXA-72	JADPHK010000074.1	16673	COLOCALIZADO	r3-T1,r3-T14	r3-T1,r3-T14
GCA_016054975.1	blaOXA-72	JAECSL010000069.1	NA	NO_EVALUABLE	-	-
GCA_016056095.1	blaOXA-72	JAECUH010000062.1	10209	COLOCALIZADO	r3-T14	r3-T1,r3-T14,rP-T1
GCA_016484945.1	blaOXA-72	DADAJG010000072.1	16673	COLOCALIZADO	r3-T1,r3-T14	r3-T1,r3-T14
GCA_016484945.1	blaOXA-72	DADAJG010000191.1	NA	NO_EVALUABLE	-	r3-T1,r3-T14
GCA_016484955.1	blaOXA-72	DADAJL010000112.1	11501	COLOCALIZADO	r3-T1,r3-T14	r3-T1,r3-T14
GCA_016484955.1	blaOXA-72	DADAJL010000427.1	NA	NO_EVALUABLE	-	r3-T1,r3-T14
GCA_016485005.1	blaOXA-72	DADAJK010000089.1	16673	COLOCALIZADO	r3-T1,r3-T14	r3-T1,r3-T14
GCA_016485005.1	blaOXA-72	DADAJK010000420.1	NA	NO_EVALUABLE	-	r3-T1,r3-T14
GCA_016485025.1	blaOXA-72	DADAJE010000085.1	8970	COLOCALIZADO	r3-T1	r3-T1
GCA_016485025.1	blaOXA-72	DADAJE010000163.1	8962	COLOCALIZADO	r3-T1	r3-T1
GCA_016485125.1	blaOXA-72	DADAJJ010000134.1	8970	COLOCALIZADO	r3-T1	r3-T1
GCA_016485125.1	blaOXA-72	DADAJJ010000420.1	8962	COLOCALIZADO	r3-T1	r3-T1
GCA_016485145.1	blaOXA-72	DADAJQ010000134.1	9812	COLOCALIZADO	r3-T13	r3-T13
GCA_016485145.1	blaOXA-72	DADAJQ010000320.1	NA	NO_EVALUABLE	-	r3-T13
GCA_016485165.1	blaOXA-72	DADAJI010000142.1	8970	COLOCALIZADO	r3-T1	r3-T1,r3-T14
GCA_016485165.1	blaOXA-72	DADAJI010000351.1	8835	COLOCALIZADO	r3-T1	r3-T1,r3-T14
GCA_016485185.1	blaOXA-72	DADAJX010000129.1	10082	COLOCALIZADO	r3-T14	r3-T1,r3-T14
GCA_016485185.1	blaOXA-72	DADAJX010000420.1	2790	COLOCALIZADO	r3-T14	r3-T1,r3-T14
GCA_018156745.1	blaOXA-72	PNJH01000016.1	16937	COLOCALIZADO	r3-T1,r3-T14	r3-T1,r3-T14
GCA_023060375.1	blaOXA-72	JALLDY010000056.1	NA	NO_EVALUABLE	-	-
GCA_023060655.1	blaOXA-72	JALLDO010000063.1	NA	NO_EVALUABLE	-	-
GCA_023061035.1	blaOXA-72	JALLCJ010000067.1	8979	COLOCALIZADO	r3-T1	r3-T1,r3-T14
GCA_026311855.1	blaOXA-72	DAJZTF010000083.1	7851	COLOCALIZADO	r3-T18	r3-T18,r3-T3
GCA_026311855.1	blaOXA-72	DAJZTF010000153.1	7891	COLOCALIZADO	r3-T18	r3-T18,r3-T3
GCA_026311875.1	blaOXA-72	DAJZTG010000079.1	7851	COLOCALIZADO	r3-T18	r3-T18,r3-T3
GCA_026311875.1	blaOXA-72	DAJZTG010000141.1	7891	COLOCALIZADO	r3-T18	r3-T18,r3-T3
GCA_026340685.1	blaOXA-72	DAKBLD010000142.1	7851	COLOCALIZADO	r3-T18	r3-T18,r3-T3
GCA_026340685.1	blaOXA-72	DAKBLD010000331.1	7891	COLOCALIZADO	r3-T18	r3-T18,r3-T3
GCA_026340785.1	blaOXA-72	DAKBLI010000063.1	7851	COLOCALIZADO	r3-T18	r3-T18,r3-T3
GCA_026340785.1	blaOXA-72	DAKBLI010000110.1	7891	COLOCALIZADO	r3-T18	r3-T18,r3-T3
GCA_026340935.1	blaOXA-72	DAKBLF010000086.1	7851	COLOCALIZADO	r3-T18	r3-T18,r3-T3
GCA_026340935.1	blaOXA-72	DAKBLF010000153.1	7891	COLOCALIZADO	r3-T18	r3-T18,r3-T3
GCA_026555075.1	blaOXA-72	DAKLZT010000073.1	18039	COLOCALIZADO	r3-T8,r3-T97	r3-T13,r3-T8,r3-T97
GCA_026555075.1	blaOXA-72	DAKLZT010000184.1	NA	NO_EVALUABLE	-	r3-T13,r3-T8,r3-T97
GCA_028440015.1	blaOXA-72	JAIEVS010000059.1	16673	COLOCALIZADO	r3-T1,r3-T14	r3-T1,r3-T14
GCA_028440075.1	blaOXA-72	JAIEVQ010000081.1	8970	COLOCALIZADO	r3-T1	r3-T1,r3-T14
GCA_028440105.1	blaOXA-72	JAIEVO010000073.1	8970	COLOCALIZADO	r3-T1	r3-T1,r3-T14
GCA_028440125.1	blaOXA-72	JAIEVN010000068.1	16682	COLOCALIZADO	r3-T1,r3-T14	r3-T1,r3-T14
GCA_028440225.1	blaOXA-72	JAIEVH010000046.1	8978	COLOCALIZADO	r3-T1	r3-T1
GCA_028440255.1	blaOXA-72	JAIEVK010000053.1	16673	COLOCALIZADO	r3-T1,r3-T14	r3-T1,r3-T14
GCA_029955785.1	blaOXA-72	JASBHG010000073.1	7795	COLOCALIZADO	r3-T18	r3-T18,r3-T3
GCA_029955865.1	blaOXA-72	JASBHI010000051.1	18606	COLOCALIZADO	r3-T50	r3-T13,r3-T50
GCA_029955865.1	blaOXA-72	JASBHI010000066.1	3458	COLOCALIZADO	r3-T13	r3-T13,r3-T50
GCA_029955865.1	blaOXA-72	JASBHI010000082.1	NA	NO_EVALUABLE	-	r3-T13,r3-T50
GCA_029956025.1	blaOXA-72	JASBHR010000066.1	19570	COLOCALIZADO	r3-T50	r3-T13,r3-T50
GCA_029956025.1	blaOXA-72	JASBHR010000092.1	6920	COLOCALIZADO	r3-T13	r3-T13,r3-T50
GCA_030016875.1	blaOXA-72	JASDEA010000049.1	7851	COLOCALIZADO	r3-T18	r3-T18,r3-T3
GCA_037545705.1	blaOXA-72	JARBXH010000061.1	7999	COLOCALIZADO	r3-T18	r3-T18,r3-T28
GCA_037545745.1	blaOXA-72	JARBXI010000063.1	7999	COLOCALIZADO	r3-T18	r3-T18,r3-T28
GCA_037545755.1	blaOXA-72	JARBXJ010000061.1	7999	COLOCALIZADO	r3-T18	r3-T18,r3-T28
GCA_037545805.1	blaOXA-72	JARBXK010000089.1	8149	COLOCALIZADO	r3-T18	r3-T18,r3-T28
GCA_051941745.1	blaOXA-72	JBEUKO010000148.1	7978	COLOCALIZADO	r3-T18	r3-T18,r3-T28
GCA_051942065.1	blaOXA-72	JBFECW010000069.1	8111	COLOCALIZADO	r3-T18	r3-T18,r3-T28,r3-T3
GCA_053320195.1	blaOXA-72	JBROGE010000052.1	7850	COLOCALIZADO	r3-T18	r3-T18,r3-T28,r3-T3
GCA_053320235.1	blaOXA-72	JBROGF010000064.1	NA	NO_EVALUABLE	-	r3-T3
GCA_053320275.1	blaOXA-72	JBROGH010000043.1	NA	NO_EVALUABLE	-	r3-T3
GCA_053320295.1	blaOXA-72	JBROGI010000056.1	7850	COLOCALIZADO	r3-T18	r3-T18,r3-T28,r3-T3
GCA_053320315.1	blaOXA-72	JBROGJ010000074.1	7851	COLOCALIZADO	r3-T18	r3-T18
GCA_053320335.1	blaOXA-72	JBROGK010000049.1	7851	COLOCALIZADO	r3-T18	r3-T18,r3-T28,r3-T3
GCA_053320355.1	blaOXA-72	JBROGL010000053.1	7851	COLOCALIZADO	r3-T18	r3-T18,r3-T28,r3-T3
GCA_053320375.1	blaOXA-72	JBROGM010000061.1	7851	COLOCALIZADO	r3-T18	r3-T18,r3-T28,r3-T3
GCA_053320395.1	blaOXA-72	JBROGN010000054.1	7851	COLOCALIZADO	r3-T18	r3-T18,r3-T28,r3-T3
GCA_053320415.1	blaOXA-72	JBROGO010000059.1	7851	COLOCALIZADO	r3-T18	r3-T18,r3-T3
GCA_053320455.1	blaOXA-72	JBROGQ010000065.1	NA	NO_EVALUABLE	-	r3-T28,r3-T3
GCA_053373735.1	blaOXA-72	JBRZLA010000060.1	7928	COLOCALIZADO	r3-T18	r3-T18,r3-T3
GCA_053373755.1	blaOXA-72	JBRZLB010000057.1	7928	COLOCALIZADO	r3-T18	r3-T18,r3-T3
GCA_053373775.1	blaOXA-72	JBRZLC010000067.1	7928	COLOCALIZADO	r3-T18	r3-T18,r3-T28,r3-T3
