genoma	gen	gen_contig	gen_ini	gen_fin	contig_len	estado	reps_mismo_contig	dist_min_pb	reps_otros_contigs
ERR17057662	blaOXA-23	contig00082	146	964	NA	NO_EVALUABLE	-	NA	r1-T4,r3-T11,r3-T26
ERR17057663	blaOXA-23	contig00080	146	964	NA	NO_EVALUABLE	-	NA	r1-T4,r3-T11,r3-T26
ERR17057664	blaOXA-23	contig00058	146	964	NA	NO_EVALUABLE	-	NA	r3-T26
ERR17057669	blaNDM-1	contig00033	1143	1952	NA	NO_EVALUABLE	-	NA	r3-T3,r3-T5,r3-T7
ERR17057670	blaOXA-23	contig00067	144	962	NA	SIN_REP_EN_GENOMA	-	NA	-
ERR17057680	blaOXA-23	contig00067	143	961	NA	NO_EVALUABLE	-	NA	r3-T23,rP-T1
ERR17057681	blaOXA-23	contig00058	143	961	NA	NO_EVALUABLE	-	NA	r3-T23,rP-T1
ERR17057689	blaOXA-23	contig00056	139	957	NA	NO_EVALUABLE	-	NA	r3-T26
ERR17057690	blaOXA-23	contig00058	139	957	NA	NO_EVALUABLE	-	NA	r3-T26
ERR17057691	blaOXA-23	contig00056	139	957	NA	NO_EVALUABLE	-	NA	r3-T26
ERR17057692	blaOXA-23	contig00056	798	1616	NA	NO_EVALUABLE	-	NA	r3-T26
ERR17057696	blaOXA-23	contig00076	145	963	NA	SIN_REP_EN_GENOMA	-	NA	-
ERR17057698	blaOXA-23	contig00019	84180	84998	NA	SIN_REP_EN_GENOMA	-	NA	-
ERR17057700	blaOXA-241	contig00001	1267006	1267827	NA	NO_EVALUABLE	-	NA	r3-T24
ERR17057705	blaNDM-1	contig00051	8685	9494	NA	NO_EVALUABLE	-	NA	r3-T3
ERR17057710	blaOXA-23	contig00077	798	1616	NA	NO_EVALUABLE	-	NA	r3-T11,r3-T26
ERR17057711	blaOXA-23	contig00078	797	1615	NA	SIN_REP_EN_GENOMA	-	NA	-
ERR17057712	blaOXA-23	contig00076	797	1615	NA	SIN_REP_EN_GENOMA	-	NA	-
ERR17057713	blaOXA-23	contig00071	797	1615	NA	SIN_REP_EN_GENOMA	-	NA	-
ERR17057724	blaOXA-23	contig00081	796	1614	NA	NO_EVALUABLE	-	NA	r3-T15
ERR17057730	blaOXA-23	contig00098	6735	7553	NA	NO_EVALUABLE	-	NA	r3-T26
ERR17057731	blaOXA-23	contig00097	6735	7553	NA	NO_EVALUABLE	-	NA	r3-T26
ERR17057737	blaNDM-1	contig00050	12751	13560	NA	NO_EVALUABLE	-	NA	r3-T12,r3-T13,r3-T3
ERR17057738	blaNDM-1	contig00050	204	1013	NA	NO_EVALUABLE	-	NA	r3-T12,r3-T13,r3-T3
ERR4436639	blaOXA-23	contig00048	155	973	NA	NO_EVALUABLE	-	NA	r3-T14
ERR4436744	blaOXA-23	contig00114	206	1024	NA	NO_EVALUABLE	-	NA	r3-T26
ERR5709464	blaOXA-23	contig00056	23406	24224	NA	NO_EVALUABLE	-	NA	r3-T14
ERR5709481	blaOXA-58	contig00055	31	870	NA	NO_EVALUABLE	-	NA	r3-T14
GCA_000757665.1	blaOXA-23	JPXZ01000001.1	158905	159723	NA	SIN_REP_EN_GENOMA	-	NA	-
GCA_000814345.1	blaNDM	CP010399.1	46509	47273	NA	NO_EVALUABLE	-	NA	r3-T13,r3-T3
GCA_000966305.1	blaOXA-58	LANH01000026.1	130	969	NA	NO_EVALUABLE	-	NA	r3-T13,r3-T18
GCA_000988155.1	blaOXA-23	LAXF01000049.1	9861	10679	13806	COLOCALIZADO	rP-T1	6768	r3-T14,r3-T3,rP-T1
GCA_001007775.1	blaOXA-23	JZBZ01000031.1	379	1197	NA	SIN_REP_EN_GENOMA	-	NA	-
GCA_001649615.1	blaOXA-23	LUUW01000284.1	31317	32135	NA	NO_EVALUABLE	-	NA	r1-T18,r3-T14
GCA_001649675.1	blaOXA-23	LUUZ01000382.1	3896	4714	NA	NO_EVALUABLE	-	NA	r3-T1
GCA_001649705.1	blaOXA-23	LUVB01000490.1	3918	4736	NA	NO_EVALUABLE	-	NA	r3-T1,rP-T1
GCA_001649765.1	blaOXA-23	LUVG01000045.1	177	995	NA	NO_EVALUABLE	-	NA	r3-T1
GCA_001649795.1	blaOXA-23	LUVH01000052.1	768	1586	NA	NO_EVALUABLE	-	NA	r3-T1
GCA_001649805.1	blaOXA-23	LUVK01000061.1	157	975	NA	SIN_REP_EN_GENOMA	-	NA	-
GCA_001649875.1	blaOXA-23	LUVC01000046.1	768	1586	NA	NO_EVALUABLE	-	NA	r3-T1
GCA_001649895.1	blaOXA-23	LUVI01000050.1	768	1586	NA	NO_EVALUABLE	-	NA	r3-T1
GCA_001649955.1	blaOXA-23	LUVL01000045.1	768	1586	NA	NO_EVALUABLE	-	NA	r3-T1
GCA_001649975.1	blaOXA-23	LUVM01000360.1	4246	5064	NA	NO_EVALUABLE	-	NA	r1-T18,r3-T14
GCA_001758065.1	blaIMP-1	MANM01000259.1	866	1603	NA	NO_EVALUABLE	-	NA	r3-T31
GCA_001758165.1	blaOXA-143	MANR01000495.1	947	1771	NA	NO_EVALUABLE	-	NA	r3-T43,rP-T1
GCA_001891205.1	blaOXA-72	MPPK01000021.1	3828	4652	8978	COLOCALIZADO	r3-T13	783	r3-T13,r3-T3
GCA_002018935.1	blaOXA-23	MWPK01000032.1	55684	56502	NA	NO_EVALUABLE	-	NA	r3-T1,r3-T57
GCA_002018965.1	blaOXA-23	MWPL01000039.1	9855	10673	NA	NO_EVALUABLE	-	NA	r3-T1,r3-T57
GCA_002018995.1	blaOXA-23	MWPM01000042.1	8263	9081	NA	NO_EVALUABLE	-	NA	r3-T1
GCA_002019005.1	blaOXA-23	MWPN01000045.1	4183	5001	NA	NO_EVALUABLE	-	NA	r3-T1
GCA_002019025.1	blaOXA-23	MWPO01000020.1	32640	33458	NA	NO_EVALUABLE	-	NA	r3-T1
GCA_002019035.1	blaOXA-23	MWPP01000049.1	768	1586	NA	NO_EVALUABLE	-	NA	r3-T1
GCA_002245595.1	blaOXA-23	NKKO01000039.1	170	988	NA	SIN_REP_EN_GENOMA	-	NA	-
GCA_002245595.1	blaOXA-23	NKKO01000103.1	170	988	NA	SIN_REP_EN_GENOMA	-	NA	-
GCA_002245665.1	blaOXA-23	NKKP01000248.1	768	1586	NA	SIN_REP_EN_GENOMA	-	NA	-
GCA_002250465.1	blaOXA-23	NLCO01000026.1	83	901	NA	NO_EVALUABLE	-	NA	r3-T1
GCA_002922935.1	blaOXA-231	PQVM01000012.1	1944	2768	3941	COLOCALIZADO	r3-T69	119	r3-T69
GCA_003325575.1	blaOXA-23	QORF01000126.1	68460	69278	NA	NO_EVALUABLE	-	NA	r3-T1,rP-T1
GCA_003325665.1	blaOXA-23	QORH01000023.1	106462	107280	NA	NO_EVALUABLE	-	NA	r3-T1
GCA_003583525.1	blaOXA-23	QXNZ01000143.1	242	1060	NA	NO_EVALUABLE	-	NA	r3-T1
GCA_003583565.1	blaOXA-23	QXOG01000210.1	8940	9758	NA	SIN_REP_EN_GENOMA	-	NA	-
GCA_003583575.1	blaOXA-23	QXOH01000366.1	4660	5478	NA	SIN_REP_EN_GENOMA	-	NA	-
GCA_003583605.1	blaOXA-23	QXON01000168.1	128	946	NA	SIN_REP_EN_GENOMA	-	NA	-
GCA_003583615.1	blaOXA-23	QYCV01000311.1	124	942	NA	NO_EVALUABLE	-	NA	r3-T1
GCA_003583625.1	blaOXA-23	QXOE01000234.1	4709	5527	NA	SIN_REP_EN_GENOMA	-	NA	-
GCA_003583665.1	blaOXA-23	QXOL01000165.1	126	944	NA	NO_EVALUABLE	-	NA	r3-T14
GCA_003584255.1	blaOXA-23	QXOA01000160.1	8923	9741	NA	SIN_REP_EN_GENOMA	-	NA	-
GCA_003584275.1	blaOXA-23	QXOC01000077.1	155	973	NA	SIN_REP_EN_GENOMA	-	NA	-
GCA_003584305.1	blaOXA-23	QXOD01000279.1	130	948	NA	SIN_REP_EN_GENOMA	-	NA	-
GCA_003584315.1	blaOXA-23	QYCS01000161.1	155	973	NA	SIN_REP_EN_GENOMA	-	NA	-
GCA_003584365.1	blaOXA-23	QXOI01000222.1	4671	5489	NA	SIN_REP_EN_GENOMA	-	NA	-
GCA_003584375.1	blaOXA-23	QXOJ01000018.1	4671	5489	NA	NO_EVALUABLE	-	NA	rP-T1
GCA_003584385.1	blaOXA-23	QXOK01000067.1	126	944	NA	NO_EVALUABLE	-	NA	r3-T1,rP-T1
GCA_003584425.1	blaOXA-23	QXOM01000036.1	124	942	NA	SIN_REP_EN_GENOMA	-	NA	-
GCA_003584445.1	blaOXA-23	QXOO01000260.1	125	943	NA	SIN_REP_EN_GENOMA	-	NA	-
GCA_003584455.1	blaOXA-23	QXOP01000192.1	8588	9406	NA	NO_EVALUABLE	-	NA	r1-T4,r3-T1
GCA_003584485.1	blaOXA-23	QYCW01000078.1	379	1197	NA	NO_EVALUABLE	-	NA	r3-T1,rP-T1
GCA_003584505.1	blaOXA-23	QYCX01000059.1	8943	9761	NA	NO_EVALUABLE	-	NA	r3-T1
GCA_003584515.1	blaOXA-23	QYCT01000110.1	155	973	NA	SIN_REP_EN_GENOMA	-	NA	-
GCA_003584535.1	blaOXA-23	QYCU01000048.1	379	1197	NA	NO_EVALUABLE	-	NA	r3-T1
GCA_003595665.1	blaOXA-23	QXOQ01000243.1	128	946	NA	SIN_REP_EN_GENOMA	-	NA	-
GCA_003595675.1	blaOXA-23	QXOR01000050.1	240	1058	NA	NO_EVALUABLE	-	NA	r3-T1,rP-T1
GCA_003595685.1	blaOXA-23	QXOS01000164.1	130	948	NA	NO_EVALUABLE	-	NA	r3-T1,rP-T1
GCA_003595745.1	blaOXA-23	QXOT01000217.1	6860	7678	NA	NO_EVALUABLE	-	NA	r3-T1
GCA_003595755.1	blaOXA-23	QXOU01000277.1	128	946	NA	NO_EVALUABLE	-	NA	rP-T1
GCA_003595765.1	blaOXA-23	QXOV01000115.1	128	946	NA	NO_EVALUABLE	-	NA	r3-T1
GCA_003595805.1	blaOXA-23	QXOX01000191.1	969	1787	NA	NO_EVALUABLE	-	NA	r3-T1
GCA_003595815.1	blaOXA-23	QXOY01000080.1	130	948	NA	NO_EVALUABLE	-	NA	r3-T14
GCA_003595835.1	blaOXA-23	QXPB01000196.1	976	1794	NA	NO_EVALUABLE	-	NA	r3-T1
GCA_003595865.1	blaOXA-23	QXPC01000072.1	130	948	NA	NO_EVALUABLE	-	NA	r3-T14
GCA_003595925.1	blaOXA-23	QXPF01000200.1	8192	9010	NA	NO_EVALUABLE	-	NA	r3-T1,rP-T1
GCA_003595935.1	blaOXA-23	QXPG01000280.1	130	948	NA	SIN_REP_EN_GENOMA	-	NA	-
GCA_003595955.1	blaOXA-23	QXPH01000113.1	27664	28482	NA	SIN_REP_EN_GENOMA	-	NA	-
GCA_003595995.1	blaOXA-23	QXPK01000304.1	234	1052	NA	SIN_REP_EN_GENOMA	-	NA	-
GCA_003596015.1	blaOXA-23	QXPL01000304.1	128	946	NA	SIN_REP_EN_GENOMA	-	NA	-
GCA_003596025.1	blaOXA-23	QXPQ01000074.1	155	973	NA	NO_EVALUABLE	-	NA	r3-T1
GCA_003596065.1	blaOXA-23	QXPR01000100.1	379	1197	NA	NO_EVALUABLE	-	NA	r3-T1
GCA_003596075.1	blaOXA-23	QXPT01000039.1	27684	28502	NA	NO_EVALUABLE	-	NA	r3-T1
GCA_003596105.1	blaOXA-23	QXPU01000362.1	6875	7693	NA	NO_EVALUABLE	-	NA	r3-T1
GCA_003596125.1	blaOXA-23	QXOW01000054.1	19680	20498	NA	NO_EVALUABLE	-	NA	r3-T14,rP-T1
GCA_003596135.1	blaOXA-23	QXOZ01000356.1	8147	8965	NA	NO_EVALUABLE	-	NA	r3-T1,r3-T14
GCA_003596175.1	blaOXA-23	QXPI01000271.1	6875	7693	NA	NO_EVALUABLE	-	NA	r3-T1
GCA_003596205.1	blaOXA-23	QXPM01000016.1	134	952	NA	NO_EVALUABLE	-	NA	r3-T1,rP-T1
GCA_003596235.1	blaOXA-23	QXPO01000153.1	132	950	NA	NO_EVALUABLE	-	NA	r3-T1,rP-T1
GCA_003596265.1	blaOXA-23	QXPP01000238.1	238	1056	NA	NO_EVALUABLE	-	NA	r3-T1
GCA_003596275.1	blaOXA-23	QXPS01000442.1	122	940	NA	NO_EVALUABLE	-	NA	r3-T1
GCA_003597385.1	blaOXA-23	QXPV01000234.1	130	948	NA	NO_EVALUABLE	-	NA	r3-T1
GCA_003812485.1	blaOXA-23	CP033869.1	1785241	1786059	NA	NO_EVALUABLE	-	NA	r3-T1,r3-T14,r3-T22,r3-T24
GCA_004282835.1	blaOXA-72	RJLV01000008.1	14504	15328	NA	SIN_REP_EN_GENOMA	-	NA	-
GCA_004282845.1	blaOXA-72	RJLW01000042.1	2710	3534	NA	SIN_REP_EN_GENOMA	-	NA	-
GCA_004347305.1	blaOXA-23	SDHE01000016.1	127	945	NA	NO_EVALUABLE	-	NA	r3-T1,r3-T14
GCA_004359905.1	blaOXA-72	SDHD01000058.1	2784	3608	16772	COLOCALIZADO	r3-T1,r3-T14	917	r3-T1,r3-T14
GCA_006493975.1	blaIMP-16	VHGJ01000157.1	132	869	NA	NO_EVALUABLE	-	NA	r3-T7
GCA_006843645.1	blaOXA-23	CP032215.1	2080824	2081642	NA	NO_EVALUABLE	-	NA	r3-T3
GCA_008180145.1	blaOXA-23	VTBA01000016.1	125	943	NA	NO_EVALUABLE	-	NA	r3-T1,r3-T13
GCA_009754965.1	blaOXA-23	WPIP01000372.1	769	1587	NA	NO_EVALUABLE	-	NA	r3-T1,r3-T13
GCA_009828675.1	blaOXA-23	WUBY01000060.1	29	847	NA	NO_EVALUABLE	-	NA	r3-T13
GCA_009829525.1	blaOXA-23	WTZN01000035.1	28	846	NA	SIN_REP_EN_GENOMA	-	NA	-
GCA_009829535.1	blaOXA-72	WTZO01000057.1	11641	12465	16673	COLOCALIZADO	r3-T1,r3-T14	917	r3-T1,r3-T14
GCA_009829545.1	blaOXA-23	WTZL01000039.1	22671	23489	NA	NO_EVALUABLE	-	NA	r3-T1
GCA_009829545.1	blaOXA-72	WTZL01000043.1	10973	11797	15829	COLOCALIZADO	r3-T1	917	r3-T1
GCA_009829555.1	blaOXA-23	WTZM01000039.1	33623	34441	NA	NO_EVALUABLE	-	NA	r3-T1,r3-T67
GCA_009829595.1	blaOXA-23	WTZK01000005.1	63904	64722	NA	SIN_REP_EN_GENOMA	-	NA	-
GCA_009898245.1	blaOXA-23	VHOG01000020.1	127	945	NA	NO_EVALUABLE	-	NA	r3-T13,r3-T14,rP-T1
GCA_012276735.1	blaOXA-23	JAAXKW010000011.1	127	945	NA	NO_EVALUABLE	-	NA	r3-T1
GCA_012276745.1	blaOXA-23	JAAXKV010000050.1	126	944	NA	NO_EVALUABLE	-	NA	r3-T26,rP-T1
GCA_012277115.1	blaOXA-23	JAAXKU010000048.1	787	1605	NA	NO_EVALUABLE	-	NA	rP-T1
GCA_012524275.1	blaOXA-23	JABACK010000032.1	155	973	NA	NO_EVALUABLE	-	NA	r3-T14
GCA_012781995.1	blaOXA-23	JAATOE010000071.1	768	1586	NA	NO_EVALUABLE	-	NA	r3-T14
GCA_012955825.1	blaOXA-23	JABBYU010000002.1	102695	103513	NA	NO_EVALUABLE	-	NA	r3-T14
GCA_012955845.1	blaOXA-23	JABBYV010000005.1	102695	103513	NA	NO_EVALUABLE	-	NA	r3-T14
GCA_012956585.1	blaOXA-23	JABBYT010000070.1	16121	16939	NA	NO_EVALUABLE	-	NA	r3-T14
GCA_013138415.1	blaOXA-23	WJWS01000077.1	22572	23390	NA	NO_EVALUABLE	-	NA	r3-T1,r3-T15
GCA_013138435.1	blaOXA-23	WJWT01000088.1	48	866	NA	NO_EVALUABLE	-	NA	r3-T15,r3-T8,rP-T1
GCA_013138475.1	blaOXA-23	WJWR01000011.1	48	866	NA	NO_EVALUABLE	-	NA	r3-T1
GCA_015536845.1	blaOXA-23	JABLWT010000077.1	155	973	NA	NO_EVALUABLE	-	NA	r3-T13,r3-T14,r3-T3
GCA_015536855.1	blaOXA-23	JABLWS010000012.1	87415	88233	NA	NO_EVALUABLE	-	NA	r3-T13,r3-T14
GCA_015536865.1	blaOXA-23	JACDYA010000021.1	155	973	NA	NO_EVALUABLE	-	NA	r3-T1,r3-T67
GCA_015536875.1	blaOXA-23	JABLWU010000017.1	81384	82202	NA	NO_EVALUABLE	-	NA	r3-T1,rP-T1
GCA_015536925.1	blaOXA-23	JABLWP010000020.1	155	973	NA	NO_EVALUABLE	-	NA	r3-T13,r3-T14,r3-T3
GCA_015536935.1	blaOXA-23	JABLWR010000044.1	154	972	NA	NO_EVALUABLE	-	NA	r3-T1,rP-T1
GCA_015536955.1	blaOXA-72	JACDYB010000055.1	7484	8308	9097	COLOCALIZADO	r3-T1	6279	r3-T1
GCA_015536965.1	blaOXA-72	JABLWO010000077.1	95	919	NA	NO_EVALUABLE	-	NA	r3-T13,r3-T16,rP-T1
GCA_015537035.1	blaOXA-23	JABLWN010000017.1	379	1197	NA	NO_EVALUABLE	-	NA	r3-T1
GCA_015537045.1	blaOXA-23	JACDYE010000041.1	28382	29200	NA	NO_EVALUABLE	-	NA	r3-T14
GCA_015537085.1	blaOXA-23	JACDYD010000020.1	80135	80953	NA	NO_EVALUABLE	-	NA	r3-T1,r3-T16,rP-T1
GCA_015537095.1	blaOXA-72	JABLWM010000051.1	2089	2913	16800	COLOCALIZADO	r3-T1,r3-T14	917	r3-T1,r3-T14
GCA_015537125.1	blaOXA-23	JACDYF010000013.1	155	973	NA	NO_EVALUABLE	-	NA	r3-T1,r3-T13
GCA_015537145.1	blaOXA-23	JACDYH010000016.1	92230	93048	NA	NO_EVALUABLE	-	NA	r3-T1
GCA_015537155.1	blaOXA-23	JABLWL010000034.1	154	972	NA	NO_EVALUABLE	-	NA	r3-T1,rP-T1
GCA_015537165.1	blaOXA-23	JABLWK010000005.1	227444	228262	NA	NO_EVALUABLE	-	NA	r3-T14,r3-T23,r3-T3,r3-T55
GCA_015537175.1	blaOXA-72	JACDYG010000070.1	8397	9221	10209	COLOCALIZADO	r3-T14	7456	r3-T1,r3-T14
GCA_015537225.1	blaOXA-23	JACDYI010000008.1	216287	217105	NA	NO_EVALUABLE	-	NA	r3-T1,r3-T62
GCA_015537245.1	blaOXA-23	JABLWI010000019.1	80135	80953	NA	NO_EVALUABLE	-	NA	r3-T1,r3-T14,r3-T9
GCA_015537245.1	blaOXA-72	JABLWI010000034.1	9342	10166	23481	COLOCALIZADO	r3-T1,r3-T14	917	r3-T1,r3-T14,r3-T9
GCA_015537255.1	blaOXA-23	JABLWH010000011.1	155	973	NA	NO_EVALUABLE	-	NA	r3-T1,r3-T13
GCA_015537275.1	blaOXA-72	JABLWJ010000057.1	11474	12298	16916	COLOCALIZADO	r3-T1,r3-T14	917	r3-T1,r3-T14
GCA_015537285.1	blaOXA-23	JABLWG010000003.1	423079	423897	NA	NO_EVALUABLE	-	NA	r3-T1
GCA_015537295.1	blaOXA-23	JABLWF010000029.1	154	972	NA	NO_EVALUABLE	-	NA	r3-T1,rP-T1
GCA_015537365.1	blaOXA-23	JABLWE010000017.1	81384	82202	NA	NO_EVALUABLE	-	NA	r3-T1,rP-T1
GCA_015537385.1	blaOXA-23	JACDYK010000014.1	154	972	NA	NO_EVALUABLE	-	NA	r3-T1,r3-T13
GCA_015537405.1	blaOXA-23	JACDYL010000021.1	80135	80953	NA	NO_EVALUABLE	-	NA	r3-T1,r3-T14,r3-T9
GCA_015537405.1	blaOXA-72	JACDYL010000047.1	9252	10076	10209	COLOCALIZADO	r3-T14	7456	r3-T1,r3-T14,r3-T9
GCA_015537415.1	blaOXA-23	JACDYM010000005.1	199	1017	NA	NO_EVALUABLE	-	NA	r3-T13,r3-T14
GCA_015537445.1	blaOXA-23	JACDYN010000013.1	155	973	NA	SIN_REP_EN_GENOMA	-	NA	-
GCA_015537465.1	blaOXA-23	JABLWD010000057.1	126	944	NA	NO_EVALUABLE	-	NA	r3-T1
GCA_015537505.1	blaOXA-23	JABLWB010000001.1	246049	246867	NA	NO_EVALUABLE	-	NA	r3-T1
GCA_015537525.1	blaOXA-23	JACDYO010000019.1	80133	80951	NA	NO_EVALUABLE	-	NA	r3-T1
GCA_015537535.1	blaOXA-23	JACDYP010000009.1	137800	138618	NA	NO_EVALUABLE	-	NA	r3-T1,r3-T13,r3-T3
GCA_015537565.1	blaOXA-23	JACDYQ010000020.1	379	1197	NA	NO_EVALUABLE	-	NA	r3-T1
GCA_015537575.1	blaOXA-23	JABLWA010000018.1	90074	90892	NA	NO_EVALUABLE	-	NA	r3-T1,r3-T3
GCA_015537605.1	blaOXA-72	JABLVZ010000066.1	2103	2927	9224	COLOCALIZADO	r3-T1	917	r3-T1,rP-T1
GCA_015537615.1	blaOXA-72	JABLVY010000066.1	7836	8660	9097	COLOCALIZADO	r3-T1	917	r3-T1,r3-T14
GCA_015537635.1	blaOXA-23	JABLVX010000036.1	155	973	NA	NO_EVALUABLE	-	NA	r3-T1
GCA_015537665.1	blaOXA-23	JABLVW010000018.1	155	973	NA	NO_EVALUABLE	-	NA	r3-T1,r3-T13,rP-T1
GCA_015537675.1	blaOXA-23	JACDYR010000016.1	155	973	NA	NO_EVALUABLE	-	NA	r3-T1,r3-T33
GCA_015537705.1	blaOXA-23	JABLVV010000004.1	155	973	NA	NO_EVALUABLE	-	NA	r3-T1,rP-T1
GCA_015537725.1	blaOXA-23	JABLVU010000009.1	155	973	NA	NO_EVALUABLE	-	NA	r3-T1,r3-T13,r3-T3
GCA_015537745.1	blaOXA-23	JACDYS010000015.1	154	972	NA	NO_EVALUABLE	-	NA	r3-T1,r3-T13,r3-T3
GCA_015537755.1	blaOXA-23	JABLVT010000001.1	472038	472856	NA	NO_EVALUABLE	-	NA	r3-T1
GCA_015537765.1	blaOXA-23	JABLVR010000017.1	154	972	NA	NO_EVALUABLE	-	NA	r3-T13
GCA_015537775.1	blaOXA-23	JABLVS010000020.1	84346	85164	NA	NO_EVALUABLE	-	NA	r3-T13,r3-T14,r3-T3
GCA_015537825.1	blaOXA-23	JABLVQ010000077.1	55	873	NA	NO_EVALUABLE	-	NA	r3-T1
GCA_015537845.1	blaOXA-23	JACDYT010000016.1	153	971	NA	NO_EVALUABLE	-	NA	r3-T1,r3-T13,rP-T1
GCA_015537855.1	blaOXA-23	JACDYU010000013.1	85912	86730	NA	NO_EVALUABLE	-	NA	r3-T1,r3-T13,r3-T3
GCA_015537865.1	blaOXA-23	JABLVP010000017.1	155	973	NA	NO_EVALUABLE	-	NA	r3-T1
GCA_015537905.1	blaOXA-23	JACDYV010000016.1	90074	90892	NA	NO_EVALUABLE	-	NA	r3-T1
GCA_015537915.1	blaOXA-23	JABLVO010000003.1	246048	246866	NA	NO_EVALUABLE	-	NA	r3-T1
GCA_015537945.1	blaOXA-23	JABLVN010000003.1	155	973	NA	NO_EVALUABLE	-	NA	r3-T1
GCA_015537965.1	blaOXA-23	JACDYW010000002.1	289237	290055	NA	NO_EVALUABLE	-	NA	r3-T1,rP-T1
GCA_015537975.1	blaOXA-23	JABLVM010000016.1	155	973	NA	NO_EVALUABLE	-	NA	r3-T1
GCA_015537995.1	blaOXA-23	JACDYX010000020.1	73885	74703	NA	NO_EVALUABLE	-	NA	r3-T1,rP-T1
GCA_015538045.1	blaOXA-23	JACDYZ010000020.1	155	973	NA	NO_EVALUABLE	-	NA	r3-T13,r3-T14,rP-T1
GCA_015538055.1	blaOXA-23	JACDYY010000015.1	155	973	NA	NO_EVALUABLE	-	NA	r3-T1
GCA_015538085.1	blaOXA-23	JABLVK010000013.1	154	972	NA	NO_EVALUABLE	-	NA	r3-T1,r3-T13,r3-T3
GCA_015538105.1	blaOXA-72	JABLVJ010000043.1	10366	11190	16800	COLOCALIZADO	r3-T1,r3-T14	917	r3-T1,r3-T14
GCA_015538125.1	blaOXA-23	JACDZA010000007.1	155	973	NA	SIN_REP_EN_GENOMA	-	NA	-
GCA_015538135.1	blaOXA-23	JABLVI010000021.1	73655	74473	NA	NO_EVALUABLE	-	NA	r3-T13,r3-T14,r3-T3
GCA_015538155.1	blaOXA-23	JACDZB010000020.1	155	973	NA	NO_EVALUABLE	-	NA	r3-T13,rP-T1
GCA_015538165.1	blaOXA-72	JABLVH010000047.1	5161	5985	16800	COLOCALIZADO	r3-T1,r3-T14	917	r3-T1,r3-T14
GCA_015538205.1	blaOXA-23	JACDZC010000020.1	155	973	NA	NO_EVALUABLE	-	NA	r3-T1,r3-T14,r3-T9
GCA_015538225.1	blaOXA-23	JABLVG010000015.1	85912	86730	NA	NO_EVALUABLE	-	NA	r3-T1,r3-T13
GCA_015538235.1	blaOXA-23	JACDZD010000015.1	155	973	NA	NO_EVALUABLE	-	NA	r3-T1
GCA_015538255.1	blaOXA-23	JABLVE010000021.1	73885	74703	NA	NO_EVALUABLE	-	NA	r3-T1,rP-T1
GCA_015538275.1	blaOXA-23	JABLVF010000004.1	337045	337863	NA	NO_EVALUABLE	-	NA	r3-T1
GCA_015538305.1	blaOXA-23	JABLVD010000018.1	80135	80953	NA	NO_EVALUABLE	-	NA	r3-T1,rP-T1
GCA_015538325.1	blaOXA-72	JABLVB010000050.1	3683	4507	16800	COLOCALIZADO	r3-T1,r3-T14	879	r3-T1,r3-T14
GCA_015538335.1	blaOXA-23	JABLVC010000015.1	90074	90892	NA	NO_EVALUABLE	-	NA	r3-T1
GCA_015538345.1	blaOXA-23	JABLVA010000015.1	155	973	NA	NO_EVALUABLE	-	NA	r3-T14
GCA_015538355.1	blaOXA-23	JABLUZ010000016.1	90074	90892	NA	NO_EVALUABLE	-	NA	r3-T1
GCA_015666275.1	blaOXA-23	JADPHH010000132.1	6977	7795	NA	NO_EVALUABLE	-	NA	r3-T1
GCA_015666365.1	blaOXA-72	JADPHK010000074.1	9571	10395	16673	COLOCALIZADO	r3-T1,r3-T14	879	r3-T1,r3-T14
GCA_015666475.1	blaOXA-23	JADPHP010000136.1	28	846	NA	NO_EVALUABLE	-	NA	r3-T1
GCA_015666515.1	blaOXA-23	JADPHT010000027.1	42716	43534	NA	NO_EVALUABLE	-	NA	r3-T1
GCA_016054925.1	blaGES-11	JAECSJ010000067.1	10537	11397	NA	NO_EVALUABLE	-	NA	r3-T137,r3-T24,r3-T6
GCA_016054975.1	blaOXA-72	JAECSL010000069.1	4637	5461	NA	SIN_REP_EN_GENOMA	-	NA	-
GCA_016055015.1	blaOXA-23	JAECSO010000040.1	32377	33195	NA	NO_EVALUABLE	-	NA	r3-T1
GCA_016055335.1	blaOXA-23	JAECSV010000121.1	98	916	NA	NO_EVALUABLE	-	NA	r3-T1
GCA_016055475.1	blaOXA-23	JAECTD010000039.1	154	972	NA	NO_EVALUABLE	-	NA	r3-T1
GCA_016055595.1	blaOXA-23	JAECTH010000086.1	7297	8115	NA	NO_EVALUABLE	-	NA	r3-T1,r3-T12,r3-T18,r3-T2
GCA_016055715.1	blaOXA-23	JAECTM010000102.1	6573	7391	NA	NO_EVALUABLE	-	NA	r3-T1
GCA_016055835.1	blaOXA-23	JAECTU010000038.1	154	972	NA	NO_EVALUABLE	-	NA	r3-T1,r3-T3
GCA_016055945.1	blaOXA-23	JAECTZ010000002.1	155	973	NA	NO_EVALUABLE	-	NA	r3-T1
GCA_016055945.1	blaKPC	JAECTZ010000243.1	54	527	NA	NO_EVALUABLE	-	NA	r3-T1
GCA_016056005.1	blaOXA-23	JAECUB010000057.1	22610	23428	NA	NO_EVALUABLE	-	NA	r3-T14
GCA_016056095.1	blaOXA-23	JAECUH010000018.1	67401	68219	NA	NO_EVALUABLE	-	NA	r3-T1,r3-T14,rP-T1
GCA_016056095.1	blaOXA-72	JAECUH010000062.1	6317	7141	10209	COLOCALIZADO	r3-T14	879	r3-T1,r3-T14,rP-T1
GCA_016056125.1	blaOXA-23	JAECUI010000082.1	382	1200	NA	NO_EVALUABLE	-	NA	r3-T1
GCA_016056145.1	blaOXA-23	JAECUJ010000051.1	26920	27738	NA	NO_EVALUABLE	-	NA	r3-T1
GCA_016056145.1	blaKPC	JAECUJ010000133.1	2	688	NA	NO_EVALUABLE	-	NA	r3-T1
GCA_016416045.1	blaOXA-23	JAELUO010000033.1	28	846	NA	NO_EVALUABLE	-	NA	r3-T1,r3-T15
GCA_016484945.1	blaOXA-72	DADAJG010000072.1	12069	12893	16673	COLOCALIZADO	r3-T1,r3-T14	879	r3-T1,r3-T14
GCA_016484945.1	blaOXA-72	DADAJG010000191.1	6051	6875	NA	NO_EVALUABLE	-	NA	r3-T1,r3-T14
GCA_016484955.1	blaOXA-72	DADAJL010000112.1	78	902	11501	COLOCALIZADO	r3-T1,r3-T14	879	r3-T1,r3-T14
GCA_016484955.1	blaOXA-72	DADAJL010000427.1	119	943	NA	NO_EVALUABLE	-	NA	r3-T1,r3-T14
GCA_016484985.1	blaOXA-23	DADAJD010000150.1	27	845	NA	NO_EVALUABLE	-	NA	r3-T1
GCA_016484985.1	blaOXA-23	DADAJD010000324.1	67	885	NA	NO_EVALUABLE	-	NA	r3-T1
GCA_016485005.1	blaOXA-23	DADAJK010000002.1	127	945	NA	NO_EVALUABLE	-	NA	r3-T1,r3-T14
GCA_016485005.1	blaOXA-72	DADAJK010000089.1	12069	12893	16673	COLOCALIZADO	r3-T1,r3-T14	917	r3-T1,r3-T14
GCA_016485005.1	blaOXA-72	DADAJK010000420.1	7174	7998	NA	NO_EVALUABLE	-	NA	r3-T1,r3-T14
GCA_016485005.1	blaOXA-23	DADAJK010000429.1	68	886	NA	NO_EVALUABLE	-	NA	r3-T1,r3-T14
GCA_016485025.1	blaOXA-72	DADAJE010000085.1	4366	5190	8970	COLOCALIZADO	r3-T1	917	r3-T1
GCA_016485025.1	blaOXA-72	DADAJE010000163.1	6178	7002	8962	COLOCALIZADO	r3-T1	917	r3-T1
GCA_016485045.1	blaOXA-23	DADAJF010000158.1	27	845	NA	NO_EVALUABLE	-	NA	r3-T1
GCA_016485045.1	blaOXA-23	DADAJF010000355.1	67	885	NA	NO_EVALUABLE	-	NA	r3-T1
GCA_016485085.1	blaOXA-23	DADAJH010000124.1	986	1804	NA	NO_EVALUABLE	-	NA	r3-T1
GCA_016485085.1	blaOXA-23	DADAJH010000494.1	68	886	NA	NO_EVALUABLE	-	NA	r3-T1
GCA_016485105.1	blaOXA-23	DADAJM010000086.1	13628	14446	NA	NO_EVALUABLE	-	NA	r3-T14
GCA_016485105.1	blaOXA-23	DADAJM010000360.1	67	885	NA	NO_EVALUABLE	-	NA	r3-T14
GCA_016485125.1	blaOXA-72	DADAJJ010000134.1	4366	5190	8970	COLOCALIZADO	r3-T1	917	r3-T1
GCA_016485125.1	blaOXA-72	DADAJJ010000420.1	6178	7002	8962	COLOCALIZADO	r3-T1	917	r3-T1
GCA_016485145.1	blaOXA-72	DADAJQ010000134.1	3093	3917	9812	COLOCALIZADO	r3-T13	783	r3-T13
GCA_016485145.1	blaOXA-72	DADAJQ010000320.1	95	919	NA	NO_EVALUABLE	-	NA	r3-T13
GCA_016485165.1	blaOXA-23	DADAJI010000081.1	127	945	NA	NO_EVALUABLE	-	NA	r3-T1,r3-T14
GCA_016485165.1	blaOXA-72	DADAJI010000142.1	4366	5190	8970	COLOCALIZADO	r3-T1	917	r3-T1,r3-T14
GCA_016485165.1	blaOXA-72	DADAJI010000351.1	6051	6875	8835	COLOCALIZADO	r3-T1	917	r3-T1,r3-T14
GCA_016485165.1	blaOXA-23	DADAJI010000358.1	68	886	NA	NO_EVALUABLE	-	NA	r3-T1,r3-T14
GCA_016485185.1	blaOXA-72	DADAJX010000129.1	5478	6302	10082	COLOCALIZADO	r3-T14	879	r3-T1,r3-T14
GCA_016485185.1	blaOXA-72	DADAJX010000420.1	20	844	2790	COLOCALIZADO	r3-T14	879	r3-T1,r3-T14
GCA_016485205.1	blaOXA-23	DADAJP010000128.1	9067	9885	NA	NO_EVALUABLE	-	NA	r3-T1
GCA_016485205.1	blaOXA-23	DADAJP010000287.1	66	884	NA	NO_EVALUABLE	-	NA	r3-T1
GCA_016485225.1	blaOXA-23	DADAJT010000112.1	27	845	NA	NO_EVALUABLE	-	NA	r3-T1
GCA_016485225.1	blaOXA-23	DADAJT010000247.1	67	885	NA	NO_EVALUABLE	-	NA	r3-T1
GCA_016485245.1	blaOXA-23	DADAJS010000094.1	13623	14441	NA	NO_EVALUABLE	-	NA	r3-T13,r3-T14,r3-T3
GCA_016485245.1	blaOXA-23	DADAJS010000262.1	68	886	NA	NO_EVALUABLE	-	NA	r3-T13,r3-T14,r3-T3
GCA_016485265.1	blaOXA-23	DADAJY010000060.1	20433	21251	NA	NO_EVALUABLE	-	NA	r3-T1
GCA_016485265.1	blaOXA-23	DADAJY010000323.1	68	886	NA	NO_EVALUABLE	-	NA	r3-T1
GCA_016485285.1	blaOXA-23	DADAJN010000141.1	27	845	NA	NO_EVALUABLE	-	NA	r3-T1
GCA_016485285.1	blaOXA-23	DADAJN010000350.1	67	885	NA	NO_EVALUABLE	-	NA	r3-T1
GCA_016485305.1	blaOXA-23	DADAJO010000136.1	7858	8676	NA	NO_EVALUABLE	-	NA	r3-T1
GCA_016485305.1	blaOXA-23	DADAJO010000333.1	66	884	NA	NO_EVALUABLE	-	NA	r3-T1
GCA_016485325.1	blaOXA-23	DADAJV010000113.1	27	845	NA	NO_EVALUABLE	-	NA	r3-T13,r3-T14
GCA_016485325.1	blaOXA-23	DADAJV010000240.1	68	886	NA	NO_EVALUABLE	-	NA	r3-T13,r3-T14
GCA_016485345.1	blaOXA-23	DADAJR010000006.1	26	844	NA	NO_EVALUABLE	-	NA	r3-T1
GCA_016485345.1	blaOXA-23	DADAJR010000347.1	67	885	NA	NO_EVALUABLE	-	NA	r3-T1
GCA_016485365.1	blaOXA-23	DADAJU010000049.1	27	845	NA	NO_EVALUABLE	-	NA	r3-T1
GCA_016485365.1	blaOXA-23	DADAJU010000341.1	67	885	NA	NO_EVALUABLE	-	NA	r3-T1
GCA_016485725.1	blaOXA-23	DADAKP010000064.1	31	849	NA	NO_EVALUABLE	-	NA	r3-T18
GCA_016485725.1	blaOXA-23	DADAKP010000084.1	72	890	NA	NO_EVALUABLE	-	NA	r3-T18
GCA_016485745.1	blaOXA-58	DADAKL010000043.1	140	979	NA	NO_EVALUABLE	-	NA	r3-T14,r3-T18
GCA_016485745.1	blaOXA-58	DADAKL010000064.1	58	897	NA	NO_EVALUABLE	-	NA	r3-T14,r3-T18
GCA_016485965.1	blaOXA-23	DADALE010000084.1	33	851	NA	SIN_REP_EN_GENOMA	-	NA	-
GCA_016485965.1	blaOXA-23	DADALE010000110.1	74	892	NA	SIN_REP_EN_GENOMA	-	NA	-
GCA_016487265.1	blaOXA-58	DADANS010000071.1	1977	2816	7697	COLOCALIZADO	r3-T10	3013	r3-T10,r3-T5
GCA_016487265.1	blaOXA-58	DADANS010000106.1	2016	2855	NA	NO_EVALUABLE	-	NA	r3-T10,r3-T5
GCA_016487725.1	blaOXA-58	DADAOH010000047.1	11714	12553	17469	COLOCALIZADO	r3-T14	7115	r3-T14
GCA_016487725.1	blaOXA-58	DADAOH010000076.1	58	897	NA	NO_EVALUABLE	-	NA	r3-T14
GCA_016609885.1	blaOXA-23	DADBTJ010000069.1	33	851	NA	SIN_REP_EN_GENOMA	-	NA	-
GCA_016609885.1	blaOXA-23	DADBTJ010000090.1	74	892	NA	SIN_REP_EN_GENOMA	-	NA	-
GCA_017909475.1	blaOXA-23	VCQS01000115.1	41025	41843	NA	NO_EVALUABLE	-	NA	r3-T1
GCA_017909485.1	blaOXA-23	VDBK01000156.1	4658	5476	NA	NO_EVALUABLE	-	NA	r3-T13,r3-T14,r3-T3
GCA_017909495.1	blaOXA-23	VDBL01000189.1	8368	9186	NA	NO_EVALUABLE	-	NA	r3-T13,r3-T14,r3-T3
GCA_017960395.1	blaOXA-23	VCQR01000091.1	8872	9690	NA	NO_EVALUABLE	-	NA	r3-T1
GCA_018156045.1	blaOXA-58	JAGTAJ010000071.1	141	980	NA	NO_EVALUABLE	-	NA	r3-T14
GCA_018156055.1	blaOXA-58	JAGTAK010000074.1	2578	3417	NA	NO_EVALUABLE	-	NA	r3-T14,r3-T18,r3-T28
GCA_018156065.1	blaOXA-23	JAGTAI010000054.1	140	958	NA	NO_EVALUABLE	-	NA	r3-T14,r3-T3,rP-T1
GCA_018156665.1	blaOXA-23	PNFN01000094.1	48	866	NA	NO_EVALUABLE	-	NA	r3-T15,rP-T1
GCA_018156705.1	blaOXA-23	PNJI01000036.1	44	862	NA	NO_EVALUABLE	-	NA	r3-T1,r3-T13
GCA_018156725.1	blaOXA-23	PNFO01000106.1	49	867	NA	NO_EVALUABLE	-	NA	r3-T1,r3-T13,r3-T15
GCA_018156745.1	blaOXA-72	PNJH01000016.1	12592	13416	16937	COLOCALIZADO	r3-T1,r3-T14	879	r3-T1,r3-T14
GCA_020657695.1	blaOXA-23	JAJDFW010000041.1	1208	2026	NA	NO_EVALUABLE	-	NA	r3-T1,r3-T12,r3-T2,rP-T1
GCA_021402995.1	blaOXA-23	JAJIXP010000054.1	1683	2501	NA	NO_EVALUABLE	-	NA	r3-T1,rP-T1
GCA_023060185.1	blaOXA-23	JALLCL010000063.1	28	846	NA	NO_EVALUABLE	-	NA	r3-T13,r3-T14,r3-T3
GCA_023060375.1	blaOXA-72	JALLDY010000056.1	6691	7515	NA	SIN_REP_EN_GENOMA	-	NA	-
GCA_023060655.1	blaOXA-72	JALLDO010000063.1	31	855	NA	SIN_REP_EN_GENOMA	-	NA	-
GCA_023061035.1	blaOXA-72	JALLCJ010000067.1	1699	2523	8979	COLOCALIZADO	r3-T1	917	r3-T1,r3-T14
GCA_023572255.1	blaOXA-23	JAMKDL010000103.1	26	844	NA	NO_EVALUABLE	-	NA	r3-T1,r3-T94
GCA_023572275.1	blaOXA-23	JAMKDM010000149.1	28	846	NA	NO_EVALUABLE	-	NA	r3-T13
GCA_023572305.1	blaOXA-23	JAMKDN010000053.1	150	968	NA	NO_EVALUABLE	-	NA	r3-T1,r3-T16
GCA_023572445.1	blaOXA-23	JAMKDU010000121.1	6636	7454	NA	NO_EVALUABLE	-	NA	r3-T1
GCA_023572625.1	blaOXA-23	JAMKEC010000035.1	42809	43627	NA	NO_EVALUABLE	-	NA	r3-T1
GCA_024138435.1	blaOXA-23	CP076805.1	37897	38715	105056	COLOCALIZADO	rP-T1	36721	r3-T13,rP-T1
GCA_024139015.1	blaOXA-58	CP076809.1	8039	8878	17469	COLOCALIZADO	r3-T14	7115	r3-T14,r3-T18,r3-T28,r3-T5
GCA_024139035.1	blaOXA-23	CP076812.1	2888303	2889121	NA	NO_EVALUABLE	-	NA	r3-T14
GCA_024139055.1	blaOXA-58	CP076816.1	8039	8878	17469	COLOCALIZADO	r3-T14	7115	r3-T14
GCA_024139075.1	blaOXA-23	CP076818.1	48925	49743	99399	COLOCALIZADO	rP-T1	47749	r3-T13,r3-T14,rP-T1
GCA_024151485.1	blaOXA-23	JAHICB010000033.1	139	957	NA	NO_EVALUABLE	-	NA	r3-T13,rP-T1
GCA_024151505.1	blaOXA-23	JAHICA010000034.1	11054	11872	NA	NO_EVALUABLE	-	NA	r3-T13,rP-T1
GCA_024151525.1	blaOXA-23	JAHICD010000028.1	138	956	NA	NO_EVALUABLE	-	NA	r3-T13,r3-T18,rP-T1
GCA_024151535.1	blaOXA-23	JAHICC010000035.1	185	1003	NA	NO_EVALUABLE	-	NA	r3-T13,rP-T1
GCA_024151565.1	blaOXA-58	JAHICE010000091.1	18	857	NA	NO_EVALUABLE	-	NA	r3-T14,r3-T5
GCA_024151585.1	blaOXA-58	JAHICF010000101.1	18	857	NA	NO_EVALUABLE	-	NA	r3-T14,r3-T18,r3-T28,r3-T5
GCA_024151605.1	blaOXA-58	JAHICG010000101.1	18	857	NA	NO_EVALUABLE	-	NA	r3-T14,r3-T18,r3-T28,r3-T5
GCA_024151615.1	blaOXA-58	JAHICI010000099.1	18	857	NA	NO_EVALUABLE	-	NA	r3-T14,r3-T18,r3-T28,r3-T5
GCA_024151645.1	blaOXA-58	JAHICH010000109.1	31	870	NA	NO_EVALUABLE	-	NA	r3-T14,r3-T18,r3-T28,r3-T5
GCA_024151665.1	blaOXA-58	JAHICJ010000115.1	18	857	NA	NO_EVALUABLE	-	NA	r3-T14,r3-T18,r3-T28
GCA_024151685.1	blaOXA-58	JAHICM010000093.1	31	870	NA	NO_EVALUABLE	-	NA	r3-T14,r3-T18
GCA_024151695.1	blaOXA-58	JAHICK010000108.1	31	870	NA	NO_EVALUABLE	-	NA	r3-T14,r3-T18,r3-T28
GCA_024151725.1	blaOXA-23	JAHICN010000030.1	139	957	NA	NO_EVALUABLE	-	NA	r3-T14
GCA_024151745.1	blaOXA-23	JAHICO010000029.1	138	956	NA	NO_EVALUABLE	-	NA	r3-T14
GCA_024151765.1	blaOXA-23	JAHICR010000041.1	20066	20884	NA	NO_EVALUABLE	-	NA	r3-T14,rP-T1
GCA_024151775.1	blaOXA-23	JAHICQ010000028.1	50615	51433	NA	NO_EVALUABLE	-	NA	r3-T14
GCA_024151795.1	blaOXA-23	JAHICP010000029.1	50615	51433	NA	NO_EVALUABLE	-	NA	r3-T14
GCA_024151825.1	blaOXA-58	JAHICL010000105.1	31	870	NA	NO_EVALUABLE	-	NA	r3-T14,r3-T18,r3-T28
GCA_024151945.1	blaOXA-58	JAHICX010000059.1	31	870	NA	NO_EVALUABLE	-	NA	r3-T14,r3-T18
GCA_024271825.1	blaOXA-23	CP076802.1	37897	38715	88371	COLOCALIZADO	rP-T1	36721	r3-T13,rP-T1
GCA_024505645.2	blaNDM-1	JBCGDB010000134.1	26658	27467	NA	NO_EVALUABLE	-	NA	r3-T15
GCA_024505645.2	blaOXA-58	JBCGDB010000134.1	103232	104071	NA	NO_EVALUABLE	-	NA	r3-T15
GCA_024649355.1	blaNDM-1	JANKKA010000055.1	1251	2060	NA	SIN_REP_EN_GENOMA	-	NA	-
GCA_025950435.1	blaNDM-1	JAPDGQ010000086.1	7022	7831	NA	NO_EVALUABLE	-	NA	r3-T13,r3-T3
GCA_025950435.1	blaOXA-58	JAPDGQ010000140.1	18	857	NA	NO_EVALUABLE	-	NA	r3-T13,r3-T3
GCA_025950485.1	blaNDM-1	JAPDGP010000060.1	26658	27467	NA	NO_EVALUABLE	-	NA	r3-T15,r3-T61
GCA_025950485.1	blaOXA-58	JAPDGP010000060.1	103232	104071	NA	NO_EVALUABLE	-	NA	r3-T15,r3-T61
GCA_025971765.1	blaNDM	JAPDKG010000130.1	1475	2263	NA	NO_EVALUABLE	-	NA	r3-T13,r3-T3
GCA_025971765.1	blaOXA-58	JAPDKG010000140.1	31	870	NA	NO_EVALUABLE	-	NA	r3-T13,r3-T3
GCA_025971805.1	blaNDM-1	JAPDKH010000125.1	1272	2081	NA	NO_EVALUABLE	-	NA	r3-T15,r3-T37,r3-T5,r3-T7,rP-T5
GCA_025971805.1	blaOXA-58	JAPDKH010000136.1	18	857	NA	NO_EVALUABLE	-	NA	r3-T15,r3-T37,r3-T5,r3-T7,rP-T5
GCA_025971935.1	blaNDM	JAPDKF010000055.1	2	790	NA	NO_EVALUABLE	-	NA	r3-T15,r3-T168,r3-T60
GCA_026239565.1	blaNDM-1	JAPIWM010000100.1	2102	2911	NA	NO_EVALUABLE	-	NA	r3-T5,r3-T7
GCA_026239565.1	blaOXA-58	JAPIWM010000123.1	31	870	NA	NO_EVALUABLE	-	NA	r3-T5,r3-T7
GCA_026300595.1	blaOXA-23	DAJZEF010000010.1	27	845	NA	NO_EVALUABLE	-	NA	r3-T14
GCA_026300595.1	blaOXA-23	DAJZEF010000117.1	66	884	NA	NO_EVALUABLE	-	NA	r3-T14
GCA_026301315.1	blaOXA-23	DAJZFQ010000075.1	27	845	NA	NO_EVALUABLE	-	NA	r3-T13,r3-T14
GCA_026301315.1	blaOXA-23	DAJZFQ010000098.1	68	886	NA	NO_EVALUABLE	-	NA	r3-T13,r3-T14
GCA_026302075.1	blaOXA-23	DAJZHD010000146.1	27	845	NA	NO_EVALUABLE	-	NA	r3-T13,r3-T14,r3-T3
GCA_026302075.1	blaOXA-23	DAJZHD010000336.1	68	886	NA	NO_EVALUABLE	-	NA	r3-T13,r3-T14,r3-T3
GCA_026311855.1	blaOXA-72	DAJZTF010000083.1	4390	5214	7851	COLOCALIZADO	r3-T18	472	r3-T18,r3-T3
GCA_026311855.1	blaOXA-72	DAJZTF010000153.1	1	825	7891	COLOCALIZADO	r3-T18	472	r3-T18,r3-T3
GCA_026311875.1	blaOXA-72	DAJZTG010000079.1	4390	5214	7851	COLOCALIZADO	r3-T18	472	r3-T18,r3-T3
GCA_026311875.1	blaOXA-72	DAJZTG010000141.1	1	825	7891	COLOCALIZADO	r3-T18	472	r3-T18,r3-T3
GCA_026318965.1	blaOXA-23	DAJZDI010000050.1	27	845	NA	NO_EVALUABLE	-	NA	r3-T14
GCA_026318965.1	blaOXA-23	DAJZDI010000237.1	66	884	NA	NO_EVALUABLE	-	NA	r3-T14
GCA_026340685.1	blaOXA-72	DAKBLD010000142.1	4390	5214	7851	COLOCALIZADO	r3-T18	472	r3-T18,r3-T3
GCA_026340685.1	blaOXA-72	DAKBLD010000331.1	1	825	7891	COLOCALIZADO	r3-T18	472	r3-T18,r3-T3
GCA_026340785.1	blaOXA-72	DAKBLI010000063.1	4390	5214	7851	COLOCALIZADO	r3-T18	472	r3-T18,r3-T3
GCA_026340785.1	blaOXA-72	DAKBLI010000110.1	1	825	7891	COLOCALIZADO	r3-T18	472	r3-T18,r3-T3
GCA_026340935.1	blaOXA-72	DAKBLF010000086.1	4390	5214	7851	COLOCALIZADO	r3-T18	472	r3-T18,r3-T3
GCA_026340935.1	blaOXA-72	DAKBLF010000153.1	1	825	7891	COLOCALIZADO	r3-T18	472	r3-T18,r3-T3
GCA_026358375.1	blaOXA-23	DAKCOE010000053.1	27555	28373	NA	NO_EVALUABLE	-	NA	r1-T22,r3-T14,r3-T3
GCA_026358375.1	blaOXA-23	DAKCOE010000194.1	67	885	NA	NO_EVALUABLE	-	NA	r1-T22,r3-T14,r3-T3
GCA_026358395.1	blaOXA-23	DAKCOG010000028.1	27	845	NA	NO_EVALUABLE	-	NA	r3-T14
GCA_026358395.1	blaOXA-23	DAKCOG010000210.1	66	884	NA	NO_EVALUABLE	-	NA	r3-T14
GCA_026358415.1	blaNDM-1	DAKCOD010000113.1	92	901	NA	NO_EVALUABLE	-	NA	r1-T2
GCA_026358415.1	blaNDM-1	DAKCOD010000234.1	133	942	NA	NO_EVALUABLE	-	NA	r1-T2
GCA_026358475.1	blaOXA-23	DAKCOI010000032.1	27	845	NA	NO_EVALUABLE	-	NA	r3-T14
GCA_026358475.1	blaOXA-23	DAKCOI010000174.1	66	884	NA	NO_EVALUABLE	-	NA	r3-T14
GCA_026358495.1	blaOXA-23	DAKCOJ010000068.1	23407	24225	NA	NO_EVALUABLE	-	NA	r3-T14
GCA_026358495.1	blaOXA-23	DAKCOJ010000246.1	67	885	NA	NO_EVALUABLE	-	NA	r3-T14
GCA_026358515.1	blaOXA-23	DAKCOK010000030.1	27	845	NA	NO_EVALUABLE	-	NA	r3-T14
GCA_026358515.1	blaOXA-23	DAKCOK010000086.1	66	884	NA	NO_EVALUABLE	-	NA	r3-T14
GCA_026358555.1	blaOXA-23	DAKCOL010000045.1	27	845	NA	NO_EVALUABLE	-	NA	r3-T14
GCA_026358555.1	blaOXA-23	DAKCOL010000245.1	66	884	NA	NO_EVALUABLE	-	NA	r3-T14
GCA_026358575.1	blaOXA-23	DAKCOQ010000115.1	27	845	NA	NO_EVALUABLE	-	NA	r1-T4,r3-T26,r3-T3
GCA_026358575.1	blaOXA-23	DAKCOQ010000192.1	68	886	NA	NO_EVALUABLE	-	NA	r1-T4,r3-T26,r3-T3
GCA_026358595.1	blaOXA-23	DAKCOS010000011.1	27	845	NA	NO_EVALUABLE	-	NA	r3-T14
GCA_026358595.1	blaOXA-23	DAKCOS010000123.1	66	884	NA	NO_EVALUABLE	-	NA	r3-T14
GCA_026358675.1	blaOXA-23	DAKCOO010000015.1	251	1069	NA	NO_EVALUABLE	-	NA	r3-T14
GCA_026358675.1	blaOXA-23	DAKCOO010000099.1	66	884	NA	NO_EVALUABLE	-	NA	r3-T14
GCA_026358715.1	blaOXA-23	DAKCOT010000124.1	71	889	NA	NO_EVALUABLE	-	NA	r3-T1
GCA_026358715.1	blaOXA-23	DAKCOT010000303.1	66	884	NA	NO_EVALUABLE	-	NA	r3-T1
GCA_026358855.1	blaNDM-1	DAKCPB010000108.1	92	901	NA	NO_EVALUABLE	-	NA	r1-T2
GCA_026358855.1	blaNDM-1	DAKCPB010000202.1	133	942	NA	NO_EVALUABLE	-	NA	r1-T2
GCA_026358875.1	blaOXA-23	DAKCPA010000019.1	26	844	NA	NO_EVALUABLE	-	NA	r3-T3
GCA_026358875.1	blaOXA-23	DAKCPA010000077.1	67	885	NA	NO_EVALUABLE	-	NA	r3-T3
GCA_026358895.1	blaNDM-1	DAKCPD010000120.1	92	901	NA	NO_EVALUABLE	-	NA	r1-T2
GCA_026358895.1	blaNDM-1	DAKCPD010000231.1	133	942	NA	NO_EVALUABLE	-	NA	r1-T2
GCA_026554895.1	blaOXA-23	DAKLZN010000131.1	34	852	NA	NO_EVALUABLE	-	NA	r3-T26,r3-T85,rP-T1
GCA_026554895.1	blaOXA-23	DAKLZN010000168.1	74	892	NA	NO_EVALUABLE	-	NA	r3-T26,r3-T85,rP-T1
GCA_026554915.1	blaOXA-23	DAKLZO010000198.1	32	850	NA	NO_EVALUABLE	-	NA	r3-T26,r3-T3,r3-T85
GCA_026554915.1	blaOXA-23	DAKLZO010000259.1	73	891	NA	NO_EVALUABLE	-	NA	r3-T26,r3-T3,r3-T85
GCA_026555015.1	blaOXA-23	DAKLZP010000127.1	33	851	NA	SIN_REP_EN_GENOMA	-	NA	-
GCA_026555015.1	blaOXA-23	DAKLZP010000162.1	51	869	NA	SIN_REP_EN_GENOMA	-	NA	-
GCA_026555055.1	blaOXA-23	DAKLZR010000251.1	1194	2012	NA	NO_EVALUABLE	-	NA	r1-T2
GCA_026555055.1	blaOXA-23	DAKLZR010000369.1	74	892	NA	NO_EVALUABLE	-	NA	r1-T2
GCA_026555075.1	blaOXA-72	DAKLZT010000073.1	4076	4900	18039	COLOCALIZADO	r3-T8,r3-T97	1353	r3-T13,r3-T8,r3-T97
GCA_026555075.1	blaOXA-72	DAKLZT010000184.1	6297	7121	NA	NO_EVALUABLE	-	NA	r3-T13,r3-T8,r3-T97
GCA_026555155.1	blaOXA-58	DAKLZW010000206.1	1209	2048	NA	NO_EVALUABLE	-	NA	r3-T14,r3-T34
GCA_026555155.1	blaOXA-58	DAKLZW010000329.1	58	897	NA	NO_EVALUABLE	-	NA	r3-T14,r3-T34
GCA_026555195.1	blaOXA-58	DAKLZY010000078.1	4856	5695	17676	COLOCALIZADO	r3-T14	8592	r3-T14,r3-T34
GCA_026555195.1	blaOXA-58	DAKLZY010000356.1	58	897	NA	NO_EVALUABLE	-	NA	r3-T14,r3-T34
GCA_026555235.1	blaOXA-23	DAKMAD010000226.1	34	852	NA	NO_EVALUABLE	-	NA	r3-T1
GCA_026555235.1	blaOXA-23	DAKMAD010000336.1	75	893	NA	NO_EVALUABLE	-	NA	r3-T1
GCA_026555275.1	blaOXA-23	DAKMAB010000121.1	251	1069	NA	NO_EVALUABLE	-	NA	r3-T14
GCA_026555275.1	blaOXA-23	DAKMAB010000372.1	66	884	NA	NO_EVALUABLE	-	NA	r3-T14
GCA_026555295.1	blaOXA-23	DAKMAC010000051.1	27	845	NA	NO_EVALUABLE	-	NA	r3-T14
GCA_026555295.1	blaOXA-23	DAKMAC010000252.1	61	879	NA	NO_EVALUABLE	-	NA	r3-T14
GCA_026555315.1	blaOXA-23	DAKMAE010000133.1	27	845	NA	NO_EVALUABLE	-	NA	r3-T14
GCA_026555315.1	blaOXA-23	DAKMAE010000418.1	66	884	NA	NO_EVALUABLE	-	NA	r3-T14
GCA_026561215.1	blaOXA-23	DAKMKH010000053.1	27	845	NA	NO_EVALUABLE	-	NA	r3-T14
GCA_026561215.1	blaOXA-23	DAKMKH010000209.1	66	884	NA	NO_EVALUABLE	-	NA	r3-T14
GCA_026561235.1	blaOXA-23	DAKMKI010000122.1	27	845	NA	NO_EVALUABLE	-	NA	r3-T14
GCA_026561235.1	blaOXA-23	DAKMKI010000167.1	66	884	NA	NO_EVALUABLE	-	NA	r3-T14
GCA_026561255.1	blaOXA-23	DAKMKJ010000130.1	27	845	NA	NO_EVALUABLE	-	NA	r3-T14
GCA_026561255.1	blaOXA-23	DAKMKJ010000306.1	61	879	NA	NO_EVALUABLE	-	NA	r3-T14
GCA_026561275.1	blaOXA-23	DAKMKK010000050.1	71	889	NA	NO_EVALUABLE	-	NA	r3-T1
GCA_026561275.1	blaOXA-23	DAKMKK010000262.1	66	884	NA	NO_EVALUABLE	-	NA	r3-T1
GCA_026561295.1	blaOXA-23	DAKMKL010000170.1	27	845	NA	NO_EVALUABLE	-	NA	r3-T14
GCA_026561295.1	blaOXA-23	DAKMKL010000369.1	67	885	NA	NO_EVALUABLE	-	NA	r3-T14
GCA_026561315.1	blaOXA-23	DAKMKM010000122.1	251	1069	NA	NO_EVALUABLE	-	NA	r3-T14
GCA_026561315.1	blaOXA-23	DAKMKM010000262.1	61	879	NA	NO_EVALUABLE	-	NA	r3-T14
GCA_026561335.1	blaOXA-23	DAKMKN010000110.1	27	845	NA	NO_EVALUABLE	-	NA	r3-T14
GCA_026561335.1	blaOXA-23	DAKMKN010000254.1	66	884	NA	NO_EVALUABLE	-	NA	r3-T14
GCA_026561355.1	blaOXA-23	DAKMKO010000047.1	27	845	NA	NO_EVALUABLE	-	NA	r3-T1
GCA_026561355.1	blaOXA-23	DAKMKO010000253.1	44	862	NA	NO_EVALUABLE	-	NA	r3-T1
GCA_026561375.1	blaOXA-23	DAKMKQ010000131.1	27	845	NA	NO_EVALUABLE	-	NA	r3-T1
GCA_026561375.1	blaOXA-23	DAKMKQ010000351.1	66	884	NA	NO_EVALUABLE	-	NA	r3-T1
GCA_026561415.1	blaOXA-23	DAKMKR010000114.1	27	845	NA	NO_EVALUABLE	-	NA	r3-T1
GCA_026561415.1	blaOXA-23	DAKMKR010000277.1	61	879	NA	NO_EVALUABLE	-	NA	r3-T1
GCA_026561435.1	blaOXA-23	DAKMKS010000005.1	26	844	NA	SIN_REP_EN_GENOMA	-	NA	-
GCA_026561435.1	blaOXA-23	DAKMKS010000270.1	1	819	NA	SIN_REP_EN_GENOMA	-	NA	-
GCA_026561455.1	blaOXA-23	DAKMKT010000128.1	26	844	NA	NO_EVALUABLE	-	NA	r3-T14
GCA_026561455.1	blaOXA-23	DAKMKT010000339.1	67	885	NA	NO_EVALUABLE	-	NA	r3-T14
GCA_026561475.1	blaOXA-23	DAKMKU010000044.1	27554	28372	NA	NO_EVALUABLE	-	NA	r3-T14
GCA_026561475.1	blaOXA-23	DAKMKU010000120.1	68	886	NA	NO_EVALUABLE	-	NA	r3-T14
GCA_026561495.1	blaOXA-23	DAKMKW010000211.1	27	845	NA	NO_EVALUABLE	-	NA	r3-T1
GCA_026561495.1	blaOXA-23	DAKMKW010000424.1	66	884	NA	NO_EVALUABLE	-	NA	r3-T1
GCA_026561515.1	blaOXA-23	DAKMKV010000129.1	61	879	NA	NO_EVALUABLE	-	NA	r3-T1
GCA_026561515.1	blaOXA-23	DAKMKV010000288.1	66	884	NA	NO_EVALUABLE	-	NA	r3-T1
GCA_026568275.1	blaOXA-23	DAKMXL010000107.1	26	844	NA	NO_EVALUABLE	-	NA	r3-T14
GCA_026568275.1	blaOXA-23	DAKMXL010000240.1	67	885	NA	NO_EVALUABLE	-	NA	r3-T14
GCA_026568295.1	blaOXA-23	DAKMXI010000320.1	27	845	NA	NO_EVALUABLE	-	NA	r3-T1
GCA_026568295.1	blaOXA-23	DAKMXI010000461.1	66	884	NA	NO_EVALUABLE	-	NA	r3-T1
GCA_026568315.1	blaOXA-23	DAKMXJ010000122.1	251	1069	NA	NO_EVALUABLE	-	NA	r3-T14
GCA_026568315.1	blaOXA-23	DAKMXJ010000295.1	68	886	NA	NO_EVALUABLE	-	NA	r3-T14
GCA_026568355.1	blaOXA-23	DAKMXM010000178.1	27	845	NA	NO_EVALUABLE	-	NA	r3-T14
GCA_026568355.1	blaOXA-23	DAKMXM010000449.1	68	886	NA	NO_EVALUABLE	-	NA	r3-T14
GCA_026568375.1	blaOXA-23	DAKMXP010000329.1	32	850	NA	NO_EVALUABLE	-	NA	r3-T26,r3-T3,r3-T85
GCA_026568375.1	blaOXA-23	DAKMXP010000485.1	73	891	NA	NO_EVALUABLE	-	NA	r3-T26,r3-T3,r3-T85
GCA_026568385.1	blaOXA-23	DAKMXN010000218.1	26	844	NA	NO_EVALUABLE	-	NA	r3-T14
GCA_026568385.1	blaOXA-23	DAKMXN010000479.1	67	885	NA	NO_EVALUABLE	-	NA	r3-T14
GCA_026568415.1	blaOXA-23	DAKMXO010000133.1	26	844	NA	NO_EVALUABLE	-	NA	r3-T14
GCA_026568415.1	blaOXA-23	DAKMXO010000384.1	67	885	NA	NO_EVALUABLE	-	NA	r3-T14
GCA_026568455.1	blaOXA-23	DAKMXT010000289.1	78	896	NA	NO_EVALUABLE	-	NA	r3-T26,r3-T3,r3-T85
GCA_026568455.1	blaOXA-23	DAKMXT010000365.1	73	891	NA	NO_EVALUABLE	-	NA	r3-T26,r3-T3,r3-T85
GCA_026568475.1	blaOXA-23	DAKMXS010000232.1	34	852	NA	SIN_REP_EN_GENOMA	-	NA	-
GCA_026568475.1	blaOXA-23	DAKMXS010000302.1	75	893	NA	SIN_REP_EN_GENOMA	-	NA	-
GCA_026568495.1	blaOXA-23	DAKMXR010000349.1	34	852	NA	SIN_REP_EN_GENOMA	-	NA	-
GCA_026568495.1	blaOXA-23	DAKMXR010000441.1	75	893	NA	SIN_REP_EN_GENOMA	-	NA	-
GCA_026568515.1	blaOXA-23	DAKMXU010000272.1	34	852	NA	SIN_REP_EN_GENOMA	-	NA	-
GCA_026568515.1	blaOXA-23	DAKMXU010000367.1	75	893	NA	SIN_REP_EN_GENOMA	-	NA	-
GCA_026568535.1	blaOXA-23	DAKMXV010000250.1	34	852	NA	SIN_REP_EN_GENOMA	-	NA	-
GCA_026568535.1	blaOXA-23	DAKMXV010000334.1	68	886	NA	SIN_REP_EN_GENOMA	-	NA	-
GCA_026568575.1	blaOXA-23	DAKMXX010000309.1	34	852	NA	SIN_REP_EN_GENOMA	-	NA	-
GCA_026568575.1	blaOXA-23	DAKMXX010000397.1	75	893	NA	SIN_REP_EN_GENOMA	-	NA	-
GCA_026568595.1	blaOXA-23	DAKMXW010000222.1	34	852	NA	SIN_REP_EN_GENOMA	-	NA	-
GCA_026568595.1	blaOXA-23	DAKMXW010000277.1	75	893	NA	SIN_REP_EN_GENOMA	-	NA	-
GCA_028402465.1	blaOXA-23	RFFD01000025.1	76090	76908	NA	NO_EVALUABLE	-	NA	r3-T1
GCA_028435975.1	blaOXA-23	JAIEWF010000094.1	768	1586	NA	NO_EVALUABLE	-	NA	r3-T1,r3-T62
GCA_028440015.1	blaOXA-72	JAIEVS010000059.1	9571	10395	16673	COLOCALIZADO	r3-T1,r3-T14	879	r3-T1,r3-T14
GCA_028440075.1	blaOXA-72	JAIEVQ010000081.1	1868	2692	8970	COLOCALIZADO	r3-T1	917	r3-T1,r3-T14
GCA_028440105.1	blaOXA-72	JAIEVO010000073.1	1868	2692	8970	COLOCALIZADO	r3-T1	917	r3-T1,r3-T14
GCA_028440125.1	blaOXA-72	JAIEVN010000068.1	14044	14868	16682	COLOCALIZADO	r3-T1,r3-T14	917	r3-T1,r3-T14
GCA_028440165.1	blaOXA-23	JAIEVL010000019.1	72	890	NA	NO_EVALUABLE	-	NA	r3-T1,r3-T14,rP-T1
GCA_028440225.1	blaOXA-72	JAIEVH010000046.1	1814	2638	8978	COLOCALIZADO	r3-T1	917	r3-T1
GCA_028440245.1	blaOXA-23	JAIEVG010000046.1	768	1586	NA	NO_EVALUABLE	-	NA	r3-T1,r3-T62
GCA_028440255.1	blaOXA-72	JAIEVK010000053.1	9571	10395	16673	COLOCALIZADO	r3-T1,r3-T14	879	r3-T1,r3-T14
GCA_028440325.1	blaOXA-23	JAIEVD010000006.1	27	845	NA	NO_EVALUABLE	-	NA	r3-T1
GCA_028440395.1	blaOXA-23	JAIEVA010000055.1	768	1586	NA	NO_EVALUABLE	-	NA	r3-T1,r3-T62
GCA_028440415.1	blaOXA-23	JAIEUW010000032.1	22661	23479	NA	NO_EVALUABLE	-	NA	r3-T1,r3-T62
GCA_028440605.1	blaOXA-23	JAHUPZ010000085.1	768	1586	NA	NO_EVALUABLE	-	NA	r3-T1,r3-T62
GCA_028440685.1	blaOXA-72	JAHUQB010000179.1	1814	2638	NA	NO_EVALUABLE	-	NA	r3-T1,rP-T1
GCA_029477905.1	blaOXA-23	JAQBHP010000014.1	20778	21596	NA	NO_EVALUABLE	-	NA	r3-T1
GCA_029478065.1	blaOXA-23	JAQBHQ010000136.1	47	865	NA	NO_EVALUABLE	-	NA	r3-T1
GCA_029761775.1	blaOXA-23	JARUPN010000167.1	4653	5471	NA	NO_EVALUABLE	-	NA	r3-T13,r3-T14
GCA_029761785.1	blaOXA-23	JARUPM010000021.1	155	973	NA	SIN_REP_EN_GENOMA	-	NA	-
GCA_029955785.1	blaOXA-72	JASBHG010000073.1	5063	5887	7795	COLOCALIZADO	r3-T18	472	r3-T18,r3-T3
GCA_029955865.1	blaOXA-72	JASBHI010000082.1	95	919	NA	NO_EVALUABLE	-	NA	r3-T13,r3-T50
GCA_029956025.1	blaOXA-72	JASBHR010000066.1	18707	19531	19570	COLOCALIZADO	r3-T50	16741	r3-T13,r3-T50
GCA_030016875.1	blaOXA-72	JASDEA010000049.1	5582	6406	7851	COLOCALIZADO	r3-T18	472	r3-T18,r3-T3
GCA_030165035.1	blaOXA-23	JASNGA010000101.1	49	867	NA	NO_EVALUABLE	-	NA	r3-T14,r3-T16,r3-T3,rP-T1
GCA_030550885.1	blaOXA-23	JARCRZ010000066.1	1692	2510	NA	SIN_REP_EN_GENOMA	-	NA	-
GCA_030550895.1	blaOXA-23	JARCRY010000067.1	1593	2411	NA	NO_EVALUABLE	-	NA	r3-T1
GCA_030550955.1	blaOXA-23	JARCSB010000072.1	35	853	NA	NO_EVALUABLE	-	NA	r3-T1,r3-T15,rP-T1
GCA_030550965.1	blaOXA-23	JARCSC010000107.1	1593	2411	NA	NO_EVALUABLE	-	NA	r3-T1,r3-T3
GCA_030550975.1	blaOXA-23	JARCSE010000061.1	35	853	NA	NO_EVALUABLE	-	NA	r3-T1,r3-T15
GCA_030551015.1	blaOXA-23	JARCSD010000075.1	1692	2510	NA	NO_EVALUABLE	-	NA	r3-T1,r3-T15
GCA_030551035.1	blaOXA-23	JARCSH010000076.1	35	853	NA	NO_EVALUABLE	-	NA	r3-T1,r3-T15
GCA_030551055.1	blaOXA-23	JARCSG010000073.1	35	853	NA	NO_EVALUABLE	-	NA	r3-T1,r3-T3
GCA_030551065.1	blaOXA-23	JARCSF010000123.1	1593	2411	NA	NO_EVALUABLE	-	NA	r3-T1,r3-T15,r3-T3
GCA_030551075.1	blaOXA-23	JARCSA010000070.1	1692	2510	NA	NO_EVALUABLE	-	NA	r3-T1
GCA_030551115.1	blaOXA-23	JARCSJ010000064.1	35	853	NA	NO_EVALUABLE	-	NA	r3-T1
GCA_030551135.1	blaOXA-23	JARCSI010000061.1	1692	2510	NA	NO_EVALUABLE	-	NA	r3-T1
GCA_030551145.1	blaOXA-23	JARCSM010000069.1	1593	2411	NA	NO_EVALUABLE	-	NA	r3-T1,r3-T3
GCA_030551165.1	blaOXA-23	JARCSK010000065.1	1593	2411	NA	NO_EVALUABLE	-	NA	r3-T1
GCA_030551215.1	blaOXA-23	JARCSN010000066.1	1593	2411	NA	NO_EVALUABLE	-	NA	r3-T1,r3-T3
GCA_030551235.1	blaOXA-23	JARCSO010000074.1	1593	2411	NA	NO_EVALUABLE	-	NA	r3-T1,r3-T3
GCA_030755485.1	blaOXA-23	JAUEMZ010000002.1	47	865	NA	SIN_REP_EN_GENOMA	-	NA	-
GCA_030755775.1	blaNDM	JAUENO010000111.1	3	809	NA	NO_EVALUABLE	-	NA	r3-T14
GCA_030755775.1	blaOXA-23	JAUENO010000129.1	46	864	NA	NO_EVALUABLE	-	NA	r3-T14
GCA_030755855.1	blaOXA-23	JAUENR010000130.1	8048	8866	NA	NO_EVALUABLE	-	NA	r1-T2
GCA_030755855.1	blaNDM-1	JAUENR010000148.1	113	922	NA	NO_EVALUABLE	-	NA	r1-T2
GCA_030756075.1	blaOXA-23	JAUEOD010000092.1	14422	15240	NA	SIN_REP_EN_GENOMA	-	NA	-
GCA_030756135.1	blaOXA-23	JAUEOG010000070.1	62159	62977	NA	SIN_REP_EN_GENOMA	-	NA	-
GCA_030756395.1	blaOXA-23	JAUEOT010000159.1	6	824	NA	SIN_REP_EN_GENOMA	-	NA	-
GCA_030756425.1	blaNDM-1	JAUEOV010000030.1	7247	8056	NA	NO_EVALUABLE	-	NA	r1-T2
GCA_031100955.1	blaOXA-23	DAPFEG010000012.1	102566	103384	NA	NO_EVALUABLE	-	NA	r3-T14
GCA_031100955.1	blaOXA-23	DAPFEG010000070.1	68	886	NA	NO_EVALUABLE	-	NA	r3-T14
GCA_031100975.1	blaOXA-23	DAPFEH010000002.1	27	845	NA	NO_EVALUABLE	-	NA	r3-T1
GCA_031100975.1	blaOXA-23	DAPFEH010000052.1	68	886	NA	NO_EVALUABLE	-	NA	r3-T1
GCA_034296425.1	blaOXA-23	JAXKSF010000045.1	23409	24227	NA	NO_EVALUABLE	-	NA	r3-T14
GCA_034296455.1	blaOXA-23	JAXKQY010000050.1	162	980	NA	NO_EVALUABLE	-	NA	r3-T1
GCA_034296475.1	blaOXA-23	JAXKQU010000015.1	84785	85603	NA	SIN_REP_EN_GENOMA	-	NA	-
GCA_034296495.1	blaOXA-23	JAXKQW010000035.1	27682	28500	NA	NO_EVALUABLE	-	NA	r3-T3
GCA_034296515.1	blaOXA-23	JAXKRA010000050.1	162	980	NA	SIN_REP_EN_GENOMA	-	NA	-
GCA_034296535.1	blaOXA-23	JAXKRC010000027.1	155	973	NA	NO_EVALUABLE	-	NA	r3-T14
GCA_034296555.1	blaOXA-23	JAXKQZ010000050.1	162	980	NA	SIN_REP_EN_GENOMA	-	NA	-
GCA_034296575.1	blaOXA-23	JAXKRE010000045.1	154	972	NA	NO_EVALUABLE	-	NA	r3-T14
GCA_034296605.1	blaOXA-23	JAXKSE010000042.1	23500	24318	NA	NO_EVALUABLE	-	NA	r3-T14
GCA_034296615.1	blaOXA-23	JAXKSB010000037.1	27557	28375	NA	NO_EVALUABLE	-	NA	r3-T3,r3-T6
GCA_034296625.1	blaOXA-23	JAXKSC010000044.1	123	941	NA	NO_EVALUABLE	-	NA	r3-T14
GCA_034296675.1	blaOXA-23	JAXKQQ010000030.1	27684	28502	NA	NO_EVALUABLE	-	NA	r3-T14
GCA_034296695.1	blaOXA-23	JAXKRN010000013.1	107233	108051	NA	NO_EVALUABLE	-	NA	r3-T14
GCA_034296705.1	blaOXA-23	JAXKQS010000030.1	27683	28501	NA	NO_EVALUABLE	-	NA	r3-T14
GCA_034296735.1	blaOXA-23	JAXKQT010000014.1	107544	108362	NA	NO_EVALUABLE	-	NA	r3-T14
GCA_034296755.1	blaOXA-23	JAXKRQ010000030.1	27649	28467	NA	NO_EVALUABLE	-	NA	r3-T3
GCA_034296765.1	blaOXA-23	JAXKQR010000028.1	154	972	NA	NO_EVALUABLE	-	NA	r1-T22,r3-T14
GCA_034296795.1	blaOXA-23	JAXKRM010000044.1	155	973	NA	NO_EVALUABLE	-	NA	r3-T14
GCA_034296805.1	blaOXA-23	JAXKRV010000001.1	1732160	1732978	NA	NO_EVALUABLE	-	NA	r3-T14
GCA_034296825.1	blaOXA-23	JAXKRS010000036.1	336	1154	NA	NO_EVALUABLE	-	NA	r3-T3
GCA_034296835.1	blaOXA-23	JAXKRP010000049.1	137	955	NA	NO_EVALUABLE	-	NA	r3-T1
GCA_034296875.1	blaOXA-23	JAXKRR010000046.1	1710	2528	NA	NO_EVALUABLE	-	NA	r3-T1
GCA_034296895.1	blaOXA-23	JAXKRX010000058.1	35	853	NA	NO_EVALUABLE	-	NA	r3-T1
GCA_034296915.1	blaOXA-23	JAXKRU010000049.1	124	942	NA	NO_EVALUABLE	-	NA	r3-T1
GCA_034296925.1	blaOXA-23	JAXKRT010000016.1	124	942	NA	SIN_REP_EN_GENOMA	-	NA	-
GCA_034296945.1	blaOXA-23	JAXKRY010000018.1	124	942	NA	NO_EVALUABLE	-	NA	r3-T26,r3-T3
GCA_034296955.1	blaOXA-23	JAXKRW010000045.1	139	957	NA	NO_EVALUABLE	-	NA	r3-T1
GCA_034296995.1	blaOXA-23	JAXKRZ010000033.1	28	846	NA	NO_EVALUABLE	-	NA	r3-T14
GCA_034297015.1	blaOXA-23	JAXKQV010000051.1	162	980	NA	SIN_REP_EN_GENOMA	-	NA	-
GCA_034297035.1	blaOXA-23	JAXKSG010000044.1	124	942	NA	NO_EVALUABLE	-	NA	r3-T14
GCA_034297055.1	blaOXA-23	JAXKQX010000050.1	1720	2538	NA	NO_EVALUABLE	-	NA	r3-T1
GCA_034297075.1	blaOXA-23	JAXKSA010000032.1	348	1166	NA	NO_EVALUABLE	-	NA	r3-T14
GCA_034297095.1	blaOXA-23	JAXKRH010000045.1	23531	24349	NA	NO_EVALUABLE	-	NA	r3-T14
GCA_034297115.1	blaOXA-23	JAXKRD010000050.1	1720	2538	NA	SIN_REP_EN_GENOMA	-	NA	-
GCA_034297135.1	blaOXA-23	JAXKRB010000050.1	162	980	NA	SIN_REP_EN_GENOMA	-	NA	-
GCA_034297155.1	blaOXA-23	JAXKRF010000043.1	23531	24349	NA	NO_EVALUABLE	-	NA	r3-T14
GCA_034297175.1	blaOXA-23	JAXKRI010000044.1	23531	24349	NA	NO_EVALUABLE	-	NA	r3-T14
GCA_034297195.1	blaOXA-23	JAXKRG010000043.1	23531	24349	NA	NO_EVALUABLE	-	NA	r3-T14
GCA_034297215.1	blaOXA-23	JAXKRJ010000039.1	155	973	NA	NO_EVALUABLE	-	NA	r3-T6
GCA_034297235.1	blaOXA-23	JAXKRK010000045.1	154	972	NA	NO_EVALUABLE	-	NA	r3-T14
GCA_034297265.1	blaOXA-23	JAXKRL010000044.1	23531	24349	NA	NO_EVALUABLE	-	NA	r3-T14
GCA_034297275.1	blaOXA-23	JAXKRO010000042.1	5287	6105	NA	NO_EVALUABLE	-	NA	r3-T14
GCA_034931785.1	blaNDM-1	JAYGIW010000015.1	2121	2930	NA	NO_EVALUABLE	-	NA	r3-T1,r3-T15,rP-T1
GCA_034931785.1	blaOXA-23	JAYGIW010000044.1	55	873	NA	NO_EVALUABLE	-	NA	r3-T1,r3-T15,rP-T1
GCA_036533995.1	blaOXA-23	JATAYA010000045.1	153	971	NA	SIN_REP_EN_GENOMA	-	NA	-
GCA_037545705.1	blaOXA-72	JARBXH010000061.1	2709	3533	7999	COLOCALIZADO	r3-T18	472	r3-T18,r3-T28
GCA_037545745.1	blaOXA-72	JARBXI010000063.1	2709	3533	7999	COLOCALIZADO	r3-T18	472	r3-T18,r3-T28
GCA_037545755.1	blaOXA-72	JARBXJ010000061.1	2709	3533	7999	COLOCALIZADO	r3-T18	472	r3-T18,r3-T28
GCA_039677705.1	blaNDM-1	JBDJPI010000041.1	26658	27467	NA	NO_EVALUABLE	-	NA	r3-T15,r3-T61
GCA_039677705.1	blaOXA-58	JBDJPI010000041.1	103234	104073	NA	NO_EVALUABLE	-	NA	r3-T15,r3-T61
GCA_039677725.1	blaNDM-1	JBDJPJ010000056.1	26658	27467	NA	NO_EVALUABLE	-	NA	r3-T15,r3-T61
GCA_039677725.1	blaOXA-58	JBDJPJ010000056.1	103232	104071	NA	NO_EVALUABLE	-	NA	r3-T15,r3-T61
GCA_039677745.1	blaNDM	JBDJPL010000096.1	2	790	NA	NO_EVALUABLE	-	NA	r3-T13,r3-T3
GCA_039677745.1	blaOXA-58	JBDJPL010000123.1	167	1006	NA	NO_EVALUABLE	-	NA	r3-T13,r3-T3
GCA_039677765.1	blaNDM-1	JBDJPK010000039.1	26658	27467	NA	NO_EVALUABLE	-	NA	r3-T15,r3-T61
GCA_039677765.1	blaOXA-58	JBDJPK010000039.1	103232	104071	NA	NO_EVALUABLE	-	NA	r3-T15,r3-T61
GCA_040151215.1	blaIMP-1	JBEFKP010000043.1	765	1502	NA	NO_EVALUABLE	-	NA	r3-T3,r3-T55,r3-T6
GCA_040151215.1	blaOXA-58	JBEFKP010000058.1	31	870	NA	NO_EVALUABLE	-	NA	r3-T3,r3-T55,r3-T6
GCA_040223795.1	blaOXA-23	JBEHDS010000016.1	76863	77681	NA	NO_EVALUABLE	-	NA	r3-T1
GCA_040223815.1	blaOXA-23	JBEHDT010000053.1	102	920	NA	NO_EVALUABLE	-	NA	r3-T1
GCA_040239585.1	blaOXA-23	JBEIBT010000051.1	22355	23173	NA	NO_EVALUABLE	-	NA	r3-T1
GCA_041501475.1	blaNDM-1	CP167772.1	94	903	NA	NO_EVALUABLE	-	NA	r3-T5,r3-T7
GCA_041927285.1	blaNDM-1	CP169298.1	2311789	2312598	NA	SIN_REP_EN_GENOMA	-	NA	-
GCA_041927285.1	blaOXA-23	CP169298.1	3571536	3572354	NA	SIN_REP_EN_GENOMA	-	NA	-
GCA_042142835.1	blaOXA-23	CP169809.1	3440780	3441598	NA	SIN_REP_EN_GENOMA	-	NA	-
GCA_042153585.1	blaOXA-23	CP169872.1	571341	572159	NA	NO_EVALUABLE	-	NA	r3-T14
GCA_042862905.1	blaOXA-23	JAUTIK010000013.1	134190	135008	NA	SIN_REP_EN_GENOMA	-	NA	-
GCA_042862925.1	blaOXA-23	JAUTWT010000045.1	153	971	NA	SIN_REP_EN_GENOMA	-	NA	-
GCA_042862965.1	blaOXA-23	JAUTIL010000049.1	22839	23657	NA	SIN_REP_EN_GENOMA	-	NA	-
GCA_042863085.1	blaOXA-23	JAUTIM010000047.1	152	970	NA	SIN_REP_EN_GENOMA	-	NA	-
GCA_042938265.1	blaOXA-23	DAXTPX010000078.1	25	843	NA	NO_EVALUABLE	-	NA	r3-T1,r3-T13
GCA_042938265.1	blaOXA-23	DAXTPX010000115.1	66	884	NA	NO_EVALUABLE	-	NA	r3-T1,r3-T13
GCA_042939275.1	blaOXA-23	DAXTRV010000044.1	26	844	NA	NO_EVALUABLE	-	NA	r3-T1,rP-T1
GCA_042939275.1	blaOXA-23	DAXTRV010000141.1	67	885	NA	NO_EVALUABLE	-	NA	r3-T1,rP-T1
GCA_045066255.1	blaOXA-58	JBDGHC010000076.1	18	857	NA	NO_EVALUABLE	-	NA	r3-T14,r3-T32,r3-T36,r3-T68
GCA_048067285.1	blaOXA-23	CP179705.1	249230	250048	NA	NO_EVALUABLE	-	NA	r3-T1
GCA_048067285.1	blaOXA-23	CP179705.1	3804262	3805080	NA	NO_EVALUABLE	-	NA	r3-T1
GCA_048067295.1	blaOXA-23	CP179707.1	233966	234784	NA	NO_EVALUABLE	-	NA	r3-T1
GCA_048067295.1	blaOXA-23	CP179707.1	3732540	3733358	NA	NO_EVALUABLE	-	NA	r3-T1
GCA_048067305.1	blaOXA-23	CP179702.1	241156	241974	NA	NO_EVALUABLE	-	NA	r3-T1,r3-T15
GCA_048067305.1	blaOXA-23	CP179702.1	3857991	3858809	NA	NO_EVALUABLE	-	NA	r3-T1,r3-T15
GCA_048069565.1	blaOXA-23	CP179709.1	249231	250049	NA	NO_EVALUABLE	-	NA	r3-T1
GCA_048069565.1	blaOXA-23	CP179709.1	3797938	3798756	NA	NO_EVALUABLE	-	NA	r3-T1
GCA_048480215.1	blaOXA-23	CP179699.1	241156	241974	NA	NO_EVALUABLE	-	NA	r3-T1,r3-T15
GCA_048480215.1	blaOXA-23	CP179699.1	3858971	3859789	NA	NO_EVALUABLE	-	NA	r3-T1,r3-T15
GCA_049706335.1	blaOXA-23	JBMPIB010000028.1	27633	28451	NA	SIN_REP_EN_GENOMA	-	NA	-
GCA_050030175.1	blaOXA-23	CP179696.1	241155	241973	NA	NO_EVALUABLE	-	NA	r3-T1,r3-T15
GCA_050030175.1	blaOXA-23	CP179696.1	3858961	3859779	NA	NO_EVALUABLE	-	NA	r3-T1,r3-T15
GCA_050030185.1	blaOXA-23	CP179694.1	3508208	3509026	NA	NO_EVALUABLE	-	NA	r3-T14
GCA_050030675.1	blaOXA-23	CP179692.1	234011	234829	NA	NO_EVALUABLE	-	NA	r3-T1
GCA_050030675.1	blaOXA-23	CP179692.1	3755370	3756188	NA	NO_EVALUABLE	-	NA	r3-T1
GCA_050269755.1	blaOXA-23	CP189873.1	20071	20889	71980	COLOCALIZADO	rP-T1	11994	r3-T11,r3-T26,rP-T1
GCA_050896615.1	blaOXA-23	JBPBDI010000040.1	28	846	NA	NO_EVALUABLE	-	NA	r3-T13,rP-T1
GCA_050896775.1	blaOXA-58	JBPBDN010000097.1	18	857	NA	NO_EVALUABLE	-	NA	r3-T14,r3-T18
GCA_050896815.1	blaOXA-23	JBPBDR010000066.1	7957	8775	NA	NO_EVALUABLE	-	NA	r3-T13,r3-T80,rP-T1
GCA_050896855.1	blaOXA-23	JBPBDQ010000161.1	39	857	NA	NO_EVALUABLE	-	NA	r3-T13,rP-T1
GCA_050896895.1	blaOXA-58	JBPBDS010000118.1	31	870	NA	NO_EVALUABLE	-	NA	r3-T14,r3-T34
GCA_050897015.1	blaOXA-58	JBPBDV010000091.1	31	870	NA	NO_EVALUABLE	-	NA	r3-T14
GCA_050897035.1	blaOXA-58	JBPBDW010000068.1	18	857	NA	NO_EVALUABLE	-	NA	r3-T14,r3-T34
GCA_050897095.1	blaOXA-58	JBPBDF010000100.1	31	870	NA	NO_EVALUABLE	-	NA	r3-T14,r3-T159,r3-T18
GCA_050897215.1	blaOXA-23	JBPBDH010000043.1	28	846	NA	NO_EVALUABLE	-	NA	r3-T13,rP-T1
GCA_050897235.1	blaNDM-1	JBPBDE010000032.1	33777	34586	NA	NO_EVALUABLE	-	NA	r3-T2
GCA_050897275.1	blaOXA-23	JBPBDA010000048.1	10941	11759	NA	NO_EVALUABLE	-	NA	r3-T13,rP-T1
GCA_050897395.1	blaOXA-58	JBPBEC010000075.1	31	870	NA	NO_EVALUABLE	-	NA	r3-T14
GCA_050897475.1	blaOXA-23	JBPBED010000010.1	160	978	NA	NO_EVALUABLE	-	NA	r3-T13,r3-T14
GCA_050897555.1	blaOXA-23	JBPBEE010000013.1	72	890	NA	NO_EVALUABLE	-	NA	r3-T13,r3-T14
GCA_050897595.1	blaOXA-58	JBPBEH010000078.1	31	870	NA	NO_EVALUABLE	-	NA	r3-T14
GCA_050897675.1	blaOXA-23	JBPBEI010000070.1	10963	11781	NA	NO_EVALUABLE	-	NA	r3-T13,rP-T1
GCA_051169065.1	blaOXA-23	JBEQCV010000063.1	1613	2431	NA	NO_EVALUABLE	-	NA	r3-T1
GCA_051169085.1	blaOXA-23	JBEQCW010000063.1	54	872	NA	NO_EVALUABLE	-	NA	r3-T1
GCA_051169105.1	blaOXA-23	JBEQCX010000030.1	1613	2431	NA	NO_EVALUABLE	-	NA	r3-T1
GCA_051169125.1	blaOXA-23	JBEQCY010000060.1	1612	2430	NA	NO_EVALUABLE	-	NA	r3-T1
GCA_051169155.1	blaOXA-23	JBEQCZ010000056.1	1613	2431	NA	NO_EVALUABLE	-	NA	r3-T1
GCA_051169175.1	blaOXA-23	JBEQDA010000067.1	1613	2431	NA	NO_EVALUABLE	-	NA	r3-T1
GCA_051169195.1	blaOXA-23	JBEQDB010000064.1	1612	2430	NA	NO_EVALUABLE	-	NA	r3-T1
GCA_051169215.1	blaOXA-23	JBEQDC010000010.1	54	872	NA	NO_EVALUABLE	-	NA	r3-T1
GCA_051169235.1	blaOXA-23	JBEQDD010000067.1	54	872	NA	NO_EVALUABLE	-	NA	r3-T1
GCA_051169255.1	blaOXA-23	JBEQDE010000056.1	54	872	NA	NO_EVALUABLE	-	NA	r3-T1
GCA_051169275.1	blaOXA-23	JBEQDF010000060.1	1613	2431	NA	NO_EVALUABLE	-	NA	r3-T1
GCA_051169295.1	blaOXA-23	JBEQDG010000062.1	83	901	NA	NO_EVALUABLE	-	NA	r3-T1
GCA_051169315.1	blaOXA-23	JBEQDI010000079.1	55	873	NA	NO_EVALUABLE	-	NA	r3-T1
GCA_051169335.1	blaOXA-23	JBEQDH010000068.1	1613	2431	NA	NO_EVALUABLE	-	NA	r3-T1
GCA_051169355.1	blaOXA-23	JBEQDJ010000061.1	55	873	NA	NO_EVALUABLE	-	NA	r3-T1
GCA_051169375.1	blaOXA-23	JBEQDL010000048.1	1612	2430	NA	NO_EVALUABLE	-	NA	r3-T1
GCA_051169395.1	blaOXA-23	JBEQDK010000068.1	1613	2431	NA	NO_EVALUABLE	-	NA	r3-T1
GCA_051169415.1	blaOXA-23	JBEQDM010000060.1	55	873	NA	NO_EVALUABLE	-	NA	r3-T1
GCA_051169435.1	blaOXA-23	JBEQDO010000076.1	1613	2431	NA	NO_EVALUABLE	-	NA	r3-T1
GCA_051169445.1	blaOXA-23	JBEQDN010000061.1	55	873	NA	NO_EVALUABLE	-	NA	r3-T1
GCA_051169475.1	blaOXA-23	JBEQDP010000033.1	1612	2430	NA	NO_EVALUABLE	-	NA	r3-T1
GCA_051169495.1	blaOXA-23	JBEQDQ010000046.1	67	885	NA	NO_EVALUABLE	-	NA	r3-T1
GCA_051169515.1	blaOXA-23	JBEQDR010000038.1	1613	2431	NA	NO_EVALUABLE	-	NA	r3-T1
GCA_051169535.1	blaOXA-23	JBEQDS010000025.1	1612	2430	NA	NO_EVALUABLE	-	NA	r3-T1
GCA_051169555.1	blaOXA-23	JBEQDV010000057.1	54	872	NA	NO_EVALUABLE	-	NA	r3-T1
GCA_051169575.1	blaOXA-23	JBEQDT010000072.1	54	872	NA	NO_EVALUABLE	-	NA	r3-T1,rP-T1
GCA_051169595.1	blaOXA-23	JBEQDU010000067.1	54	872	NA	NO_EVALUABLE	-	NA	r3-T1
GCA_051169615.1	blaOXA-23	JBEQDY010000064.1	55	873	NA	NO_EVALUABLE	-	NA	r3-T1
GCA_051169635.1	blaOXA-23	JBEQDW010000052.1	54	872	NA	NO_EVALUABLE	-	NA	r3-T1
GCA_051169655.1	blaOXA-23	JBEQDX010000065.1	54	872	NA	NO_EVALUABLE	-	NA	r3-T1
GCA_051169675.1	blaOXA-23	JBEQDZ010000064.1	1613	2431	NA	NO_EVALUABLE	-	NA	r3-T1
GCA_051169695.1	blaOXA-23	JBEQEB010000055.1	1613	2431	NA	NO_EVALUABLE	-	NA	r3-T1
GCA_051169715.1	blaOXA-23	JBEQEA010000054.1	55	873	NA	NO_EVALUABLE	-	NA	r3-T1
GCA_051169745.1	blaOXA-23	JBEQEC010000046.1	53	871	NA	NO_EVALUABLE	-	NA	r3-T1
GCA_051169765.1	blaOXA-23	JBEQED010000026.1	1612	2430	NA	NO_EVALUABLE	-	NA	r3-T1
GCA_051169785.1	blaOXA-23	JBEQEE010000067.1	1613	2431	NA	NO_EVALUABLE	-	NA	r3-T1
GCA_051169805.1	blaOXA-23	JBEQEF010000061.1	1612	2430	NA	NO_EVALUABLE	-	NA	r3-T1
GCA_051169825.1	blaOXA-23	JBEQEG010000066.1	1613	2431	NA	NO_EVALUABLE	-	NA	r3-T1,rP-T1
GCA_051169845.1	blaOXA-23	JBEQEH010000053.1	67	885	NA	NO_EVALUABLE	-	NA	r3-T1
GCA_051169865.1	blaOXA-23	JBEQEI010000066.1	1613	2431	NA	NO_EVALUABLE	-	NA	r3-T1
GCA_051169885.1	blaOXA-23	JBEQEJ010000061.1	1613	2431	NA	NO_EVALUABLE	-	NA	r3-T1
GCA_051169905.1	blaOXA-23	JBEQEK010000065.1	1613	2431	NA	NO_EVALUABLE	-	NA	r3-T1
GCA_051169925.1	blaOXA-23	JBEQEL010000070.1	1612	2430	NA	NO_EVALUABLE	-	NA	r3-T1
GCA_051169945.1	blaOXA-23	JBEQEN010000051.1	1613	2431	NA	NO_EVALUABLE	-	NA	r3-T1
GCA_051169965.1	blaOXA-23	JBEQEM010000065.1	55	873	NA	NO_EVALUABLE	-	NA	r3-T1
GCA_051169985.1	blaOXA-23	JBEQEO010000072.1	67	885	NA	NO_EVALUABLE	-	NA	r3-T1
GCA_051170005.1	blaOXA-23	JBEQEQ010000055.1	1613	2431	NA	NO_EVALUABLE	-	NA	r3-T1,rP-T1
GCA_051170025.1	blaOXA-23	JBEQEP010000066.1	1613	2431	NA	NO_EVALUABLE	-	NA	r3-T1
GCA_051170045.1	blaOXA-23	JBEQES010000050.1	54	872	NA	NO_EVALUABLE	-	NA	r3-T1,rP-T1
GCA_051170065.1	blaOXA-23	JBEQET010000062.1	54	872	NA	NO_EVALUABLE	-	NA	r3-T1
GCA_051170085.1	blaOXA-23	JBEQER010000054.1	54	872	NA	NO_EVALUABLE	-	NA	r3-T1
GCA_051170105.1	blaOXA-23	JBEQEU010000072.1	54	872	NA	NO_EVALUABLE	-	NA	r3-T1
GCA_051170125.1	blaOXA-23	JBEQEV010000064.1	1612	2430	NA	NO_EVALUABLE	-	NA	r3-T1
GCA_051170145.1	blaOXA-23	JBEQEW010000062.1	1613	2431	NA	NO_EVALUABLE	-	NA	r3-T1
GCA_051170165.1	blaOXA-23	JBEQEZ010000047.1	55	873	NA	NO_EVALUABLE	-	NA	r3-T1
GCA_051170185.1	blaOXA-23	JBEQEX010000061.1	55	873	NA	NO_EVALUABLE	-	NA	r3-T1
GCA_051170205.1	blaOXA-23	JBEQEY010000073.1	1613	2431	NA	NO_EVALUABLE	-	NA	r3-T1
GCA_051170225.1	blaOXA-23	JBEQFA010000069.1	55	873	NA	NO_EVALUABLE	-	NA	r3-T1
GCA_051170245.1	blaOXA-23	JBEQFB010000075.1	55	873	NA	NO_EVALUABLE	-	NA	r3-T1
GCA_051170265.1	blaOXA-23	JBEQFC010000031.1	1626	2444	NA	NO_EVALUABLE	-	NA	r3-T1,rP-T1
GCA_051170285.1	blaOXA-23	JBEQFE010000037.1	54	872	NA	NO_EVALUABLE	-	NA	r3-T1
GCA_051170305.1	blaOXA-23	JBEQFD010000047.1	55	873	NA	NO_EVALUABLE	-	NA	r3-T1
GCA_051170325.1	blaOXA-23	JBEQFF010000061.1	1668	2486	NA	NO_EVALUABLE	-	NA	r3-T1,r3-T15
GCA_051170345.1	blaOXA-23	JBEQFG010000025.1	1613	2431	NA	NO_EVALUABLE	-	NA	r3-T1
GCA_051170365.1	blaOXA-23	JBEQFH010000051.1	55	873	NA	NO_EVALUABLE	-	NA	r3-T1
GCA_051170385.1	blaOXA-23	JBEQFI010000017.1	1626	2444	NA	NO_EVALUABLE	-	NA	r3-T1
GCA_051170405.1	blaOXA-23	JBEQFL010000069.1	55	873	NA	NO_EVALUABLE	-	NA	r3-T1,r3-T15
GCA_051170425.1	blaOXA-23	JBEQFJ010000056.1	55	873	NA	NO_EVALUABLE	-	NA	r3-T1
GCA_051170445.1	blaOXA-23	JBEQFK010000062.1	1613	2431	NA	NO_EVALUABLE	-	NA	r3-T1
GCA_051170465.1	blaOXA-23	JBEQFM010000059.1	1613	2431	NA	NO_EVALUABLE	-	NA	r3-T1,r3-T15
GCA_051170485.1	blaOXA-23	JBEQFN010000068.1	55	873	NA	NO_EVALUABLE	-	NA	r3-T1,r3-T15
GCA_051170505.1	blaOXA-23	JBEQFO010000033.1	54	872	NA	NO_EVALUABLE	-	NA	r3-T1
GCA_051170525.1	blaOXA-23	JBEQFP010000055.1	1613	2431	NA	NO_EVALUABLE	-	NA	r3-T1
GCA_051170545.1	blaOXA-23	JBEQFQ010000024.1	1613	2431	NA	NO_EVALUABLE	-	NA	r3-T1,r3-T15
GCA_051170565.1	blaOXA-23	JBEQFR010000059.1	68	886	NA	NO_EVALUABLE	-	NA	r3-T1,r3-T15
GCA_051170585.1	blaOXA-23	JBEQFS010000042.1	55	873	NA	NO_EVALUABLE	-	NA	r3-T1,r3-T15
GCA_051170605.1	blaOXA-23	JBEQFT010000056.1	55	873	NA	NO_EVALUABLE	-	NA	r3-T1
GCA_051170625.1	blaOXA-23	JBEQFU010000061.1	55	873	NA	NO_EVALUABLE	-	NA	r3-T1
GCA_051170645.1	blaOXA-23	JBEQFV010000070.1	55	873	NA	NO_EVALUABLE	-	NA	r3-T1
GCA_051170665.1	blaOXA-23	JBEQFW010000069.1	1613	2431	NA	NO_EVALUABLE	-	NA	r3-T1
GCA_051170685.1	blaOXA-23	JBEQFX010000055.1	1613	2431	NA	NO_EVALUABLE	-	NA	r3-T1
GCA_051170705.1	blaOXA-23	JBEQFY010000069.1	55	873	NA	NO_EVALUABLE	-	NA	r3-T1
GCA_051170725.1	blaOXA-23	JBEQFZ010000068.1	1613	2431	NA	NO_EVALUABLE	-	NA	r3-T1
GCA_051170745.1	blaOXA-23	JBEQGA010000070.1	1612	2430	NA	NO_EVALUABLE	-	NA	r3-T1
GCA_051170765.1	blaOXA-23	JBEQGB010000072.1	54	872	NA	NO_EVALUABLE	-	NA	r3-T1
GCA_051170785.1	blaOXA-23	JBEQGC010000055.1	54	872	NA	NO_EVALUABLE	-	NA	r3-T1,rP-T1
GCA_051170805.1	blaOXA-23	JBEQGD010000062.1	1613	2431	NA	NO_EVALUABLE	-	NA	r3-T1
GCA_051170825.1	blaOXA-23	JBEQGF010000018.1	1612	2430	NA	NO_EVALUABLE	-	NA	r3-T1
GCA_051170845.1	blaOXA-23	JBEQGE010000061.1	55	873	NA	NO_EVALUABLE	-	NA	r3-T1
GCA_051842185.1	blaOXA-23	JBNFQE010000115.1	82	900	NA	NO_EVALUABLE	-	NA	r3-T1
GCA_051842205.1	blaOXA-23	JBNFQD010000024.1	63314	64132	NA	NO_EVALUABLE	-	NA	r3-T1,rP-T1
GCA_051842225.1	blaOXA-23	JBNFQB010000048.1	35	853	NA	NO_EVALUABLE	-	NA	r3-T1,r3-T15,rP-T1
GCA_051842245.1	blaOXA-23	JBNFQC010000058.1	1593	2411	NA	NO_EVALUABLE	-	NA	r3-T1,r3-T15
GCA_051842265.1	blaNDM-1	JBNFQA010000052.1	2156	2965	NA	NO_EVALUABLE	-	NA	r3-T1,r3-T15,rP-T1
GCA_051842265.1	blaOXA-23	JBNFQA010000061.1	35	853	NA	NO_EVALUABLE	-	NA	r3-T1,r3-T15,rP-T1
GCA_051842285.1	blaNDM-1	JBNFPY010000053.1	1979	2788	NA	NO_EVALUABLE	-	NA	r3-T1,r3-T15,rP-T1
GCA_051842285.1	blaOXA-23	JBNFPY010000061.1	1593	2411	NA	NO_EVALUABLE	-	NA	r3-T1,r3-T15,rP-T1
GCA_051842305.1	blaNDM-1	JBNFPZ010000050.1	1979	2788	NA	NO_EVALUABLE	-	NA	r3-T1,r3-T15,rP-T1
GCA_051842305.1	blaOXA-23	JBNFPZ010000060.1	1593	2411	NA	NO_EVALUABLE	-	NA	r3-T1,r3-T15,rP-T1
GCA_051941745.1	blaOXA-72	JBEUKO010000148.1	715	1539	7978	COLOCALIZADO	r3-T18	472	r3-T18,r3-T28
GCA_051942065.1	blaOXA-72	JBFECW010000069.1	7150	7974	8111	COLOCALIZADO	r3-T18	5604	r3-T18,r3-T28,r3-T3
GCA_052115825.1	blaOXA-23	JBFSHN010000015.1	86236	87054	NA	NO_EVALUABLE	-	NA	r3-T1
GCA_052371295.1	blaOXA-23	JBQRVE010000033.1	140	958	NA	NO_EVALUABLE	-	NA	r1-T2
GCA_052371295.1	blaNDM-1	JBQRVE010000051.1	7023	7832	NA	NO_EVALUABLE	-	NA	r1-T2
GCA_052371315.1	blaOXA-23	JBQRVF010000033.1	35655	36473	NA	NO_EVALUABLE	-	NA	r1-T2
GCA_052371315.1	blaNDM-1	JBQRVF010000048.1	7023	7832	NA	NO_EVALUABLE	-	NA	r1-T2
GCA_052371335.1	blaOXA-23	JBQRVG010000057.1	4883	5701	NA	NO_EVALUABLE	-	NA	r3-T14
GCA_052371355.1	blaOXA-23	JBQRVH010000041.1	25739	26557	NA	NO_EVALUABLE	-	NA	r3-T14
GCA_052371375.1	blaOXA-23	JBQRVI010000042.1	28	846	NA	NO_EVALUABLE	-	NA	r3-T14
GCA_052371395.1	blaOXA-23	JBQRVJ010000047.1	28	846	NA	NO_EVALUABLE	-	NA	r3-T14
GCA_052371415.1	blaOXA-23	JBQRVK010000027.1	43314	44132	NA	NO_EVALUABLE	-	NA	r3-T14
GCA_052371435.1	blaOXA-23	JBQRVL010000028.1	43315	44133	NA	NO_EVALUABLE	-	NA	r3-T14
GCA_052371455.1	blaOXA-23	JBQRVM010000029.1	28	846	NA	NO_EVALUABLE	-	NA	r3-T14
GCA_052371475.1	blaOXA-23	JBQRVN010000028.1	28	846	NA	NO_EVALUABLE	-	NA	r3-T14
GCA_052371495.1	blaOXA-23	JBQRVO010000061.1	35	853	NA	NO_EVALUABLE	-	NA	r3-T1
GCA_052371515.1	blaOXA-23	JBQRVP010000061.1	1581	2399	NA	NO_EVALUABLE	-	NA	r3-T1
GCA_052371535.1	blaOXA-23	JBQRVQ010000066.1	35	853	NA	NO_EVALUABLE	-	NA	r3-T1
GCA_052371555.1	blaOXA-23	JBQRVR010000062.1	35	853	NA	NO_EVALUABLE	-	NA	r3-T1
GCA_052371575.1	blaOXA-23	JBQRVS010000061.1	1581	2399	NA	NO_EVALUABLE	-	NA	r3-T1
GCA_052371595.1	blaOXA-23	JBQRVT010000062.1	35	853	NA	NO_EVALUABLE	-	NA	r3-T1
GCA_052371615.1	blaOXA-23	JBQRVU010000061.1	1581	2399	NA	NO_EVALUABLE	-	NA	r3-T1
GCA_052371635.1	blaOXA-23	JBQRVV010000062.1	1581	2399	NA	NO_EVALUABLE	-	NA	r3-T1
GCA_052371655.1	blaOXA-23	JBQRVX010000065.1	35	853	NA	NO_EVALUABLE	-	NA	r3-T1
GCA_052371675.1	blaOXA-23	JBQRVW010000061.1	35	853	NA	NO_EVALUABLE	-	NA	r3-T1
GCA_052371695.1	blaOXA-23	JBQRVY010000065.1	35	853	NA	NO_EVALUABLE	-	NA	r3-T1
GCA_052371715.1	blaOXA-23	JBQRWA010000064.1	1593	2411	NA	NO_EVALUABLE	-	NA	r3-T1
GCA_052371735.1	blaOXA-23	JBQRVZ010000064.1	35	853	NA	NO_EVALUABLE	-	NA	r3-T1
GCA_052371755.1	blaOXA-23	JBQRWB010000064.1	35	853	NA	NO_EVALUABLE	-	NA	r3-T1
GCA_052371775.1	blaOXA-23	JBQRWC010000062.1	1593	2411	NA	NO_EVALUABLE	-	NA	r3-T1
GCA_052371795.1	blaOXA-23	JBQRWD010000065.1	1593	2411	NA	NO_EVALUABLE	-	NA	r3-T1
GCA_052492475.1	blaNDM-1	JBQVWU010000048.1	1944	2753	NA	NO_EVALUABLE	-	NA	r3-T1
GCA_052492475.1	blaOXA-23	JBQVWU010000055.1	146	964	NA	NO_EVALUABLE	-	NA	r3-T1
GCA_052492495.1	blaOXA-23	JBQVWK010000044.1	1612	2430	NA	NO_EVALUABLE	-	NA	r3-T1
GCA_052492515.1	blaNDM-1	JBQVWI010000028.1	3655	4464	NA	NO_EVALUABLE	-	NA	r3-T1
GCA_052492515.1	blaOXA-23	JBQVWI010000040.1	1726	2544	NA	NO_EVALUABLE	-	NA	r3-T1
GCA_052492535.1	blaNDM-1	JBQVWH010000049.1	1943	2752	NA	NO_EVALUABLE	-	NA	r3-T1
GCA_052492535.1	blaOXA-23	JBQVWH010000057.1	1612	2430	NA	NO_EVALUABLE	-	NA	r3-T1
GCA_052492555.1	blaOXA-23	JBQVWR010000050.1	217	1035	NA	NO_EVALUABLE	-	NA	r3-T1
GCA_052492555.1	blaNDM-1	JBQVWR010000052.1	1944	2753	NA	NO_EVALUABLE	-	NA	r3-T1
GCA_052492575.1	blaOXA-23	JBQVWJ010000018.1	171	989	NA	NO_EVALUABLE	-	NA	r3-T1
GCA_052492575.1	blaNDM-1	JBQVWJ010000047.1	1945	2754	NA	NO_EVALUABLE	-	NA	r3-T1
GCA_052492595.1	blaNDM-1	JBQVWP010000017.1	1944	2753	NA	NO_EVALUABLE	-	NA	r3-T1
GCA_052492595.1	blaOXA-23	JBQVWP010000021.1	1725	2543	NA	NO_EVALUABLE	-	NA	r3-T1
GCA_052492615.1	blaNDM-1	JBQVWQ010000031.1	1944	2753	NA	NO_EVALUABLE	-	NA	r3-T1
GCA_052492615.1	blaOXA-23	JBQVWQ010000051.1	55	873	NA	NO_EVALUABLE	-	NA	r3-T1
GCA_052492635.1	blaNDM-1	JBQVWL010000018.1	6851	7660	NA	NO_EVALUABLE	-	NA	r3-T1
GCA_052492635.1	blaOXA-23	JBQVWL010000052.1	1614	2432	NA	NO_EVALUABLE	-	NA	r3-T1
GCA_052492675.1	blaOXA-23	JBQVWS010000044.1	146	964	NA	SIN_REP_EN_GENOMA	-	NA	-
GCA_052492675.1	blaNDM-1	JBQVWS010000058.1	1945	2754	NA	SIN_REP_EN_GENOMA	-	NA	-
GCA_052492695.1	blaOXA-23	JBQVWY010000036.1	56	874	NA	SIN_REP_EN_GENOMA	-	NA	-
GCA_052492715.1	blaOXA-23	JBQVWV010000048.1	146	964	NA	NO_EVALUABLE	-	NA	r3-T1
GCA_052492715.1	blaNDM-1	JBQVWV010000057.1	3655	4464	NA	NO_EVALUABLE	-	NA	r3-T1
GCA_052492735.1	blaOXA-23	JBQVWW010000050.1	1614	2432	NA	NO_EVALUABLE	-	NA	r3-T1
GCA_052492735.1	blaNDM-1	JBQVWW010000061.1	3655	4464	NA	NO_EVALUABLE	-	NA	r3-T1
GCA_052492755.1	blaOXA-23	JBQVWO010000023.1	1613	2431	NA	NO_EVALUABLE	-	NA	r3-T1
GCA_052492755.1	blaNDM-1	JBQVWO010000024.1	1944	2753	NA	NO_EVALUABLE	-	NA	r3-T1
GCA_052492775.1	blaOXA-23	JBQVWX010000048.1	304	1122	NA	NO_EVALUABLE	-	NA	r3-T1
GCA_052492775.1	blaNDM-1	JBQVWX010000050.1	1945	2754	NA	NO_EVALUABLE	-	NA	r3-T1
GCA_052492795.1	blaNDM-1	JBQVWZ010000020.1	3655	4464	NA	NO_EVALUABLE	-	NA	r3-T1
GCA_052492795.1	blaOXA-23	JBQVWZ010000044.1	7	825	NA	NO_EVALUABLE	-	NA	r3-T1
GCA_052492815.1	blaNDM-1	JBQVWM010000024.1	1944	2753	NA	SIN_REP_EN_GENOMA	-	NA	-
GCA_052492815.1	blaOXA-23	JBQVWM010000056.1	184	1002	NA	SIN_REP_EN_GENOMA	-	NA	-
GCA_052492835.1	blaNDM-1	JBQVWT010000025.1	3654	4463	NA	NO_EVALUABLE	-	NA	r3-T1
GCA_052492835.1	blaOXA-23	JBQVWT010000045.1	1613	2431	NA	NO_EVALUABLE	-	NA	r3-T1
GCA_052492855.1	blaOXA-23	JBQVWN010000030.1	7	825	NA	NO_EVALUABLE	-	NA	r3-T1
GCA_052492855.1	blaNDM-1	JBQVWN010000052.1	3655	4464	NA	NO_EVALUABLE	-	NA	r3-T1
GCA_052545275.1	blaOXA-23	JBQWLJ010000035.1	1726	2544	NA	NO_EVALUABLE	-	NA	r3-T1
GCA_052545275.1	blaNDM-1	JBQWLJ010000043.1	3655	4464	NA	NO_EVALUABLE	-	NA	r3-T1
GCA_053309335.1	blaOXA-23	JBRYIW010000001.1	1959537	1960355	NA	NO_EVALUABLE	-	NA	r3-T13,r3-T14,r3-T3
GCA_053320195.1	blaOXA-72	JBROGE010000052.1	256	1080	7850	COLOCALIZADO	r3-T18	5604	r3-T18,r3-T28,r3-T3
GCA_053320235.1	blaOXA-72	JBROGF010000064.1	6173	6997	NA	NO_EVALUABLE	-	NA	r3-T3
GCA_053320255.1	blaOXA-23	JBROGG010000019.1	83990	84808	NA	NO_EVALUABLE	-	NA	r3-T1,r3-T15,r3-T18
GCA_053320275.1	blaOXA-72	JBROGH010000043.1	5979	6803	NA	NO_EVALUABLE	-	NA	r3-T3
GCA_053320295.1	blaOXA-72	JBROGI010000056.1	1573	2397	7850	COLOCALIZADO	r3-T18	472	r3-T18,r3-T28,r3-T3
GCA_053320315.1	blaOXA-72	JBROGJ010000074.1	1555	2379	7851	COLOCALIZADO	r3-T18	472	r3-T18
GCA_053320335.1	blaOXA-72	JBROGK010000049.1	5652	6476	7851	COLOCALIZADO	r3-T18	472	r3-T18,r3-T28,r3-T3
GCA_053320355.1	blaOXA-72	JBROGL010000053.1	1366	2190	7851	COLOCALIZADO	r3-T18	472	r3-T18,r3-T28,r3-T3
GCA_053320375.1	blaOXA-72	JBROGM010000061.1	5249	6073	7851	COLOCALIZADO	r3-T18	472	r3-T18,r3-T28,r3-T3
GCA_053320415.1	blaOXA-72	JBROGO010000059.1	3193	4017	7851	COLOCALIZADO	r3-T18	472	r3-T18,r3-T3
GCA_053320435.1	blaOXA-23	JBROGP010000011.1	104	922	NA	NO_EVALUABLE	-	NA	r3-T14
GCA_053320455.1	blaOXA-72	JBROGQ010000065.1	681	1505	NA	NO_EVALUABLE	-	NA	r3-T28,r3-T3
GCA_053373795.1	blaOXA-23	JBRZLD010000020.1	103	921	NA	NO_EVALUABLE	-	NA	r3-T1,r3-T15,r3-T18
GCA_053373815.1	blaOXA-23	JBRZLE010000012.1	115968	116786	NA	NO_EVALUABLE	-	NA	r3-T14
GCA_053373835.1	blaOXA-23	JBRZLF010000012.1	104	922	NA	NO_EVALUABLE	-	NA	r3-T14
GCA_053819165.1	blaOXA-23	CM132594.1	3441918	3442736	NA	SIN_REP_EN_GENOMA	-	NA	-
GCA_053819305.1	blaOXA-23	CM132595.1	3147166	3147984	NA	SIN_REP_EN_GENOMA	-	NA	-
GCA_053819325.1	blaOXA-23	CM132596.1	3454732	3455550	NA	SIN_REP_EN_GENOMA	-	NA	-
GCA_053819345.1	blaOXA-23	CM132597.1	1396212	1397030	NA	NO_EVALUABLE	-	NA	rP-T1
GCA_055403185.1	blaOXA-23	JBUZER010000053.1	46	864	NA	NO_EVALUABLE	-	NA	r3-T14
GCA_055403225.1	blaOXA-23	JBUZEQ010000011.1	768	1586	NA	NO_EVALUABLE	-	NA	r3-T14
GCA_055403245.1	blaOXA-23	JBUZEO010000024.1	84	902	NA	NO_EVALUABLE	-	NA	r3-T1
GCA_055403305.1	blaOXA-23	JBUZEN010000043.1	1742	2560	NA	NO_EVALUABLE	-	NA	r3-T1
GCA_055403405.1	blaOXA-23	JBUZEL010000053.1	56	874	NA	NO_EVALUABLE	-	NA	r3-T1
GCA_055403465.1	blaOXA-23	JBUZEK010000043.1	768	1586	NA	NO_EVALUABLE	-	NA	r3-T14
GCA_055403485.1	blaOXA-23	JBUZEJ010000058.1	46	864	NA	NO_EVALUABLE	-	NA	r3-T14
GCA_055403505.1	blaOXA-23	JBUZEH010000054.1	46	864	NA	NO_EVALUABLE	-	NA	r3-T14
GCA_055403515.1	blaOXA-23	JBUZEI010000075.1	768	1586	NA	NO_EVALUABLE	-	NA	r3-T14
GCA_055403605.1	blaOXA-23	JBUZEE010000002.1	6284	7102	NA	NO_EVALUABLE	-	NA	r1-T24,r3-T1,rP-T1
GCA_055403625.1	blaOXA-23	JBUZED010000073.1	768	1586	NA	NO_EVALUABLE	-	NA	r3-T14
GCA_055403715.1	blaOXA-23	JBUZDZ010000003.1	46	864	NA	NO_EVALUABLE	-	NA	r3-T14
GCA_055404845.1	blaOXA-23	JBUZBU010000009.1	47	865	NA	NO_EVALUABLE	-	NA	r3-T1,rP-T1
GCA_055405425.1	blaOXA-23	JBUZAR010000043.1	1613	2431	NA	NO_EVALUABLE	-	NA	r3-T1
GCA_055405505.1	blaOXA-23	JBUZAN010000042.1	1677	2495	NA	NO_EVALUABLE	-	NA	r3-T1
GCA_055405585.1	blaOXA-23	JBUZAK010000030.1	46	864	NA	NO_EVALUABLE	-	NA	r3-T14
GCA_055405785.1	blaOXA-23	JBUYZZ010000078.1	48	866	NA	NO_EVALUABLE	-	NA	r3-T1,r3-T67
GCA_055405925.1	blaOXA-23	JBUYZS010000003.1	46	864	NA	NO_EVALUABLE	-	NA	r3-T14
GCA_055521135.1	blaOXA-23	CM145462.1	28	846	NA	NO_EVALUABLE	-	NA	r3-T13,r3-T15,r3-T3
GCA_055521155.1	blaOXA-23	JBUCUQ010000105.1	28	846	NA	NO_EVALUABLE	-	NA	r3-T13,r3-T14,r3-T3
GCA_055521185.1	blaOXA-23	JBUCUS010000075.1	35	853	NA	NO_EVALUABLE	-	NA	r3-T1
GCA_055521205.1	blaOXA-23	JBUCUR010000092.1	35	853	NA	NO_EVALUABLE	-	NA	r3-T1
GCA_055521235.1	blaOXA-23	JBUCUT010000020.1	28	846	NA	NO_EVALUABLE	-	NA	r3-T13,r3-T15,r3-T3
GCA_055521255.1	blaOXA-23	JBUCUU010000076.1	28	846	NA	NO_EVALUABLE	-	NA	rP-T1
GCA_055521315.1	blaOXA-23	JBUCUX010000085.1	1593	2411	NA	NO_EVALUABLE	-	NA	r3-T1
GCA_055521335.1	blaOXA-23	JBUCUY010000099.1	28	846	NA	NO_EVALUABLE	-	NA	r3-T1,r3-T15,rP-T1
GCA_055521355.1	blaOXA-23	JBUCUZ010000090.1	35	853	NA	NO_EVALUABLE	-	NA	r3-T1,rP-T1
GCA_055521375.1	blaOXA-23	JBUCVA010000074.1	1593	2411	NA	NO_EVALUABLE	-	NA	r3-T1
GCA_055521395.1	blaOXA-23	JBUCVB010000113.1	768	1586	NA	NO_EVALUABLE	-	NA	rP-T1
GCA_055521415.1	blaOXA-23	JBUCVC010000113.1	5925	6743	NA	NO_EVALUABLE	-	NA	r3-T14
GCA_055521435.1	blaOXA-23	JBUCVD010000085.1	1593	2411	NA	NO_EVALUABLE	-	NA	r3-T1
GCA_056712505.1	blaOXA-72	JBWYHL010000003.1	9448	10272	16131	COLOCALIZADO	r3-T10	8554	r3-T10,r3-T13
GCA_057186615.1	blaOXA-58	DBNLSN010000047.1	15399	16238	16254	COLOCALIZADO	r3-T14	7769	r3-T14
GCA_057186615.1	blaOXA-58	DBNLSN010000078.1	58	897	NA	NO_EVALUABLE	-	NA	r3-T14
GCA_057205515.1	blaOXA-58	DBNLZD010000047.1	15386	16225	16254	COLOCALIZADO	r3-T14	7756	r3-T14
GCA_057205515.1	blaOXA-58	DBNLZD010000073.1	58	897	NA	NO_EVALUABLE	-	NA	r3-T14
GCA_058313035.1	blaOXA-23	JBZEMM010000059.1	28	846	NA	NO_EVALUABLE	-	NA	r3-T14
GCA_058313035.1	blaNDM	JBZEMM010000068.1	2	790	NA	NO_EVALUABLE	-	NA	r3-T14
GCA_058666895.1	blaOXA-407	JBZWER010000002.1	155064	155885	NA	NO_EVALUABLE	-	NA	r3-T43,rP-T1
GCA_058666895.1	blaOXA-23	JBZWER010000039.1	28	846	NA	NO_EVALUABLE	-	NA	r3-T43,rP-T1
GCA_058666915.1	blaOXA-23	JBZWEQ010000057.1	14574	15392	NA	NO_EVALUABLE	-	NA	r3-T14
GCA_058666915.1	blaNDM	JBZWEQ010000063.1	2	790	NA	NO_EVALUABLE	-	NA	r3-T14
GCA_058666955.1	blaOXA-23	JBZWES010000159.1	43	861	NA	NO_EVALUABLE	-	NA	r3-T1,r3-T3
GCA_058666975.1	blaOXA-23	JBZWET010000079.1	1593	2411	NA	NO_EVALUABLE	-	NA	r3-T1,r3-T3
GCA_058667035.1	blaOXA-23	JBZWEU010000067.1	35	853	NA	NO_EVALUABLE	-	NA	r3-T1
GCA_058667075.1	blaOXA-23	JBZWEW010000016.1	28	846	NA	NO_EVALUABLE	-	NA	r3-T1,rP-T1
GCA_058667095.1	blaOXA-23	JBZWEV010000102.1	768	1586	NA	NO_EVALUABLE	-	NA	r3-T13,r3-T14,r3-T3
GCA_058667155.1	blaOXA-407	JBZWEX010000003.1	155064	155885	NA	NO_EVALUABLE	-	NA	r3-T43,rP-T1
GCA_058667155.1	blaOXA-23	JBZWEX010000042.1	28	846	NA	NO_EVALUABLE	-	NA	r3-T43,rP-T1
GCA_058667175.1	blaOXA-23	JBZWEY010000076.1	79	897	NA	NO_EVALUABLE	-	NA	r3-T1,r3-T15
GCA_058667195.1	blaOXA-23	JBZWEZ010000059.1	11955	12773	NA	NO_EVALUABLE	-	NA	r3-T14,r3-T3
GCA_058672075.1	blaOXA-23	JBZWFA010000075.1	11955	12773	NA	NO_EVALUABLE	-	NA	r3-T14,r3-T3,rP-T1
GCA_058672095.1	blaOXA-23	JBZWFB010000078.1	10108	10926	NA	NO_EVALUABLE	-	NA	r3-T1,rP-T1
GCA_058672115.1	blaOXA-23	JBZWFC010000008.1	99512	100330	NA	NO_EVALUABLE	-	NA	r3-T1,rP-T1
GCA_058672145.1	blaOXA-23	JBZWFD010000091.1	28	846	NA	NO_EVALUABLE	-	NA	r3-T14,r3-T3,rP-T1
GCA_058672235.1	blaOXA-23	JBZWFE010000071.1	28	846	NA	NO_EVALUABLE	-	NA	r3-T14
GCA_058672295.1	blaOXA-23	JBZWFG010000133.1	1593	2411	NA	NO_EVALUABLE	-	NA	r3-T1
GCA_058672335.1	blaOXA-23	JBZWFH010000089.1	28	846	NA	NO_EVALUABLE	-	NA	rP-T1
GCA_058672355.1	blaOXA-407	JBZWFI010000001.1	66973	67794	NA	NO_EVALUABLE	-	NA	r3-T3,r3-T43,rP-T1
GCA_058672355.1	blaOXA-23	JBZWFI010000006.1	82795	83613	NA	NO_EVALUABLE	-	NA	r3-T3,r3-T43,rP-T1
GCA_058672415.1	blaOXA-23	JBZWFK010000092.1	1705	2523	NA	NO_EVALUABLE	-	NA	r3-T1,r3-T15,r3-T3
GCA_058672435.1	blaOXA-23	JBZWFL010000092.1	35	853	NA	NO_EVALUABLE	-	NA	r3-T1
GCA_058672455.1	blaOXA-23	JBZWFJ010000011.1	99460	100278	NA	NO_EVALUABLE	-	NA	r3-T1,rP-T1
GCA_058672535.1	blaOXA-23	JBZWFM010000141.1	1593	2411	NA	NO_EVALUABLE	-	NA	r3-T1,r3-T15,r3-T3
GCA_058672555.1	blaOXA-23	JBZWFO010000124.1	27	845	NA	NO_EVALUABLE	-	NA	r3-T1,rP-T1
GCA_058672575.1	blaOXA-23	JBZWFN010000130.1	768	1586	NA	NO_EVALUABLE	-	NA	r3-T1,rP-T1
GCA_058672635.1	blaOXA-23	JBZWFQ010000093.1	35	853	NA	NO_EVALUABLE	-	NA	r3-T1
GCA_058672675.1	blaOXA-407	JBZWFR010000004.1	163112	163933	NA	NO_EVALUABLE	-	NA	r3-T14,rP-T1
GCA_058672675.1	blaOXA-23	JBZWFR010000061.1	6681	7499	NA	NO_EVALUABLE	-	NA	r3-T14,rP-T1
GCA_058672695.1	blaOXA-23	JBZWFP010000069.1	1593	2411	NA	NO_EVALUABLE	-	NA	r3-T1
GCA_058672735.1	blaOXA-23	JBZWFS010000012.1	102568	103386	NA	NO_EVALUABLE	-	NA	r3-T14,rP-T1
GCA_058672755.1	blaOXA-23	JBZWFU010000075.1	35	853	NA	NO_EVALUABLE	-	NA	r3-T1
GCA_058672775.1	blaOXA-23	JBZWFT010000106.1	1593	2411	NA	NO_EVALUABLE	-	NA	r3-T1
GCA_058672875.1	blaOXA-407	JBZWFV010000004.1	188924	189745	NA	NO_EVALUABLE	-	NA	r3-T14,rP-T1
GCA_058672875.1	blaOXA-23	JBZWFV010000035.1	28	846	NA	NO_EVALUABLE	-	NA	r3-T14,rP-T1
GCA_058672895.1	blaOXA-407	JBZWFW010000001.1	66973	67794	NA	NO_EVALUABLE	-	NA	r3-T14,rP-T1
GCA_058672895.1	blaOXA-23	JBZWFW010000050.1	21646	22464	NA	NO_EVALUABLE	-	NA	r3-T14,rP-T1
GCA_058672975.1	blaOXA-23	JBZWFX010000063.1	1593	2411	NA	NO_EVALUABLE	-	NA	r3-T1
GCA_058673035.1	blaOXA-23	JBZWFY010000082.1	768	1586	NA	NO_EVALUABLE	-	NA	rP-T1
GCA_058673155.1	blaOXA-23	JBZWGC010000077.1	1637	2455	NA	NO_EVALUABLE	-	NA	r3-T1,r3-T3
GCA_058673275.1	blaOXA-407	JBZWGE010000007.1	95118	95939	NA	NO_EVALUABLE	-	NA	r3-T14,r3-T15,rP-T1
GCA_058673275.1	blaOXA-23	JBZWGE010000023.1	28	846	NA	NO_EVALUABLE	-	NA	r3-T14,r3-T15,rP-T1
GCA_058673285.1	blaOXA-407	JBZWGF010000007.1	95118	95939	NA	NO_EVALUABLE	-	NA	r3-T14,r3-T15,rP-T1
GCA_058673285.1	blaOXA-23	JBZWGF010000038.1	27320	28138	NA	NO_EVALUABLE	-	NA	r3-T14,r3-T15,rP-T1
GCA_058673315.1	blaOXA-23	JBZWGD010000075.1	35	853	NA	NO_EVALUABLE	-	NA	r3-T14
GCA_058673385.1	blaOXA-407	JBZWGG010000007.1	66973	67794	NA	NO_EVALUABLE	-	NA	r3-T14,rP-T1
GCA_058673385.1	blaOXA-23	JBZWGG010000045.1	28	846	NA	NO_EVALUABLE	-	NA	r3-T14,rP-T1
GCA_900519195.1	blaNDM-1	ULHD01000063.1	39428	40237	49891	COLOCALIZADO	rP-T1	30021	r3-T1,rP-T1
GCA_900519195.1	blaOXA-23	ULHD01000079.1	1592	2410	NA	NO_EVALUABLE	-	NA	r3-T1,rP-T1
