variable	grupo	est	lo	hi
sin_carbapenemasa	Argentina_PRJNA1081428	3.39942825956348	1.0345801675	5.90845082
sin_carbapenemasa	Argentina_PRJNA1140135	-2.26938721617925	-6.147582375	0.55416662725
sin_carbapenemasa	Argentina_PRJNA1404816	4.16104008225499	1.4924546375	7.4694825775
sin_carbapenemasa	Argentina_PRJNA906166	-3.0349234566294	-6.602074845	-0.386565856750001
sin_carbapenemasa	Bolivia_PRJNA489088	-0.16340777147804	-2.373941235	2.0037473525
sin_carbapenemasa	Brasil_PRJNA1311549	-2.2163957732179	-5.98890945	0.49707354525
sin_carbapenemasa	Brasil_PRJNA1420207	0.364119073500066	-1.470646275	2.2085878375
sin_carbapenemasa	Brasil_PRJNA1477026	-0.375814761894528	-2.150442365	1.4515199775
sin_carbapenemasa	Brasil_PRJNA301792	0.214417233656897	-1.65343195	2.0976182125
sin_carbapenemasa	Brasil_PRJNA613847	-1.70991711995638	-3.47110743	0.04670422865
sin_carbapenemasa	Brasil_PRJNA632943	-2.35003645291306	-6.0698648875	0.332714916499999
sin_carbapenemasa	Brasil_PRJNA677881	0.18128119616065	-1.422008375	1.89796089
sin_carbapenemasa	Brasil_PRJNA742192	3.28789113631667	1.8678861025	4.92922462
sin_carbapenemasa	Brasil_PRJNA938102	-2.18354503192103	-6.04347581	0.578799250749999
sin_carbapenemasa	Chile_PRJNA723341	1.78925607465932	-0.51398289375	3.645594545
sin_carbapenemasa	Chile_PRJNA731249	0.463143337366755	-1.834562565	2.382117
sin_carbapenemasa	Colombia_PRJEB107069	1.76696200436451	-0.30862182375	3.7838622425
sin_carbapenemasa	Colombia_PRJNA906166	-2.35115177105765	-6.1565222	0.4719406935
sin_carbapenemasa	Paraguay_PRJEB56918	-0.729610559196063	-3.365533465	1.7761224075
sin_carbapenemasa	Paraguay_PRJNA1012735	-1.43712079695545	-4.01450576	1.0737298325
sin_carbapenemasa	Paraguay_PRJNA1197744	-1.7601176721264	-5.6825926475	1.24101107
sin_carbapenemasa	Peru_PRJNA1339005	0.287424222036577	-2.11942186	2.538163095
ST2	Argentina_PRJNA1081428	-2.9050785054539	-8.534172285	1.099386415
ST2	Argentina_PRJNA1140135	3.49762251404402	0.872808538	6.5038053325
ST2	Argentina_PRJNA1404816	-2.71304194812094	-8.390864495	1.32290743
ST2	Argentina_PRJNA906166	-0.197770861324423	-2.8860238125	2.594336435
ST2	Bolivia_PRJNA489088	-3.71853599836995	-9.0246045675	0.4878311175
ST2	Brasil_PRJNA1311549	6.46039797605083	3.290160675	11.052064575
ST2	Brasil_PRJNA1420207	0.592012661819705	-1.662546555	2.822818835
ST2	Brasil_PRJNA1477026	1.49980412551659	-0.59038121375	3.58115096
ST2	Brasil_PRJNA301792	-3.57601867916839	-8.785836005	-0.0386116417250012
ST2	Brasil_PRJNA613847	2.2812124241348	0.305126035	4.265779235
ST2	Brasil_PRJNA632943	-3.46887053737442	-8.6425871675	0.116177409999998
ST2	Brasil_PRJNA677881	-3.99245899792958	-9.0399247425	-0.479883040000001
ST2	Brasil_PRJNA742192	-4.00240165049793	-9.05679409	-0.514544611500001
ST2	Brasil_PRJNA938102	4.81039288609667	2.3314995675	7.693750725
ST2	Chile_PRJNA723341	-3.41144436762796	-8.8392979975	0.946604519249995
ST2	Chile_PRJNA731249	-3.24155375751853	-8.8243089075	1.1774469275
ST2	Colombia_PRJEB107069	-3.47601286372295	-8.979163305	0.936168764499999
ST2	Colombia_PRJNA906166	-2.6987384925613	-8.4498104975	1.847677995
ST2	Paraguay_PRJEB56918	-1.4250209613532	-4.861555635	1.5406861825
ST2	Paraguay_PRJNA1012735	1.01273183485415	-1.91165372	3.396181195
ST2	Paraguay_PRJNA1197744	3.69002490273346	0.44491363475	6.87525227
ST2	Peru_PRJNA1339005	2.77675965264175	-0.912444169	5.6611176675
blaOXA23	Argentina_PRJNA1081428	-4.09259038645287	-7.603742885	-1.39078241
blaOXA23	Argentina_PRJNA1140135	2.76890577657543	-0.11487498875	6.67913118
blaOXA23	Argentina_PRJNA1404816	-3.85346666997127	-7.391172425	-1.19244481
blaOXA23	Argentina_PRJNA906166	3.56388066761555	0.94371000625	7.103361435
blaOXA23	Bolivia_PRJNA489088	0.861344221592132	-1.3440543325	3.07420378
blaOXA23	Brasil_PRJNA1311549	2.94405081895961	0.25803605175	6.703034905
blaOXA23	Brasil_PRJNA1420207	0.533869518581685	-1.1826763125	2.3507144425
blaOXA23	Brasil_PRJNA1477026	1.2947432730363	-0.4209142065	3.0572776225
blaOXA23	Brasil_PRJNA301792	0.0529571282434502	-1.626012185	1.6936044775
blaOXA23	Brasil_PRJNA613847	1.14253040761411	-0.38415465525	2.5740261425
blaOXA23	Brasil_PRJNA632943	-0.362856390007981	-2.0344442725	1.2213208925
blaOXA23	Brasil_PRJNA677881	-1.4172805871791	-2.941856845	0.00124971546499969
blaOXA23	Brasil_PRJNA742192	-3.17386118181667	-4.8252109175	-1.66187108
blaOXA23	Brasil_PRJNA938102	2.89704178004118	0.251624048	6.5534066175
blaOXA23	Chile_PRJNA723341	-2.00787462061779	-3.884998405	0.38398909125
blaOXA23	Chile_PRJNA731249	-1.08651029198353	-2.9463949525	1.3361278075
blaOXA23	Colombia_PRJEB107069	-1.38819171144581	-3.38672222	0.647741719999998
blaOXA23	Colombia_PRJNA906166	1.53961415409064	-0.80049081875	4.192736295
blaOXA23	Paraguay_PRJEB56918	-0.118505496581577	-2.50044677	1.8915495625
blaOXA23	Paraguay_PRJNA1012735	2.194483670895	-0.30044004725	4.730821815
blaOXA23	Paraguay_PRJNA1197744	2.33129515144512	-0.74646677075	6.29721153
blaOXA23	Peru_PRJNA1339005	-1.72609220099243	-3.83879306	0.867096732
blaOXA72	Argentina_PRJNA1081428	-0.608596560463457	-4.695784145	2.5840075775
blaOXA72	Argentina_PRJNA1140135	-0.509614921215369	-4.57489659	2.7251706675
blaOXA72	Argentina_PRJNA1404816	-0.517036050806572	-4.47415529	2.84147864
blaOXA72	Argentina_PRJNA906166	-0.820309719390371	-4.6448262175	2.244055465
blaOXA72	Bolivia_PRJNA489088	-1.36920259500502	-5.3123220175	1.71476819
blaOXA72	Brasil_PRJNA1311549	-1.20301736741955	-4.8259882025	1.411470095
blaOXA72	Brasil_PRJNA1420207	-1.32794302270136	-4.9562785125	1.228549565
blaOXA72	Brasil_PRJNA1477026	-1.66684278251766	-5.0798911525	0.787015617
blaOXA72	Brasil_PRJNA301792	-1.3759300152664	-5.01313992	1.203797265
blaOXA72	Brasil_PRJNA613847	0.954406352391548	-0.53327979	2.76699222
blaOXA72	Brasil_PRJNA632943	2.86650882116617	1.1449981325	4.8501833
blaOXA72	Brasil_PRJNA677881	1.55990125835072	-0.07694692265	3.46061297
blaOXA72	Brasil_PRJNA742192	1.53511159753849	-0.10934101425	3.416495905
blaOXA72	Brasil_PRJNA938102	-1.20826044841406	-4.875937655	1.44382644
blaOXA72	Chile_PRJNA723341	-1.10297287308452	-5.00161223	1.9344257175
blaOXA72	Chile_PRJNA731249	-0.983929668051147	-4.9059908325	2.06352308
blaOXA72	Colombia_PRJEB107069	-1.53708449152976	-5.44805366	1.2917589225
blaOXA72	Colombia_PRJNA906166	0.825766381296602	-1.9572209425	3.611263785
blaOXA72	Paraguay_PRJEB56918	-0.765239354942124	-4.7567675275	2.368980965
blaOXA72	Paraguay_PRJNA1012735	-1.05458830772853	-5.02736185	2.0183293525
blaOXA72	Paraguay_PRJNA1197744	-0.538080191677235	-4.456192235	2.8014075875
blaOXA72	Peru_PRJNA1339005	2.04356354307673	-1.482205105	5.262584595
