pais	bioproject	n	variable	valor	pct
Argentina	PRJNA1081428	11	sin_carbapenemasa	-	90.9
Argentina	PRJNA1081428	11	ST2	-	0.0
Argentina	PRJNA1081428	11	blaOXA-23	-	0.0
Argentina	PRJNA1081428	11	blaOXA-72	-	0.0
Argentina	PRJNA1081428	11	capsula_dominante	KL77	36.4
Argentina	PRJNA1081428	11	linaje_dominante	ST15	45.5
Argentina	PRJNA1081428	11	replicon_dominante	r3-T14	54.5
Argentina	PRJNA1081428	11	n_linajes_distintos	4	36.4
Argentina	PRJNA1140135	8	sin_carbapenemasa	-	0.0
Argentina	PRJNA1140135	8	ST2	-	75.0
Argentina	PRJNA1140135	8	blaOXA-23	-	100.0
Argentina	PRJNA1140135	8	blaOXA-72	-	0.0
Argentina	PRJNA1140135	8	capsula_dominante	KL3	75.0
Argentina	PRJNA1140135	8	linaje_dominante	ST2	75.0
Argentina	PRJNA1140135	8	replicon_dominante	r3-T1	75.0
Argentina	PRJNA1140135	8	n_linajes_distintos	2	25.0
Argentina	PRJNA1404816	8	sin_carbapenemasa	-	100.0
Argentina	PRJNA1404816	8	ST2	-	0.0
Argentina	PRJNA1404816	8	blaOXA-23	-	0.0
Argentina	PRJNA1404816	8	blaOXA-72	-	0.0
Argentina	PRJNA1404816	8	capsula_dominante	KL77	75.0
Argentina	PRJNA1404816	8	linaje_dominante	ST15	50.0
Argentina	PRJNA1404816	8	replicon_dominante	ninguno	100.0
Argentina	PRJNA1404816	8	n_linajes_distintos	3	37.5
Argentina	PRJNA906166	25	sin_carbapenemasa	-	0.0
Argentina	PRJNA906166	25	ST2	-	8.0
Argentina	PRJNA906166	25	blaOXA-23	-	100.0
Argentina	PRJNA906166	25	blaOXA-72	-	0.0
Argentina	PRJNA906166	25	capsula_dominante	KL1	64.0
Argentina	PRJNA906166	25	linaje_dominante	ST1	64.0
Argentina	PRJNA906166	25	replicon_dominante	r3-T14	64.0
Argentina	PRJNA906166	25	n_linajes_distintos	3	12.0
Bolivia	PRJNA489088	55	sin_carbapenemasa	-	12.7
Bolivia	PRJNA489088	55	ST2	-	0.0
Bolivia	PRJNA489088	55	blaOXA-23	-	87.3
Bolivia	PRJNA489088	55	blaOXA-72	-	0.0
Bolivia	PRJNA489088	55	capsula_dominante	KL9	40.0
Bolivia	PRJNA489088	55	linaje_dominante	ST25	58.2
Bolivia	PRJNA489088	55	replicon_dominante	r3-T1	50.9
Bolivia	PRJNA489088	55	n_linajes_distintos	5	9.1
Brasil	PRJNA1311549	17	sin_carbapenemasa	-	0.0
Brasil	PRJNA1311549	17	ST2	-	100.0
Brasil	PRJNA1311549	17	blaOXA-23	-	100.0
Brasil	PRJNA1311549	17	blaOXA-72	-	0.0
Brasil	PRJNA1311549	17	capsula_dominante	KL7	100.0
Brasil	PRJNA1311549	17	linaje_dominante	ST2	100.0
Brasil	PRJNA1311549	17	replicon_dominante	r3-T1	82.4
Brasil	PRJNA1311549	17	n_linajes_distintos	1	5.9
Brasil	PRJNA1420207	21	sin_carbapenemasa	-	14.3
Brasil	PRJNA1420207	21	ST2	-	19.0
Brasil	PRJNA1420207	21	blaOXA-23	-	85.7
Brasil	PRJNA1420207	21	blaOXA-72	-	0.0
Brasil	PRJNA1420207	21	capsula_dominante	KL9	42.9
Brasil	PRJNA1420207	21	linaje_dominante	ST15	47.6
Brasil	PRJNA1420207	21	replicon_dominante	r3-T14	52.4
Brasil	PRJNA1420207	21	n_linajes_distintos	7	33.3
Brasil	PRJNA1477026	43	sin_carbapenemasa	-	7.0
Brasil	PRJNA1477026	43	ST2	-	34.9
Brasil	PRJNA1477026	43	blaOXA-23	-	93.0
Brasil	PRJNA1477026	43	blaOXA-72	-	0.0
Brasil	PRJNA1477026	43	capsula_dominante	KL56	16.3
Brasil	PRJNA1477026	43	linaje_dominante	ST2	34.9
Brasil	PRJNA1477026	43	replicon_dominante	rP-T1	46.5
Brasil	PRJNA1477026	43	n_linajes_distintos	10	23.3
Brasil	PRJNA301792	24	sin_carbapenemasa	-	12.5
Brasil	PRJNA301792	24	ST2	-	0.0
Brasil	PRJNA301792	24	blaOXA-23	-	79.2
Brasil	PRJNA301792	24	blaOXA-72	-	0.0
Brasil	PRJNA301792	24	capsula_dominante	KL9	33.3
Brasil	PRJNA301792	24	linaje_dominante	ST79	62.5
Brasil	PRJNA301792	24	replicon_dominante	r3-T1	58.3
Brasil	PRJNA301792	24	n_linajes_distintos	5	20.8
Brasil	PRJNA613847	167	sin_carbapenemasa	-	1.8
Brasil	PRJNA613847	167	ST2	-	53.3
Brasil	PRJNA613847	167	blaOXA-23	-	92.2
Brasil	PRJNA613847	167	blaOXA-72	-	7.2
Brasil	PRJNA613847	167	capsula_dominante	KL7	53.9
Brasil	PRJNA613847	167	linaje_dominante	ST2	53.3
Brasil	PRJNA613847	167	replicon_dominante	r3-T1	89.8
Brasil	PRJNA613847	167	n_linajes_distintos	13	7.8
Brasil	PRJNA632943	21	sin_carbapenemasa	-	0.0
Brasil	PRJNA632943	21	ST2	-	0.0
Brasil	PRJNA632943	21	blaOXA-23	-	71.4
Brasil	PRJNA632943	21	blaOXA-72	-	38.1
Brasil	PRJNA632943	21	capsula_dominante	KL3	23.8
Brasil	PRJNA632943	21	linaje_dominante	ST79	61.9
Brasil	PRJNA632943	21	replicon_dominante	r3-T1	81.0
Brasil	PRJNA632943	21	n_linajes_distintos	5	23.8
Brasil	PRJNA677881	44	sin_carbapenemasa	-	11.4
Brasil	PRJNA677881	44	ST2	-	0.0
Brasil	PRJNA677881	44	blaOXA-23	-	47.7
Brasil	PRJNA677881	44	blaOXA-72	-	13.6
Brasil	PRJNA677881	44	capsula_dominante	KL9	15.9
Brasil	PRJNA677881	44	linaje_dominante	ST79	31.8
Brasil	PRJNA677881	44	replicon_dominante	r3-T1	52.3
Brasil	PRJNA677881	44	n_linajes_distintos	14	31.8
Brasil	PRJNA742192	45	sin_carbapenemasa	-	73.3
Brasil	PRJNA742192	45	ST2	-	0.0
Brasil	PRJNA742192	45	blaOXA-23	-	13.3
Brasil	PRJNA742192	45	blaOXA-72	-	13.3
Brasil	PRJNA742192	45	capsula_dominante	KL22	22.2
Brasil	PRJNA742192	45	linaje_dominante	ST79	31.1
Brasil	PRJNA742192	45	replicon_dominante	r3-T1	86.7
Brasil	PRJNA742192	45	n_linajes_distintos	7	15.6
Brasil	PRJNA938102	16	sin_carbapenemasa	-	0.0
Brasil	PRJNA938102	16	ST2	-	93.8
Brasil	PRJNA938102	16	blaOXA-23	-	100.0
Brasil	PRJNA938102	16	blaOXA-72	-	0.0
Brasil	PRJNA938102	16	capsula_dominante	KL56	50.0
Brasil	PRJNA938102	16	linaje_dominante	ST2	93.8
Brasil	PRJNA938102	16	replicon_dominante	r3-T1	93.8
Brasil	PRJNA938102	16	n_linajes_distintos	2	12.5
Chile	PRJNA723341	47	sin_carbapenemasa	-	59.6
Chile	PRJNA723341	47	ST2	-	0.0
Chile	PRJNA723341	47	blaOXA-23	-	19.1
Chile	PRJNA723341	47	blaOXA-72	-	0.0
Chile	PRJNA723341	47	capsula_dominante	KL22	57.4
Chile	PRJNA723341	47	linaje_dominante	ST15	34.0
Chile	PRJNA723341	47	replicon_dominante	r3-T14	74.5
Chile	PRJNA723341	47	n_linajes_distintos	8	17.0
Chile	PRJNA731249	35	sin_carbapenemasa	-	28.6
Chile	PRJNA731249	35	ST2	-	0.0
Chile	PRJNA731249	35	blaOXA-23	-	37.1
Chile	PRJNA731249	35	blaOXA-72	-	0.0
Chile	PRJNA731249	35	capsula_dominante	KL9	48.6
Chile	PRJNA731249	35	linaje_dominante	ST109	28.6
Chile	PRJNA731249	35	replicon_dominante	r3-T14	77.1
Chile	PRJNA731249	35	n_linajes_distintos	7	20.0
Colombia	PRJEB107069	47	sin_carbapenemasa	-	48.9
Colombia	PRJEB107069	47	ST2	-	0.0
Colombia	PRJEB107069	47	blaOXA-23	-	40.4
Colombia	PRJEB107069	47	blaOXA-72	-	0.0
Colombia	PRJEB107069	47	capsula_dominante	KL22	10.6
Colombia	PRJEB107069	47	linaje_dominante	ST79	25.5
Colombia	PRJEB107069	47	replicon_dominante	ninguno	31.9
Colombia	PRJEB107069	47	n_linajes_distintos	21	44.7
Colombia	PRJNA906166	13	sin_carbapenemasa	-	0.0
Colombia	PRJNA906166	13	ST2	-	0.0
Colombia	PRJNA906166	13	blaOXA-23	-	92.3
Colombia	PRJNA906166	13	blaOXA-72	-	7.7
Colombia	PRJNA906166	13	capsula_dominante	KL3	53.8
Colombia	PRJNA906166	13	linaje_dominante	ST25	53.8
Colombia	PRJNA906166	13	replicon_dominante	ninguno	53.8
Colombia	PRJNA906166	13	n_linajes_distintos	4	30.8
Paraguay	PRJEB56918	19	sin_carbapenemasa	-	5.3
Paraguay	PRJEB56918	19	ST2	-	5.3
Paraguay	PRJEB56918	19	blaOXA-23	-	78.9
Paraguay	PRJEB56918	19	blaOXA-72	-	0.0
Paraguay	PRJEB56918	19	capsula_dominante	KL1	47.4
Paraguay	PRJEB56918	19	linaje_dominante	ST1	47.4
Paraguay	PRJEB56918	19	replicon_dominante	r3-T14	63.2
Paraguay	PRJEB56918	19	n_linajes_distintos	6	31.6
Paraguay	PRJNA1012735	43	sin_carbapenemasa	-	2.3
Paraguay	PRJNA1012735	43	ST2	-	32.6
Paraguay	PRJNA1012735	43	blaOXA-23	-	97.7
Paraguay	PRJNA1012735	43	blaOXA-72	-	0.0
Paraguay	PRJNA1012735	43	capsula_dominante	KL9	34.9
Paraguay	PRJNA1012735	43	linaje_dominante	ST2	32.6
Paraguay	PRJNA1012735	43	replicon_dominante	r3-T14	51.2
Paraguay	PRJNA1012735	43	n_linajes_distintos	7	16.3
Paraguay	PRJNA1197744	8	sin_carbapenemasa	-	0.0
Paraguay	PRJNA1197744	8	ST2	-	87.5
Paraguay	PRJNA1197744	8	blaOXA-23	-	100.0
Paraguay	PRJNA1197744	8	blaOXA-72	-	0.0
Paraguay	PRJNA1197744	8	capsula_dominante	KL3	50.0
Paraguay	PRJNA1197744	8	linaje_dominante	ST2	87.5
Paraguay	PRJNA1197744	8	replicon_dominante	r3-T1	87.5
Paraguay	PRJNA1197744	8	n_linajes_distintos	2	25.0
Peru	PRJNA1339005	19	sin_carbapenemasa	-	21.1
Peru	PRJNA1339005	19	ST2	-	73.7
Peru	PRJNA1339005	19	blaOXA-23	-	26.3
Peru	PRJNA1339005	19	blaOXA-72	-	52.6
Peru	PRJNA1339005	19	capsula_dominante	KL9	36.8
Peru	PRJNA1339005	19	linaje_dominante	ST2	73.7
Peru	PRJNA1339005	19	replicon_dominante	r3-T18	68.4
Peru	PRJNA1339005	19	n_linajes_distintos	3	15.8
