accesion	pais	st_pasteur	anio	carbapenemasa	genes_carb	st_oxford	kl	ocl	rep_apt
ERR17057656	Colombia	-	2020	no	ninguna	472	KL22	OCL6	r3-T18,r3-T3,r3-T31
ERR17057657	Colombia	1190	2020	no	ninguna	1775	KL72	OCL1	ninguno
ERR17057661	Colombia	-	2020	no	ninguna	-	KL183	OCL2	ninguno
ERR17057662	Colombia	79	2020	si	blaOXA-23	205	KL22	OCL5	r1-T4,r3-T11,r3-T26
ERR17057663	Colombia	79	2020	si	blaOXA-23	205	KL22	OCL5	r1-T4,r3-T11,r3-T26
ERR17057664	Colombia	79	2020	si	blaOXA-23	2128	KL32	OCL5	r3-T26
ERR17057667	Colombia	79	2020	no	ninguna	-	KL9	OCL10	r3-T13
ERR17057669	Colombia	32	2020	si	blaNDM-1	472	KL22	OCL6	r3-T3,r3-T5,r3-T7
ERR17057670	Colombia	78	2020	si	blaOXA-23	-	KL23	OCL1	ninguno
ERR17057672	Colombia	2588	2020	no	ninguna	3263	KL203	OCL4	r3-T27
ERR17057674	Colombia	32	2020	no	ninguna	-	KL2	OCL6	r3-T13,r3-T3
ERR17057680	Colombia	945	2020	si	blaOXA-23	813	KL134	OCL5	r3-T23,rP-T1
ERR17057681	Colombia	945	2020	si	blaOXA-23	813	KL134	OCL5	r3-T23,rP-T1
ERR17057687	Colombia	-	2020	no	ninguna	-	KL120	OCL1	ninguno
ERR17057689	Colombia	79	2020	si	blaOXA-23	2128	KL32	OCL5	r3-T26
ERR17057690	Colombia	79	2020	si	blaOXA-23	2128	KL32	OCL5	r3-T26
ERR17057691	Colombia	79	2020	si	blaOXA-23	2128	KL32	OCL5	r3-T26
ERR17057692	Colombia	79	2020	si	blaOXA-23	2128	KL32	OCL5	r3-T26
ERR17057693	Colombia	77	2020	no	ninguna	1182	KL37	OCL2	r3-T1
ERR17057695	Colombia	-	2020	no	ninguna	-	KL126	OCL1	ninguno
ERR17057696	Colombia	78	2020	si	blaOXA-23	-	KL3	OCL1	ninguno
ERR17057697	Colombia	79	2020	no	ninguna	-	KL9	OCL10	r3-T13
ERR17057698	Colombia	1163	2020	si	blaOXA-23	762	KL9	OCL10	ninguno
ERR17057699	Colombia	513	2020	no	ninguna	860	KL15	OCL1	ninguno
ERR17057700	Colombia	1022	2020	si	blaOXA-241	2435	KL20	OCL4	r3-T24
ERR17057702	Colombia	37	2020	no	ninguna	-	KL81	OCL6	r3-T2,r3-T46,r3-T6,r3-T78,r3-T91
ERR17057704	Colombia	1055	2020	no	ninguna	-	KL95	OCL7	ninguno
ERR17057705	Colombia	32	2020	si	blaNDM-1	2073	KL2	OCL6	r3-T3
ERR17057708	Colombia	108	2020	no	ninguna	-	KL23	OCL1	r3-T13,r3-T43
ERR17057710	Colombia	79	2020	si	blaOXA-23	205	KL22	OCL5	r3-T11,r3-T26
ERR17057711	Colombia	78	2020	si	blaOXA-23	-	KL3	OCL1	ninguno
ERR17057712	Colombia	78	2021	si	blaOXA-23	-	KL3	OCL1	ninguno
ERR17057713	Colombia	78	2020	si	blaOXA-23	-	KL3	OCL1	ninguno
ERR17057714	Colombia	2284	2020	no	ninguna	3045	KL15	OCL1	ninguno
ERR17057715	Colombia	150	2020	no	ninguna	652	KL97	OCL6	r3-T3,r3-T34,r3-T7
ERR17057720	Colombia	32	2020	no	ninguna	823	KL2	OCL6	r3-T3,r3-T31,r3-T5
ERR17057721	Colombia	1357	2020	no	ninguna	1447	KL121	OCL1	ninguno
ERR17057724	Colombia	78	2021	si	blaOXA-23	-	KL23	OCL1	r3-T15
ERR17057729	Colombia	1405	2021	no	ninguna	-	KL48	OCL21	r3-T3,r3-T7,r3-T80
ERR17057730	Colombia	79	2021	si	blaOXA-23	124	KL151	OCL10	r3-T26
ERR17057731	Colombia	79	2021	si	blaOXA-23	124	KL151	OCL10	r3-T26
ERR17057733	Colombia	108	2021	no	ninguna	105	KL33	OCL1	r3-T13,r3-T50
ERR17057735	Colombia	108	2021	no	ninguna	-	KL23	OCL1	ninguno
ERR17057736	Colombia	424	2021	no	ninguna	552	KL48	OCL5	r3-T27,r3-T7
ERR17057737	Colombia	464	2021	si	blaNDM-1	1752	KL121	OCL6	r3-T12,r3-T13,r3-T3
ERR17057738	Colombia	464	2021	si	blaNDM-1	1752	KL121	OCL6	r3-T12,r3-T13,r3-T3
ERR17057744	Colombia	1094	2021	no	ninguna	-	KL145	OCL5	r3-T6
ERR4436639	Argentina	25	NA	si	blaOXA-23	1489	KL81	OCL10	r3-T14
ERR4436640	Argentina	15	NA	no	ninguna	225	KL22	OCL7	r3-T14,r3-T3
ERR4436744	Colombia	79	NA	si	blaOXA-23	124	KL151	OCL10	r3-T26
ERR5709464	Bolivia	15	NA	si	blaOXA-23	236	KL9	OCL7	r3-T14
ERR5709466	Chile	15	NA	no	ninguna	236	KL9	OCL7	r3-T13,r3-T14,r3-T3
ERR5709481	Argentina	15	NA	si	blaOXA-58	236	KL9	OCL7	r3-T14
GCA_000757665.1	Argentina	79	2012	si	blaOXA-23	227	KL22	OCL10	ninguno
GCA_000814345.1	Colombia	464	2012	si	blaNDM	1161	KL31	OCL6	r3-T13,r3-T3
GCA_000836625.1	Argentina	1	1994	no	ninguna	-	KL1	OCL1	r3-T13,r3-T14
GCA_000966305.1	Chile	-	2007	si	blaOXA-58	235	KL19	OCL1	r3-T13,r3-T18
GCA_000988155.1	Brasil	15	2009	si	blaOXA-23	236	KL81	OCL7	r3-T14,r3-T3,rP-T1
GCA_001007775.1	Argentina	25	2011	si	blaOXA-23	1489	KL9	OCL10	ninguno
GCA_001500225.1	Brasil	15	2003	no	ninguna	-	KL9	OCL7	r3-T13,r3-T14,r3-T3
GCA_001649615.1	Brasil	317	2010	si	blaOXA-23	407	KL11	OCL8	r1-T18,r3-T14
GCA_001649625.1	Brasil	317	2010	no	ninguna	407	KL11	OCL8	r1-T18,r3-T14
GCA_001649675.1	Brasil	79	2011	si	blaOXA-23	-	KL9	OCL10	r3-T1
GCA_001649705.1	Brasil	79	2011	si	blaOXA-23	233	KL9	OCL10	r3-T1,rP-T1
GCA_001649765.1	Brasil	79	2011	si	blaOXA-23	-	KL49	OCL10	r3-T1
GCA_001649795.1	Brasil	79	2011	si	blaOXA-23	-	KL49	OCL10	r3-T1
GCA_001649805.1	Brasil	79	2011	si	blaOXA-23	-	KL49	OCL10	ninguno
GCA_001649815.1	Brasil	107	2013	no	ninguna	1552	KL47	OCL17	r1-T18,r3-T69
GCA_001649875.1	Brasil	79	2011	si	blaOXA-23	-	KL49	OCL10	r3-T1
GCA_001649895.1	Brasil	79	2011	si	blaOXA-23	233	KL49	OCL10	r3-T1
GCA_001649955.1	Brasil	79	2012	si	blaOXA-23	-	KL49	OCL10	r3-T1
GCA_001649975.1	Brasil	317	2012	si	blaOXA-23	-	KL11	OCL8	r1-T18,r3-T14
GCA_001758065.1	Brasil	32	2002	si	blaIMP-1	472	KL22	OCL6	r3-T31
GCA_001758135.1	Brasil	79	2011	no	ninguna	-	KL9	OCL3	r3-T1
GCA_001758165.1	Brasil	107	2004	si	blaOXA-143	1552	KL47	OCL17	r3-T43,rP-T1
GCA_001891205.1	Colombia	920	2014	si	blaOXA-72	2127	KL172	OCL4	r3-T13,r3-T3
GCA_002018935.1	Brasil	79	2010	si	blaOXA-23	233	KL9	OCL10	r3-T1,r3-T57
GCA_002018965.1	Brasil	79	2010	si	blaOXA-23	233	KL9	OCL10	r3-T1,r3-T57
GCA_002018995.1	Brasil	79	2011	si	blaOXA-23	-	KL9	OCL10	r3-T1
GCA_002019005.1	Brasil	79	2011	si	blaOXA-23	-	KL9	OCL10	r3-T1
GCA_002019025.1	Brasil	79	2011	si	blaOXA-23	-	KL9	OCL10	r3-T1
GCA_002019035.1	Brasil	79	2011	si	blaOXA-23	-	KL49	OCL10	r3-T1
GCA_002245595.1	Brasil	1	2012	si	blaOXA-23	231	KL1	OCL1	ninguno
GCA_002250465.1	Brasil	730	2014	si	blaOXA-23	-	KL33	OCL10	r3-T1
GCA_002922935.1	Brasil	107	2008	si	blaOXA-231	1552	KL47	OCL17	r3-T69
GCA_003130565.1	Chile	15	2017	no	ninguna	225	KL22	OCL7	r3-T14
GCA_003325575.1	Brasil	1	2014	si	blaOXA-23	-	KL1	OCL1	r3-T1,rP-T1
GCA_003325635.1	Brasil	-	2013	no	ninguna	-	KL1	OCL1	r3-T1
GCA_003325665.1	Brasil	1	2010	si	blaOXA-23	-	KL1	OCL1	r3-T1
GCA_003583525.1	Bolivia	991	2016	si	blaOXA-23	1518	KL9	OCL21	r3-T1
GCA_003583535.1	Bolivia	25	2016	no	ninguna	1489	KL22	OCL13	ninguno
GCA_003583565.1	Bolivia	25	2016	si	blaOXA-23	1489	KL22	OCL13	ninguno
GCA_003583575.1	Bolivia	25	2016	si	blaOXA-23	1489	KL22	OCL13	ninguno
GCA_003583605.1	Bolivia	25	2016	si	blaOXA-23	1489	KL22	OCL13	ninguno
GCA_003583615.1	Bolivia	991	2016	si	blaOXA-23	-	KL9	OCL13	r3-T1
GCA_003583625.1	Bolivia	25	2016	si	blaOXA-23	1489	KL22	OCL13	ninguno
GCA_003583665.1	Bolivia	15	2016	si	blaOXA-23	236	KL9	OCL7	r3-T14
GCA_003584255.1	Bolivia	25	2016	si	blaOXA-23	1489	KL22	OCL5	ninguno
GCA_003584275.1	Bolivia	25	2016	si	blaOXA-23	1489	KL22	OCL5	ninguno
GCA_003584305.1	Bolivia	25	2016	si	blaOXA-23	-	KL22	OCL13	ninguno
GCA_003584315.1	Bolivia	25	2016	si	blaOXA-23	1489	KL22	OCL5	ninguno
GCA_003584325.1	Bolivia	25	2016	no	ninguna	1489	KL22	OCL13	ninguno
GCA_003584365.1	Bolivia	25	2016	si	blaOXA-23	1489	KL22	OCL13	ninguno
GCA_003584375.1	Bolivia	25	2016	si	blaOXA-23	1528	KL49	OCL13	rP-T1
GCA_003584385.1	Bolivia	25	2016	si	blaOXA-23	1519	KL33	OCL13	r3-T1,rP-T1
GCA_003584425.1	Bolivia	25	2016	si	blaOXA-23	1489	KL22	OCL5	ninguno
GCA_003584445.1	Bolivia	25	2016	si	blaOXA-23	1489	KL22	OCL5	ninguno
GCA_003584455.1	Bolivia	25	2016	si	blaOXA-23	1528	KL49	OCL13	r1-T4,r3-T1
GCA_003584485.1	Bolivia	25	2016	si	blaOXA-23	1519	KL33	OCL5	r3-T1,rP-T1
GCA_003584505.1	Bolivia	991	2016	si	blaOXA-23	1518	KL9	OCL5	r3-T1
GCA_003584515.1	Bolivia	25	2016	si	blaOXA-23	1489	KL22	OCL5	ninguno
GCA_003584535.1	Bolivia	991	2016	si	blaOXA-23	1518	KL9	OCL5	r3-T1
GCA_003595665.1	Bolivia	25	2016	si	blaOXA-23	1519	KL33	OCL5	ninguno
GCA_003595675.1	Bolivia	25	2016	si	blaOXA-23	1519	KL33	OCL13	r3-T1,rP-T1
GCA_003595685.1	Bolivia	25	2016	si	blaOXA-23	1519	KL33	OCL5	r3-T1,rP-T1
GCA_003595745.1	Bolivia	991	2016	si	blaOXA-23	1518	KL9	OCL5	r3-T1
GCA_003595755.1	Bolivia	991	2016	si	blaOXA-23	1518	KL9	OCL5	rP-T1
GCA_003595765.1	Bolivia	25	2016	si	blaOXA-23	1519	KL33	OCL5	r3-T1
GCA_003595805.1	Bolivia	991	2016	si	blaOXA-23	1518	KL9	OCL5	r3-T1
GCA_003595815.1	Bolivia	25	2016	si	blaOXA-23	1529	KL37	OCL10	r3-T14
GCA_003595835.1	Bolivia	991	2016	si	blaOXA-23	1518	KL9	OCL5	r3-T1
GCA_003595865.1	Bolivia	25	2016	si	blaOXA-23	1529	KL37	OCL10	r3-T14
GCA_003595875.1	Bolivia	79	2016	no	ninguna	-	KL9	OCL10	r3-T1,rP-T1
GCA_003595885.1	Bolivia	991	2016	no	ninguna	1518	KL9	OCL13	r3-T1
GCA_003595925.1	Bolivia	25	2016	si	blaOXA-23	1519	KL33	OCL5	r3-T1,rP-T1
GCA_003595935.1	Bolivia	25	2016	si	blaOXA-23	1489	KL22	OCL5	ninguno
GCA_003595955.1	Bolivia	25	2016	si	blaOXA-23	1489	KL22	OCL13	ninguno
GCA_003595985.1	Bolivia	79	2016	no	ninguna	-	KL22	OCL10	r3-T1,rP-T1
GCA_003595995.1	Bolivia	991	2016	si	blaOXA-23	1518	KL9	OCL13	ninguno
GCA_003596015.1	Bolivia	991	2016	si	blaOXA-23	1518	KL9	OCL13	ninguno
GCA_003596025.1	Bolivia	991	2015	si	blaOXA-23	1518	KL9	OCL5	r3-T1
GCA_003596065.1	Bolivia	991	2015	si	blaOXA-23	1518	KL9	OCL5	r3-T1
GCA_003596075.1	Bolivia	991	2015	si	blaOXA-23	1518	KL9	OCL5	r3-T1
GCA_003596105.1	Bolivia	991	2015	si	blaOXA-23	1518	KL9	OCL13	r3-T1
GCA_003596125.1	Bolivia	25	2016	si	blaOXA-23	1529	KL127	OCL10	r3-T14,rP-T1
GCA_003596135.1	Bolivia	25	2016	si	blaOXA-23	1519	KL33	OCL13	r3-T1,r3-T14
GCA_003596165.1	Bolivia	267	2016	no	ninguna	942	KL9	OCL2	r3-T13,rP-T1
GCA_003596175.1	Bolivia	25	2016	si	blaOXA-23	1528	KL49	OCL13	r3-T1
GCA_003596205.1	Bolivia	25	2016	si	blaOXA-23	1519	KL33	OCL13	r3-T1,rP-T1
GCA_003596215.1	Bolivia	79	2016	no	ninguna	-	KL9	OCL10	rP-T1
GCA_003596235.1	Bolivia	25	2016	si	blaOXA-23	1519	KL33	OCL5	r3-T1,rP-T1
GCA_003596265.1	Bolivia	991	2016	si	blaOXA-23	1518	KL9	OCL13	r3-T1
GCA_003596275.1	Bolivia	991	2015	si	blaOXA-23	1518	KL9	OCL5	r3-T1
GCA_003597385.1	Bolivia	991	2015	si	blaOXA-23	1518	KL9	OCL5	r3-T1
GCA_003697885.1	Brasil	108	2013	no	ninguna	-	KL155	OCL1	ninguno
GCA_003812485.1	Brasil	79	2008	si	blaOXA-23	-	KL49	OCL10	r3-T1,r3-T14,r3-T22,r3-T24
GCA_004282835.1	Brasil	78	2016	si	blaOXA-72	-	KL3	OCL1	ninguno
GCA_004282845.1	Brasil	78	2016	si	blaOXA-72	-	KL3	OCL1	ninguno
GCA_004347305.1	Brasil	1	2017	si	blaOXA-23	-	KL18	OCL1	r3-T1,r3-T14
GCA_004347325.1	Brasil	79	2017	no	ninguna	-	KL49	OCL10	r3-T1,r3-T14
GCA_004359905.1	Brasil	79	2017	si	blaOXA-72	-	KL210	OCL10	r3-T1,r3-T14
GCA_006493735.1	Peru	79	2013	no	ninguna	-	KL4	OCL10	r3-T1,r3-T18
GCA_006493975.1	Peru	193	2013	si	blaIMP-16	1110	KL52	OCL6	r3-T7
GCA_006494085.1	Peru	1126	2012	no	ninguna	1988	KL3	OCL2	r3-T3,r3-T5,r3-T57
GCA_006494575.1	Peru	106	2012	no	ninguna	-	KL157	OCL6	r3-T7,r3-T94
GCA_006843645.1	Argentina	25	2016	si	blaOXA-23	490	KL149	OCL5	r3-T3
GCA_008180145.1	Brasil	730	2016	si	blaOXA-23	-	KL22	OCL10	r3-T1,r3-T13
GCA_008477565.1	Argentina	15	1997	no	ninguna	104	KL77	OCL7	r3-T3
GCA_009754965.1	Brasil	1	2011	si	blaOXA-23	-	KL149	OCL10	r3-T1,r3-T13
GCA_009754985.1	Brasil	374	1996	no	ninguna	-	KL9	OCL2	r3-T1,r3-T16,rP-T1
GCA_009828675.1	Brasil	162	2016	si	blaOXA-23	235	KL19	OCL1	r3-T13
GCA_009829525.1	Brasil	79	2016	si	blaOXA-23	-	KL9	OCL10	ninguno
GCA_009829535.1	Brasil	79	2016	si	blaOXA-72	-	KL210	OCL10	r3-T1,r3-T14
GCA_009829545.1	Brasil	1	2016	si	blaOXA-23,blaOXA-72	-	KL18	OCL1	r3-T1
GCA_009829555.1	Brasil	1448	2016	si	blaOXA-23	229	KL14	OCL17	r3-T1,r3-T67
GCA_009829595.1	Brasil	25	2016	si	blaOXA-23	229	KL139	OCL6	ninguno
GCA_009829755.1	Argentina	15	1999	no	ninguna	692	KL81	OCL7	ninguno
GCA_009898245.1	Brasil	15	2016	si	blaOXA-23	2141	KL81	OCL7	r3-T13,r3-T14,rP-T1
GCA_012276735.1	Brasil	1	2017	si	blaOXA-23	-	KL17	OCL1	r3-T1
GCA_012276745.1	Brasil	79	2017	si	blaOXA-23	758	KL9	OCL10	r3-T26,rP-T1
GCA_012277115.1	Brasil	79	2016	si	blaOXA-23	758	KL9	OCL10	rP-T1
GCA_012515875.1	Brasil	-	2016	no	ninguna	-	KL51	OCL1	ninguno
GCA_012524085.1	Argentina	172	2011	no	ninguna	-	KL51	OCL1	ninguno
GCA_012524275.1	Argentina	25	2011	si	blaOXA-23	490	KL149	OCL5	r3-T14
GCA_012781995.1	Brasil	15	2017	si	blaOXA-23	2594	KL77	OCL7	r3-T14
GCA_012955825.1	Brasil	15	2018	si	blaOXA-23	236	KL81	OCL7	r3-T14
GCA_012955845.1	Brasil	15	2018	si	blaOXA-23	236	KL81	OCL7	r3-T14
GCA_012956585.1	Brasil	15	2018	si	blaOXA-23	236	KL81	OCL7	r3-T14
GCA_013138415.1	Brasil	1	2016	si	blaOXA-23	-	KL18	OCL1	r3-T1,r3-T15
GCA_013138435.1	Brasil	1	2016	si	blaOXA-23	-	KL18	OCL1	r3-T15,r3-T8,rP-T1
GCA_013138475.1	Brasil	1	2016	si	blaOXA-23	-	KL18	OCL1	r3-T1
GCA_013184005.1	Argentina	172	1995	no	ninguna	-	KL51	OCL1	ninguno
GCA_015536845.1	Brasil	15	2016	si	blaOXA-23	236	KL81	OCL7	r3-T13,r3-T14,r3-T3
GCA_015536855.1	Brasil	15	2016	si	blaOXA-23	2141	KL81	OCL7	r3-T13,r3-T14
GCA_015536865.1	Brasil	1448	2016	si	blaOXA-23	229	KL14	OCL17	r3-T1,r3-T67
GCA_015536875.1	Brasil	79	2017	si	blaOXA-23	-	KL9	OCL10	r3-T1,rP-T1
GCA_015536925.1	Brasil	15	2012	si	blaOXA-23	225	KL3	OCL7	r3-T13,r3-T14,r3-T3
GCA_015536935.1	Brasil	79	2016	si	blaOXA-23	-	KL9	OCL10	r3-T1,rP-T1
GCA_015536955.1	Brasil	79	2016	si	blaOXA-72	-	KL210	OCL10	r3-T1
GCA_015536965.1	Brasil	730	2017	si	blaOXA-72	227	KL22	OCL10	r3-T13,r3-T16,rP-T1
GCA_015537035.1	Brasil	25	2016	si	blaOXA-23	229	KL139	OCL10	r3-T1
GCA_015537045.1	Brasil	15	2016	si	blaOXA-23	236	KL9	OCL7	r3-T14
GCA_015537085.1	Brasil	25	2018	si	blaOXA-23	229	KL139	OCL10	r3-T1,r3-T16,rP-T1
GCA_015537095.1	Brasil	79	2016	si	blaOXA-72	-	KL49	OCL10	r3-T1,r3-T14
GCA_015537125.1	Brasil	15	2016	si	blaOXA-23	225	KL22	OCL7	r3-T1,r3-T13
GCA_015537145.1	Brasil	25	2016	si	blaOXA-23	229	KL139	OCL10	r3-T1
GCA_015537155.1	Brasil	79	2016	si	blaOXA-23	-	KL9	OCL10	r3-T1,rP-T1
GCA_015537165.1	Brasil	-	2010	si	blaOXA-23	236	KL9	OCL7	r3-T14,r3-T23,r3-T3,r3-T55
GCA_015537175.1	Brasil	79	2017	si	blaOXA-72	-	KL49	OCL10	r3-T1,r3-T14
GCA_015537225.1	Brasil	1	2016	si	blaOXA-23	-	KL18	OCL1	r3-T1,r3-T62
GCA_015537245.1	Brasil	25	2016	si	blaOXA-23,blaOXA-72	229	KL139	OCL10	r3-T1,r3-T14,r3-T9
GCA_015537255.1	Brasil	15	2013	si	blaOXA-23	225	KL22	OCL7	r3-T1,r3-T13
GCA_015537275.1	Brasil	79	2016	si	blaOXA-72	233	KL49	OCL10	r3-T1,r3-T14
GCA_015537285.1	Brasil	1	2017	si	blaOXA-23	-	KL1	OCL1	r3-T1
GCA_015537295.1	Brasil	79	2016	si	blaOXA-23	-	KL9	OCL10	r3-T1,rP-T1
GCA_015537345.1	Brasil	15	2016	no	ninguna	225	KL22	OCL7	r3-T1,r3-T14,r3-T3
GCA_015537365.1	Brasil	79	2016	si	blaOXA-23	-	KL9	OCL10	r3-T1,rP-T1
GCA_015537385.1	Brasil	1447	2016	si	blaOXA-23	225	KL22	OCL7	r3-T1,r3-T13
GCA_015537405.1	Brasil	25	2016	si	blaOXA-23,blaOXA-72	229	KL139	OCL10	r3-T1,r3-T14,r3-T9
GCA_015537415.1	Brasil	15	2012	si	blaOXA-23	236	KL9	OCL7	r3-T13,r3-T14
GCA_015537445.1	Brasil	1	2016	si	blaOXA-23	-	KL1	OCL1	ninguno
GCA_015537465.1	Brasil	79	2016	si	blaOXA-23	-	KL49	OCL10	r3-T1
GCA_015537485.1	Brasil	49	2016	no	ninguna	128	KL11	OCL8	r3-T3
GCA_015537505.1	Brasil	1	2016	si	blaOXA-23	-	KL18	OCL1	r3-T1
GCA_015537525.1	Brasil	25	2016	si	blaOXA-23	229	KL139	OCL10	r3-T1
GCA_015537535.1	Brasil	15	2016	si	blaOXA-23	225	KL22	OCL7	r3-T1,r3-T13,r3-T3
GCA_015537565.1	Brasil	25	2013	si	blaOXA-23	229	KL139	OCL10	r3-T1
GCA_015537575.1	Brasil	1	2017	si	blaOXA-23	-	KL18	OCL1	r3-T1,r3-T3
GCA_015537605.1	Brasil	79	2016	si	blaOXA-72	-	KL81	OCL10	r3-T1,rP-T1
GCA_015537615.1	Brasil	79	2016	si	blaOXA-72	-	KL49	OCL10	r3-T1,r3-T14
GCA_015537635.1	Brasil	79	2016	si	blaOXA-23	1615	KL167	OCL10	r3-T1
GCA_015537665.1	Brasil	730	2016	si	blaOXA-23	-	KL22	OCL10	r3-T1,r3-T13,rP-T1
GCA_015537675.1	Brasil	1	2016	si	blaOXA-23	-	KL18	OCL1	r3-T1,r3-T33
GCA_015537705.1	Brasil	79	2016	si	blaOXA-23	-	KL9	OCL10	r3-T1,rP-T1
GCA_015537725.1	Brasil	15	2016	si	blaOXA-23	225	KL22	OCL7	r3-T1,r3-T13,r3-T3
GCA_015537745.1	Brasil	15	2016	si	blaOXA-23	225	KL22	OCL7	r3-T1,r3-T13,r3-T3
GCA_015537755.1	Brasil	1	2016	si	blaOXA-23	-	KL18	OCL1	r3-T1
GCA_015537765.1	Brasil	163	2016	si	blaOXA-23	235	KL19	OCL1	r3-T13
GCA_015537775.1	Brasil	15	2016	si	blaOXA-23	225	KL3	OCL7	r3-T13,r3-T14,r3-T3
GCA_015537825.1	Brasil	25	2017	si	blaOXA-23	690	KL22	OCL10	r3-T1
GCA_015537845.1	Brasil	730	2016	si	blaOXA-23	-	KL22	OCL10	r3-T1,r3-T13,rP-T1
GCA_015537855.1	Brasil	15	2016	si	blaOXA-23	225	KL22	OCL7	r3-T1,r3-T13,r3-T3
GCA_015537865.1	Brasil	1	2016	si	blaOXA-23	-	KL18	OCL1	r3-T1
GCA_015537905.1	Brasil	1	2016	si	blaOXA-23	-	KL18	OCL1	r3-T1
GCA_015537915.1	Brasil	1	2016	si	blaOXA-23	-	KL18	OCL1	r3-T1
GCA_015537945.1	Brasil	1	2016	si	blaOXA-23	-	KL18	OCL1	r3-T1
GCA_015537965.1	Brasil	1	2013	si	blaOXA-23	-	KL18	OCL1	r3-T1,rP-T1
GCA_015537975.1	Brasil	1	2017	si	blaOXA-23	-	KL18	OCL1	r3-T1
GCA_015537995.1	Brasil	79	2016	si	blaOXA-23	-	KL9	OCL10	r3-T1,rP-T1
GCA_015538025.1	Brasil	25	2016	no	ninguna	2593	KL200	OCL6	r3-T1,r3-T14,r3-T67
GCA_015538045.1	Brasil	15	2016	si	blaOXA-23	2141	KL81	OCL7	r3-T13,r3-T14,rP-T1
GCA_015538055.1	Brasil	1	2016	si	blaOXA-23	-	KL18	OCL1	r3-T1
GCA_015538085.1	Brasil	15	2016	si	blaOXA-23	225	KL22	OCL7	r3-T1,r3-T13,r3-T3
GCA_015538105.1	Brasil	79	2016	si	blaOXA-72	-	KL49	OCL10	r3-T1,r3-T14
GCA_015538125.1	Brasil	20	2008	si	blaOXA-23	-	KL1	OCL1	ninguno
GCA_015538135.1	Brasil	15	2016	si	blaOXA-23	236	KL9	OCL7	r3-T13,r3-T14,r3-T3
GCA_015538155.1	Brasil	151	2016	si	blaOXA-23	2592	KL199	OCL5	r3-T13,rP-T1
GCA_015538165.1	Brasil	79	2016	si	blaOXA-72	-	KL49	OCL10	r3-T1,r3-T14
GCA_015538205.1	Brasil	25	2016	si	blaOXA-23	229	KL139	OCL10	r3-T1,r3-T14,r3-T9
GCA_015538225.1	Brasil	15	2016	si	blaOXA-23	225	KL22	OCL7	r3-T1,r3-T13
GCA_015538235.1	Brasil	1	2017	si	blaOXA-23	-	KL1	OCL1	r3-T1
GCA_015538255.1	Brasil	79	2016	si	blaOXA-23	-	KL9	OCL10	r3-T1,rP-T1
GCA_015538275.1	Brasil	1	2017	si	blaOXA-23	-	KL1	OCL1	r3-T1
GCA_015538305.1	Brasil	25	2016	si	blaOXA-23	229	KL139	OCL10	r3-T1,rP-T1
GCA_015538325.1	Brasil	79	2016	si	blaOXA-72	-	KL49	OCL10	r3-T1,r3-T14
GCA_015538335.1	Brasil	1	2016	si	blaOXA-23	-	KL18	OCL1	r3-T1
GCA_015538345.1	Brasil	15	2016	si	blaOXA-23	236	KL81	OCL7	r3-T14
GCA_015538355.1	Brasil	1	2016	si	blaOXA-23	-	KL18	OCL1	r3-T1
GCA_015666275.1	Brasil	79	2020	si	blaOXA-23	-	KL81	OCL10	r3-T1
GCA_015666285.1	Brasil	-	2020	no	ninguna	236	KL81	OCL7	r3-T14
GCA_015666365.1	Brasil	79	2020	si	blaOXA-72	-	KL22	OCL10	r3-T1,r3-T14
GCA_015666475.1	Brasil	79	2020	si	blaOXA-23	-	KL9	OCL10	r3-T1
GCA_015666515.1	Brasil	1	2020	si	blaOXA-23	-	KL1	OCL1	r3-T1
GCA_015666535.1	Brasil	25	2020	no	ninguna	229	KL14	OCL6	r3-T14,r3-T67
GCA_016054925.1	Brasil	848	2020	si	blaGES-11	-	KL134	OCL6	r3-T137,r3-T24,r3-T6
GCA_016054975.1	Brasil	78	2020	si	blaOXA-72	1961	KL3	OCL1	ninguno
GCA_016055015.1	Brasil	79	2020	si	blaOXA-23	-	KL22	OCL10	r3-T1
GCA_016055335.1	Brasil	79	2020	si	blaOXA-23	-	KL9	OCL10	r3-T1
GCA_016055475.1	Brasil	79	2020	si	blaOXA-23	-	KL22	OCL10	r3-T1
GCA_016055485.1	Brasil	79	2018	no	ninguna	-	KL9	OCL10	r1-T24,r3-T1,r3-T13,r3-T14
GCA_016055595.1	Brasil	79	2019	si	blaOXA-23	-	KL9	OCL10	r3-T1,r3-T12,r3-T18,r3-T2
GCA_016055685.1	Brasil	79	2019	no	ninguna	-	KL9	OCL10	r1-T24,r3-T1,r3-T13,r3-T14
GCA_016055715.1	Brasil	1	2019	si	blaOXA-23	2323	KL18	OCL1	r3-T1
GCA_016055835.1	Brasil	79	2019	si	blaOXA-23	-	KL27	OCL10	r3-T1,r3-T3
GCA_016055945.1	Brasil	1	2019	si	blaKPC,blaOXA-23	-	KL18	OCL1	r3-T1
GCA_016056005.1	Brasil	1	2019	si	blaOXA-23	-	KL18	OCL1	r3-T14
GCA_016056045.1	Brasil	79	2019	no	ninguna	-	KL9	OCL10	r1-T24,r3-T1,r3-T13
GCA_016056095.1	Brasil	25	2019	si	blaOXA-23,blaOXA-72	229	KL139	OCL10	r3-T1,r3-T14,rP-T1
GCA_016056125.1	Brasil	1	2019	si	blaOXA-23	-	KL1	OCL1	r3-T1
GCA_016056145.1	Brasil	79	2019	si	blaKPC,blaOXA-23	-	KL49	OCL10	r3-T1
GCA_016416045.1	Brasil	1	2020	si	blaOXA-23	-	KL17	OCL1	r3-T1,r3-T15
GCA_016484945.1	Brasil	79	2015	si	blaOXA-72	-	KL49	OCL10	r3-T1,r3-T14
GCA_016484955.1	Brasil	79	2015	si	blaOXA-72	-	KL49	OCL10	r3-T1,r3-T14
GCA_016484985.1	Brasil	79	2015	si	blaOXA-23	-	KL3	OCL10	r3-T1
GCA_016485005.1	Brasil	25	2015	si	blaOXA-23,blaOXA-72	690	KL22	OCL10	r3-T1,r3-T14
GCA_016485025.1	Brasil	79	2015	si	blaOXA-72	-	KL9	OCL10	r3-T1
GCA_016485045.1	Brasil	79	2014	si	blaOXA-23	-	KL3	OCL10	r3-T1
GCA_016485085.1	Brasil	25	2017	si	blaOXA-23	229	KL139	OCL10	r3-T1
GCA_016485105.1	Brasil	15	2017	si	blaOXA-23	236	KL81	OCL7	r3-T14
GCA_016485125.1	Brasil	79	2017	si	blaOXA-72	-	KL49	OCL10	r3-T1
GCA_016485145.1	Brasil	730	2017	si	blaOXA-72	-	KL22	OCL10	r3-T13
GCA_016485165.1	Brasil	25	2017	si	blaOXA-23,blaOXA-72	690	KL22	OCL10	r3-T1,r3-T14
GCA_016485185.1	Brasil	79	2017	si	blaOXA-72	-	KL49	OCL10	r3-T1,r3-T14
GCA_016485205.1	Brasil	79	2017	si	blaOXA-23	-	KL9	OCL10	r3-T1
GCA_016485225.1	Brasil	79	2014	si	blaOXA-23	-	KL3	OCL10	r3-T1
GCA_016485245.1	Brasil	15	2017	si	blaOXA-23	236	KL81	OCL7	r3-T13,r3-T14,r3-T3
GCA_016485265.1	Brasil	1	2012	si	blaOXA-23	-	KL1	OCL1	r3-T1
GCA_016485285.1	Brasil	79	2012	si	blaOXA-23	-	KL9	OCL10	r3-T1
GCA_016485305.1	Brasil	79	2017	si	blaOXA-23	-	KL9	OCL10	r3-T1
GCA_016485325.1	Brasil	15	2017	si	blaOXA-23	2141	KL81	OCL7	r3-T13,r3-T14
GCA_016485345.1	Brasil	79	2014	si	blaOXA-23	-	KL3	OCL10	r3-T1
GCA_016485365.1	Brasil	79	2014	si	blaOXA-23	227	KL3	OCL10	r3-T1
GCA_016485725.1	Venezuela	25	2014	si	blaOXA-23	-	KL33	OCL5	r3-T18
GCA_016485745.1	Chile	15	2014	si	blaOXA-58	236	KL9	OCL7	r3-T14,r3-T18
GCA_016485965.1	Venezuela	25	2014	si	blaOXA-23	-	KL33	OCL5	ninguno
GCA_016487265.1	Venezuela	412	2014	si	blaOXA-58	2095	KL77	OCL6	r3-T10,r3-T5
GCA_016487725.1	Chile	318	2014	si	blaOXA-58	225	KL22	OCL3	r3-T14
GCA_016609805.1	Chile	1	2014	no	ninguna	-	KL1	OCL1	r3-T14
GCA_016609885.1	Venezuela	25	2014	si	blaOXA-23	-	KL33	OCL5	ninguno
GCA_017909475.1	Brasil	1	2015	si	blaOXA-23	-	KL1	OCL1	r3-T1
GCA_017909485.1	Brasil	1083	2011	si	blaOXA-23	1620	KL3	OCL7	r3-T13,r3-T14,r3-T3
GCA_017909495.1	Brasil	1083	2011	si	blaOXA-23	1620	KL3	OCL7	r3-T13,r3-T14,r3-T3
GCA_017960395.1	Brasil	1	2015	si	blaOXA-23	-	KL1	OCL1	r3-T1
GCA_018156045.1	Chile	318	2017	si	blaOXA-58	225	KL22	OCL3	r3-T14
GCA_018156055.1	Chile	109	2008	si	blaOXA-58	-	KL49	OCL3	r3-T14,r3-T18,r3-T28
GCA_018156065.1	Chile	876	2019	si	blaOXA-23	-	KL65	OCL1	r3-T14,r3-T3,rP-T1
GCA_018156145.1	Chile	15	2019	no	ninguna	225	KL22	OCL7	r3-T14
GCA_018156665.1	Brasil	1	2016	si	blaOXA-23	-	KL18	OCL1	r3-T15,rP-T1
GCA_018156705.1	Brasil	1	2016	si	blaOXA-23	-	KL18	OCL1	r3-T1,r3-T13
GCA_018156725.1	Brasil	1	2016	si	blaOXA-23	-	KL18	OCL1	r3-T1,r3-T13,r3-T15
GCA_018156745.1	Brasil	79	2016	si	blaOXA-72	-	KL49	OCL10	r3-T1,r3-T14
GCA_020657695.1	Brasil	79	2014	si	blaOXA-23	-	KL33	OCL10	r3-T1,r3-T12,r3-T2,rP-T1
GCA_021402995.1	Brasil	2	2020	si	blaOXA-23	-	KL7	OCL1	r3-T1,rP-T1
GCA_023060185.1	Brasil	15	2020	si	blaOXA-23	236	KL9	OCL7	r3-T13,r3-T14,r3-T3
GCA_023060375.1	Brasil	78	2019	si	blaOXA-72	1961	KL3	OCL1	ninguno
GCA_023060655.1	Brasil	78	2019	si	blaOXA-72	1961	KL3	OCL1	ninguno
GCA_023061035.1	Brasil	79	2020	si	blaOXA-72	-	KL33	OCL10	r3-T1,r3-T14
GCA_023572255.1	Brasil	584	2020	si	blaOXA-23	1208	KL24	OCL7	r3-T1,r3-T94
GCA_023572275.1	Brasil	15	2020	si	blaOXA-23	692	KL81	OCL7	r3-T13
GCA_023572305.1	Brasil	25	2020	si	blaOXA-23	690	KL22	OCL10	r3-T1,r3-T16
GCA_023572445.1	Brasil	79	2020	si	blaOXA-23	-	KL22	OCL10	r3-T1
GCA_023572625.1	Brasil	160	2019	si	blaOXA-23	-	KL1	OCL1	r3-T1
GCA_024138435.1	Chile	162	2011	si	blaOXA-23	235	KL19	OCL1	r3-T13,rP-T1
GCA_024139015.1	Chile	109	2010	si	blaOXA-58	1637	KL9	OCL3	r3-T14,r3-T18,r3-T28,r3-T5
GCA_024139035.1	Chile	79	2011	si	blaOXA-23	-	KL9	OCL10	r3-T14
GCA_024139055.1	Chile	318	2010	si	blaOXA-58	225	KL22	OCL7	r3-T14
GCA_024139075.1	Chile	15	2011	si	blaOXA-23	225	KL22	OCL7	r3-T13,r3-T14,rP-T1
GCA_024139095.1	Chile	1	2011	no	ninguna	-	KL1	OCL1	r3-T14
GCA_024151465.1	Chile	241	2013	no	ninguna	613	KL11	OCL8	ninguno
GCA_024151485.1	Chile	162	2010	si	blaOXA-23	235	KL19	OCL1	r3-T13,rP-T1
GCA_024151505.1	Chile	162	2010	si	blaOXA-23	235	KL19	OCL1	r3-T13,rP-T1
GCA_024151525.1	Chile	162	2010	si	blaOXA-23	235	KL19	OCL1	r3-T13,r3-T18,rP-T1
GCA_024151535.1	Chile	162	2010	si	blaOXA-23	235	KL19	OCL1	r3-T13,rP-T1
GCA_024151565.1	Chile	109	2012	si	blaOXA-58	1637	KL9	OCL3	r3-T14,r3-T5
GCA_024151585.1	Chile	109	2012	si	blaOXA-58	1637	KL9	OCL3	r3-T14,r3-T18,r3-T28,r3-T5
GCA_024151605.1	Chile	109	2012	si	blaOXA-58	1637	KL9	OCL3	r3-T14,r3-T18,r3-T28,r3-T5
GCA_024151615.1	Chile	109	2012	si	blaOXA-58	1637	KL9	OCL3	r3-T14,r3-T18,r3-T28,r3-T5
GCA_024151645.1	Chile	109	2012	si	blaOXA-58	1637	KL9	OCL3	r3-T14,r3-T18,r3-T28,r3-T5
GCA_024151665.1	Chile	109	2011	si	blaOXA-58	1637	KL9	OCL3	r3-T14,r3-T18,r3-T28
GCA_024151685.1	Chile	109	2010	si	blaOXA-58	1637	KL9	OCL3	r3-T14,r3-T18
GCA_024151695.1	Chile	109	2011	si	blaOXA-58	1637	KL9	OCL3	r3-T14,r3-T18,r3-T28
GCA_024151725.1	Chile	79	2012	si	blaOXA-23	-	KL9	OCL10	r3-T14
GCA_024151745.1	Chile	79	2012	si	blaOXA-23	-	KL9	OCL10	r3-T14
GCA_024151765.1	Chile	318	2011	si	blaOXA-23	225	KL22	OCL7	r3-T14,rP-T1
GCA_024151775.1	Chile	79	2012	si	blaOXA-23	-	KL9	OCL10	r3-T14
GCA_024151795.1	Chile	79	2012	si	blaOXA-23	-	KL9	OCL10	r3-T14
GCA_024151825.1	Chile	109	2010	si	blaOXA-58	1637	KL9	OCL3	r3-T14,r3-T18,r3-T28
GCA_024151845.1	Chile	15	2013	no	ninguna	225	KL22	OCL7	r3-T13,r3-T14
GCA_024151865.1	Chile	15	2012	no	ninguna	225	KL22	OCL7	r3-T13,r3-T14
GCA_024151885.1	Chile	15	2010	no	ninguna	225	KL22	OCL7	r3-T13,r3-T14
GCA_024151895.1	Chile	15	2011	no	ninguna	225	KL22	OCL7	r3-T13
GCA_024151905.1	Chile	15	2010	no	ninguna	236	KL9	OCL7	r3-T14
GCA_024151945.1	Chile	15	2010	si	blaOXA-58	236	KL9	OCL7	r3-T14,r3-T18
GCA_024151965.1	Chile	1	2011	no	ninguna	-	KL1	OCL1	r3-T14
GCA_024151985.1	Chile	1	2011	no	ninguna	-	KL1	OCL1	r3-T14
GCA_024152085.1	Chile	15	2010	no	ninguna	225	KL22	OCL7	r3-T13,r3-T14
GCA_024271825.1	Chile	162	2012	si	blaOXA-23	235	KL19	OCL1	r3-T13,rP-T1
GCA_024505645.2	Brasil	-	2021	si	blaNDM-1,blaOXA-58	-	KL6	OCL2	r3-T15
GCA_024649355.1	Argentina	2	2021	si	blaNDM-1	-	KL2	OCL5	ninguno
GCA_024649375.1	Argentina	2	2016	no	ninguna	-	KL2	OCL5	ninguno
GCA_025950435.1	Brasil	464	2021	si	blaNDM-1,blaOXA-58	1752	KL121	OCL6	r3-T13,r3-T3
GCA_025950485.1	Brasil	-	2021	si	blaNDM-1,blaOXA-58	-	KL6	OCL2	r3-T15,r3-T61
GCA_025971765.1	Brasil	464	2021	si	blaNDM,blaOXA-58	878	KL210	OCL6	r3-T13,r3-T3
GCA_025971805.1	Brasil	575	2021	si	blaNDM-1,blaOXA-58	-	KL64	OCL2	r3-T15,r3-T37,r3-T5,r3-T7,rP-T5
GCA_025971935.1	Brasil	739	2020	si	blaNDM	-	KL225	OCL6	r3-T15,r3-T168,r3-T60
GCA_026239565.1	Brasil	10	2021	si	blaNDM-1,blaOXA-58	-	KL77	OCL2	r3-T5,r3-T7
GCA_026300595.1	Paraguay	1	2020	si	blaOXA-23	-	KL1	OCL1	r3-T14
GCA_026301315.1	Paraguay	15	2020	si	blaOXA-23	1619	KL167	OCL7	r3-T13,r3-T14
GCA_026302075.1	Paraguay	15	2020	si	blaOXA-23	1619	KL167	OCL7	r3-T13,r3-T14,r3-T3
GCA_026311855.1	Ecuador	2	2020	si	blaOXA-72	-	KL2	OCL1	r3-T18,r3-T3
GCA_026311875.1	Ecuador	2	2020	si	blaOXA-72	-	KL2	OCL1	r3-T18,r3-T3
GCA_026318965.1	Paraguay	1	2020	si	blaOXA-23	-	KL1	OCL1	r3-T14
GCA_026340685.1	Ecuador	2	2020	si	blaOXA-72	-	KL2	OCL1	r3-T18,r3-T3
GCA_026340785.1	Ecuador	2	2020	si	blaOXA-72	-	KL2	OCL1	r3-T18,r3-T3
GCA_026340865.1	Ecuador	79	2020	no	ninguna	-	KL9	OCL10	r3-T13
GCA_026340935.1	Ecuador	2	2020	si	blaOXA-72	-	KL2	OCL1	r3-T18,r3-T3
GCA_026358375.1	Paraguay	25	2020	si	blaOXA-23	490	KL9	OCL5	r1-T22,r3-T14,r3-T3
GCA_026358395.1	Paraguay	1	2020	si	blaOXA-23	-	KL1	OCL1	r3-T14
GCA_026358415.1	Paraguay	25	2020	si	blaNDM-1	229	KL14	OCL6	r1-T2
GCA_026358455.1	Paraguay	512	2020	no	ninguna	952	KL72	OCL1	ninguno
GCA_026358475.1	Paraguay	1	2020	si	blaOXA-23	-	KL1	OCL1	r3-T14
GCA_026358495.1	Paraguay	79	2020	si	blaOXA-23	-	KL9	OCL10	r3-T14
GCA_026358515.1	Paraguay	1	2020	si	blaOXA-23	-	KL1	OCL1	r3-T14
GCA_026358555.1	Paraguay	1	2020	si	blaOXA-23	-	KL1	OCL1	r3-T14
GCA_026358575.1	Paraguay	79	2020	si	blaOXA-23	758	KL9	OCL10	r1-T4,r3-T26,r3-T3
GCA_026358595.1	Paraguay	1	2020	si	blaOXA-23	-	KL1	OCL1	r3-T14
GCA_026358675.1	Paraguay	1	2020	si	blaOXA-23	-	KL1	OCL1	r3-T14
GCA_026358715.1	Paraguay	1	2020	si	blaOXA-23	-	KL1	OCL1	r3-T1
GCA_026358855.1	Paraguay	25	2020	si	blaNDM-1	229	KL14	OCL6	r1-T2
GCA_026358875.1	Paraguay	2	2020	si	blaOXA-23	-	KL2	OCL5	r3-T3
GCA_026358895.1	Paraguay	25	2020	si	blaNDM-1	229	KL14	OCL6	r1-T2
GCA_026554895.1	Colombia	79	2019	si	blaOXA-23	758	KL9	OCL10	r3-T26,r3-T85,rP-T1
GCA_026554915.1	Colombia	79	2019	si	blaOXA-23	2128	KL32	OCL13	r3-T26,r3-T3,r3-T85
GCA_026555015.1	Colombia	25	2019	si	blaOXA-23	-	KL196	OCL5	ninguno
GCA_026555055.1	Colombia	78	2019	si	blaOXA-23	-	KL3	OCL1	r1-T2
GCA_026555075.1	Colombia	1635	2019	si	blaOXA-72	-	KL20	OCL4	r3-T13,r3-T8,r3-T97
GCA_026555095.1	Chile	318	2019	no	ninguna	225	KL22	OCL3	r3-T14
GCA_026555115.1	Chile	318	2018	no	ninguna	225	KL22	OCL3	r3-T14
GCA_026555155.1	Chile	318	2019	si	blaOXA-58	225	KL22	OCL7	r3-T14,r3-T34
GCA_026555195.1	Chile	318	2019	si	blaOXA-58	225	KL22	OCL7	r3-T14,r3-T34
GCA_026555235.1	Argentina	2	2019	si	blaOXA-23	-	KL3	OCL1	r3-T1
GCA_026555275.1	Argentina	1	2019	si	blaOXA-23	-	KL1	OCL1	r3-T14
GCA_026555295.1	Argentina	1	2019	si	blaOXA-23	-	KL1	OCL1	r3-T14
GCA_026555315.1	Argentina	1	2019	si	blaOXA-23	-	KL1	OCL1	r3-T14
GCA_026561215.1	Argentina	1	2019	si	blaOXA-23	-	KL1	OCL1	r3-T14
GCA_026561235.1	Argentina	1	2019	si	blaOXA-23	-	KL1	OCL1	r3-T14
GCA_026561255.1	Argentina	1	2019	si	blaOXA-23	-	KL1	OCL1	r3-T14
GCA_026561275.1	Argentina	1	2019	si	blaOXA-23	-	KL1	OCL1	r3-T1
GCA_026561295.1	Argentina	1	2019	si	blaOXA-23	-	KL1	OCL1	r3-T14
GCA_026561315.1	Argentina	1	2019	si	blaOXA-23	-	KL1	OCL1	r3-T14
GCA_026561335.1	Argentina	1	2019	si	blaOXA-23	-	KL1	OCL1	r3-T14
GCA_026561355.1	Argentina	1	2019	si	blaOXA-23	-	KL1	OCL1	r3-T1
GCA_026561375.1	Argentina	1	2019	si	blaOXA-23	-	KL1	OCL1	r3-T1
GCA_026561415.1	Argentina	1	2019	si	blaOXA-23	-	KL1	OCL1	r3-T1
GCA_026561435.1	Argentina	2	2019	si	blaOXA-23	-	KL2	OCL21	ninguno
GCA_026561455.1	Argentina	25	2019	si	blaOXA-23	-	KL77	OCL5	r3-T14
GCA_026561475.1	Argentina	25	2019	si	blaOXA-23	490	KL9	OCL5	r3-T14
GCA_026561495.1	Argentina	1	2019	si	blaOXA-23	-	KL1	OCL1	r3-T1
GCA_026561515.1	Argentina	1	2019	si	blaOXA-23	-	KL1	OCL1	r3-T1
GCA_026568275.1	Argentina	25	2019	si	blaOXA-23	490	KL9	OCL5	r3-T14
GCA_026568295.1	Argentina	1	2019	si	blaOXA-23	-	KL1	OCL1	r3-T1
GCA_026568315.1	Argentina	25	2019	si	blaOXA-23	-	KL37	OCL5	r3-T14
GCA_026568355.1	Argentina	25	2019	si	blaOXA-23	-	KL37	OCL13	r3-T14
GCA_026568375.1	Colombia	79	2019	si	blaOXA-23	2128	KL32	OCL5	r3-T26,r3-T3,r3-T85
GCA_026568385.1	Argentina	25	2019	si	blaOXA-23	490	KL9	OCL13	r3-T14
GCA_026568415.1	Argentina	25	2019	si	blaOXA-23	691	KL23	OCL5	r3-T14
GCA_026568455.1	Colombia	79	2019	si	blaOXA-23	2128	KL32	OCL13	r3-T26,r3-T3,r3-T85
GCA_026568475.1	Colombia	25	2019	si	blaOXA-23	-	KL3	OCL5	ninguno
GCA_026568495.1	Colombia	25	2019	si	blaOXA-23	-	KL3	OCL13	ninguno
GCA_026568515.1	Colombia	25	2019	si	blaOXA-23	-	KL3	OCL5	ninguno
GCA_026568535.1	Colombia	25	2019	si	blaOXA-23	-	KL3	OCL5	ninguno
GCA_026568575.1	Colombia	25	2019	si	blaOXA-23	-	KL3	OCL13	ninguno
GCA_026568595.1	Colombia	25	2019	si	blaOXA-23	-	KL3	OCL13	ninguno
GCA_028402465.1	Brasil	79	2013	si	blaOXA-23	-	KL22	OCL10	r3-T1
GCA_028402505.1	Brasil	-	2013	no	ninguna	3041	KL203	OCL4	ninguno
GCA_028435895.1	Brasil	113	2014	no	ninguna	1337	KL10	OCL7	r3-T1,rP-T1
GCA_028435925.1	Brasil	15	2014	no	ninguna	225	KL22	OCL7	r3-T13,r3-T14,r3-T3,r3-T94
GCA_028435965.1	Brasil	15	2014	no	ninguna	225	KL22	OCL7	r3-T14,r3-T3,r3-T94
GCA_028435975.1	Brasil	1	2006	si	blaOXA-23	-	KL18	OCL1	r3-T1,r3-T62
GCA_028435995.1	Brasil	113	2014	no	ninguna	1337	KL10	OCL7	r3-T1,rP-T1
GCA_028436005.1	Brasil	881	2014	no	ninguna	-	KL15	OCL1	r3-T14
GCA_028439845.1	Brasil	79	2014	no	ninguna	-	KL13	OCL10	ninguno
GCA_028439855.1	Brasil	881	2014	no	ninguna	-	KL15	OCL1	r3-T1,r3-T14
GCA_028439875.1	Brasil	25	2014	no	ninguna	1341	KL37	OCL6	r3-T1,r3-T14,r3-T3
GCA_028439905.1	Brasil	113	2014	no	ninguna	1338	KL13	OCL7	r3-T1,r3-T14,rP-T1
GCA_028439915.1	Brasil	15	2014	no	ninguna	225	KL22	OCL7	r3-T1,r3-T14,r3-T3
GCA_028439945.1	Brasil	-	2014	no	ninguna	1338	KL13	OCL7	r3-T1,r3-T14,rP-T1
GCA_028439955.1	Brasil	15	2014	no	ninguna	225	KL22	OCL7	r3-T13,r3-T14,r3-T3
GCA_028439975.1	Brasil	113	2014	no	ninguna	1336	KL81	OCL7	r3-T1,r3-T14,rP-T1
GCA_028440005.1	Brasil	113	2014	no	ninguna	1338	KL13	OCL7	r3-T1,r3-T14,rP-T1
GCA_028440015.1	Brasil	79	2010	si	blaOXA-72	-	KL210	OCL10	r3-T1,r3-T14
GCA_028440045.1	Brasil	79	2010	no	ninguna	-	KL52	OCL10	r3-T1,r3-T94
GCA_028440065.1	Brasil	113	2010	no	ninguna	1338	KL27	OCL7	r3-T1,rP-T1
GCA_028440075.1	Brasil	79	2010	si	blaOXA-72	-	KL210	OCL10	r3-T1,r3-T14
GCA_028440105.1	Brasil	79	2010	si	blaOXA-72	-	KL210	OCL10	r3-T1,r3-T14
GCA_028440125.1	Brasil	79	2010	si	blaOXA-72	-	KL22	OCL10	r3-T1,r3-T14
GCA_028440145.1	Brasil	15	2010	no	ninguna	225	KL22	OCL7	r3-T1,r3-T13,r3-T14,r3-T3
GCA_028440165.1	Brasil	113	2010	si	blaOXA-23	1338	KL13	OCL7	r3-T1,r3-T14,rP-T1
GCA_028440185.1	Brasil	79	2012	no	ninguna	-	KL52	OCL10	r3-T1
GCA_028440195.1	Brasil	113	2014	no	ninguna	1338	KL13	OCL7	r3-T1,r3-T14,rP-T1
GCA_028440225.1	Brasil	79	2014	si	blaOXA-72	-	KL22	OCL10	r3-T1
GCA_028440245.1	Brasil	1	2014	si	blaOXA-23	-	KL18	OCL1	r3-T1,r3-T62
GCA_028440255.1	Brasil	79	2010	si	blaOXA-72	-	KL210	OCL10	r3-T1,r3-T14
GCA_028440285.1	Brasil	79	2012	no	ninguna	-	KL52	OCL10	r3-T1,r3-T94
GCA_028440295.1	Brasil	79	2012	no	ninguna	-	KL52	OCL10	r3-T1,r3-T94
GCA_028440325.1	Brasil	1	2014	si	blaOXA-23	-	KL1	OCL1	r3-T1
GCA_028440335.1	Brasil	79	2014	no	ninguna	-	KL49	OCL10	r3-T1
GCA_028440365.1	Brasil	15	2014	no	ninguna	225	KL22	OCL7	r3-T1,r3-T13
GCA_028440385.1	Brasil	15	2012	no	ninguna	236	KL9	OCL7	r3-T1,r3-T14,r3-T3,r3-T94
GCA_028440395.1	Brasil	1	2014	si	blaOXA-23	-	KL18	OCL1	r3-T1,r3-T62
GCA_028440415.1	Brasil	1	2012	si	blaOXA-23	-	KL18	OCL1	r3-T1,r3-T62
GCA_028440435.1	Brasil	15	2012	no	ninguna	225	KL22	OCL7	r3-T1,r3-T13,r3-T14,r3-T3
GCA_028440485.1	Brasil	15	2012	no	ninguna	225	KL22	OCL7	r3-T1,r3-T13,r3-T14
GCA_028440505.1	Brasil	113	2012	no	ninguna	1336	KL152	OCL7	r3-T1,r3-T14,r3-T62,rP-T1
GCA_028440515.1	Brasil	113	2012	no	ninguna	1338	KL27	OCL7	r3-T1,r3-T14,rP-T1
GCA_028440525.1	Brasil	79	2012	no	ninguna	-	KL13	OCL10	r3-T1
GCA_028440555.1	Brasil	113	2012	no	ninguna	1337	KL10	OCL7	r3-T1,rP-T1
GCA_028440585.1	Brasil	15	2012	no	ninguna	236	KL9	OCL7	r3-T1,r3-T14,r3-T3,r3-T94
GCA_028440615.1	Brasil	79	2012	no	ninguna	-	KL9	OCL10	r3-T1,r3-T14
GCA_028440635.1	Brasil	113	2012	no	ninguna	1336	KL152	OCL7	r3-T14,rP-T1
GCA_028440705.1	Brasil	113	2014	no	ninguna	1336	KL152	OCL7	r3-T1
GCA_029477905.1	Brasil	79	2008	si	blaOXA-23	-	KL33	OCL10	r3-T1
GCA_029761775.1	Brasil	15	2010	si	blaOXA-23	225	KL3	OCL7	r3-T13,r3-T14
GCA_029761785.1	Brasil	79	2007	si	blaOXA-23	-	KL9	OCL10	ninguno
GCA_029955785.1	Ecuador	2	2022	si	blaOXA-72	-	KL2	OCL1	r3-T18,r3-T3
GCA_029955865.1	Ecuador	108	2022	si	blaOXA-72	-	KL116	OCL1	r3-T13,r3-T50
GCA_029956025.1	Ecuador	108	2022	si	blaOXA-72	-	KL116	OCL1	r3-T13,r3-T50
GCA_030016845.1	Ecuador	79	2022	no	ninguna	-	KL23	OCL10	r3-T13
GCA_030016875.1	Ecuador	2	2021	si	blaOXA-72	-	KL2	OCL1	r3-T18,r3-T3
GCA_030165035.1	Brasil	15	2020	si	blaOXA-23	225	KL3	OCL7	r3-T14,r3-T16,r3-T3,rP-T1
GCA_030550885.1	Brasil	2	2022	si	blaOXA-23	-	KL7	OCL1	ninguno
GCA_030550895.1	Brasil	2	2022	si	blaOXA-23	-	KL56	OCL1	r3-T1
GCA_030550955.1	Brasil	2	2022	si	blaOXA-23	-	KL9	OCL1	r3-T1,r3-T15,rP-T1
GCA_030550965.1	Brasil	2	2022	si	blaOXA-23	-	KL56	OCL1	r3-T1,r3-T3
GCA_030550975.1	Brasil	2	2022	si	blaOXA-23	-	KL7	OCL1	r3-T1,r3-T15
GCA_030551015.1	Brasil	2	2022	si	blaOXA-23	-	KL7	OCL1	r3-T1,r3-T15
GCA_030551035.1	Brasil	2	2022	si	blaOXA-23	-	KL9	OCL1	r3-T1,r3-T15
GCA_030551055.1	Brasil	2	2022	si	blaOXA-23	-	KL56	OCL1	r3-T1,r3-T3
GCA_030551065.1	Brasil	-	2022	si	blaOXA-23	-	KL9	OCL1	r3-T1,r3-T15,r3-T3
GCA_030551075.1	Brasil	2	2022	si	blaOXA-23	-	KL7	OCL1	r3-T1
GCA_030551115.1	Brasil	2	2022	si	blaOXA-23	-	KL56	OCL1	r3-T1
GCA_030551135.1	Brasil	2	2022	si	blaOXA-23	-	KL7	OCL1	r3-T1
GCA_030551145.1	Brasil	2	2022	si	blaOXA-23	-	KL56	OCL1	r3-T1,r3-T3
GCA_030551165.1	Brasil	2	2022	si	blaOXA-23	-	KL56	OCL1	r3-T1
GCA_030551215.1	Brasil	2	2022	si	blaOXA-23	-	KL56	OCL1	r3-T1,r3-T3
GCA_030551235.1	Brasil	2	2022	si	blaOXA-23	-	KL56	OCL1	r3-T1,r3-T3
GCA_030755485.1	Argentina	2	2020	si	blaOXA-23	-	KL2	OCL5	ninguno
GCA_030755775.1	Brasil	15	2019	si	blaNDM,blaOXA-23	236	KL81	OCL7	r3-T14
GCA_030755855.1	Argentina	25	2019	si	blaNDM-1,blaOXA-23	229	KL14	OCL6	r1-T2
GCA_030756075.1	Argentina	2	2017	si	blaOXA-23	-	KL2	OCL5	ninguno
GCA_030756135.1	Argentina	2	2017	si	blaOXA-23	-	KL2	OCL5	ninguno
GCA_030756395.1	Argentina	2	2016	si	blaOXA-23	-	KL2	OCL5	ninguno
GCA_030756425.1	Argentina	25	2016	si	blaNDM-1	229	KL14	OCL6	r1-T2
GCA_031100955.1	Brasil	15	2020	si	blaOXA-23	236	KL81	OCL7	r3-T14
GCA_031100975.1	Brasil	1	2020	si	blaOXA-23	-	KL17	OCL1	r3-T1
GCA_034296425.1	Paraguay	79	2021	si	blaOXA-23	-	KL9	OCL10	r3-T14
GCA_034296455.1	Paraguay	2	2022	si	blaOXA-23	-	KL3	OCL1	r3-T1
GCA_034296475.1	Paraguay	2	2021	si	blaOXA-23	-	KL2	OCL5	ninguno
GCA_034296495.1	Paraguay	25	2022	si	blaOXA-23	3276	KL149	OCL5	r3-T3
GCA_034296515.1	Paraguay	2	2022	si	blaOXA-23	-	KL3	OCL1	ninguno
GCA_034296535.1	Paraguay	2526	2021	si	blaOXA-23	3275	KL22	OCL7	r3-T14
GCA_034296555.1	Paraguay	2	2022	si	blaOXA-23	-	KL3	OCL1	ninguno
GCA_034296575.1	Paraguay	79	2021	si	blaOXA-23	-	KL9	OCL10	r3-T14
GCA_034296595.1	Paraguay	2266	2021	no	ninguna	3274	KL223	OCL21	r3-T31,r3-T5
GCA_034296605.1	Paraguay	79	2021	si	blaOXA-23	-	KL9	OCL10	r3-T14
GCA_034296615.1	Paraguay	25	2021	si	blaOXA-23	1489	KL77	OCL5	r3-T3,r3-T6
GCA_034296625.1	Paraguay	79	2021	si	blaOXA-23	-	KL9	OCL10	r3-T14
GCA_034296675.1	Paraguay	25	2021	si	blaOXA-23	691	KL65	OCL10	r3-T14
GCA_034296695.1	Paraguay	1	2022	si	blaOXA-23	-	KL1	OCL1	r3-T14
GCA_034296705.1	Paraguay	25	2021	si	blaOXA-23	1489	KL22	OCL10	r3-T14
GCA_034296735.1	Paraguay	1	2021	si	blaOXA-23	-	KL1	OCL1	r3-T14
GCA_034296755.1	Paraguay	25	2022	si	blaOXA-23	3276	KL149	OCL5	r3-T3
GCA_034296765.1	Paraguay	25	2021	si	blaOXA-23	490	KL9	OCL5	r1-T22,r3-T14
GCA_034296795.1	Paraguay	79	2021	si	blaOXA-23	-	KL9	OCL10	r3-T14
GCA_034296805.1	Paraguay	2526	2021	si	blaOXA-23	3275	KL22	OCL7	r3-T14
GCA_034296825.1	Paraguay	25	2022	si	blaOXA-23	3276	KL149	OCL5	r3-T3
GCA_034296835.1	Paraguay	2	2022	si	blaOXA-23	-	KL3	OCL1	r3-T1
GCA_034296875.1	Paraguay	2	2022	si	blaOXA-23	-	KL3	OCL1	r3-T1
GCA_034296895.1	Paraguay	2	2021	si	blaOXA-23	-	KL3	OCL1	r3-T1
GCA_034296915.1	Paraguay	2	2021	si	blaOXA-23	-	KL3	OCL1	r3-T1
GCA_034296925.1	Paraguay	2	2021	si	blaOXA-23	-	KL2	OCL5	ninguno
GCA_034296945.1	Paraguay	79	2021	si	blaOXA-23	-	KL9	OCL10	r3-T26,r3-T3
GCA_034296955.1	Paraguay	2	2021	si	blaOXA-23	-	KL3	OCL1	r3-T1
GCA_034296995.1	Paraguay	25	2021	si	blaOXA-23	691	KL23	OCL5	r3-T14
GCA_034297015.1	Paraguay	2	2022	si	blaOXA-23	-	KL3	OCL1	ninguno
GCA_034297035.1	Paraguay	79	2021	si	blaOXA-23	-	KL9	OCL10	r3-T14
GCA_034297055.1	Paraguay	2	2022	si	blaOXA-23	-	KL3	OCL1	r3-T1
GCA_034297075.1	Paraguay	15	2021	si	blaOXA-23	236	KL9	OCL7	r3-T14
GCA_034297095.1	Paraguay	79	2021	si	blaOXA-23	-	KL9	OCL10	r3-T14
GCA_034297115.1	Paraguay	2	2021	si	blaOXA-23	-	KL3	OCL1	ninguno
GCA_034297135.1	Paraguay	2	2021	si	blaOXA-23	-	KL3	OCL1	ninguno
GCA_034297155.1	Paraguay	79	2021	si	blaOXA-23	-	KL9	OCL10	r3-T14
GCA_034297175.1	Paraguay	79	2021	si	blaOXA-23	-	KL9	OCL10	r3-T14
GCA_034297195.1	Paraguay	79	2021	si	blaOXA-23	-	KL9	OCL10	r3-T14
GCA_034297215.1	Paraguay	25	2021	si	blaOXA-23	1489	KL77	OCL5	r3-T6
GCA_034297235.1	Paraguay	79	2021	si	blaOXA-23	-	KL9	OCL10	r3-T14
GCA_034297265.1	Paraguay	79	2021	si	blaOXA-23	-	KL9	OCL10	r3-T14
GCA_034297275.1	Paraguay	1	2022	si	blaOXA-23	-	KL1	OCL1	r3-T14
GCA_036533995.1	Brasil	79	2019	si	blaOXA-23	-	KL9	OCL10	ninguno
GCA_037545705.1	Peru	2	2022	si	blaOXA-72	-	KL9	OCL1	r3-T18,r3-T28
GCA_037545745.1	Peru	2	2022	si	blaOXA-72	-	KL9	OCL1	r3-T18,r3-T28
GCA_037545755.1	Peru	2	2022	si	blaOXA-72	-	KL9	OCL1	r3-T18,r3-T28
GCA_037545805.1	Peru	2	2022	no	ninguna	-	KL2	OCL1	r3-T18,r3-T28
GCA_039677705.1	Brasil	-	2021	si	blaNDM-1,blaOXA-58	-	KL6	OCL2	r3-T15,r3-T61
GCA_039677725.1	Brasil	-	2021	si	blaNDM-1,blaOXA-58	-	KL6	OCL2	r3-T15,r3-T61
GCA_039677745.1	Brasil	464	2021	si	blaNDM,blaOXA-58	878	KL210	OCL6	r3-T13,r3-T3
GCA_039677765.1	Brasil	-	2021	si	blaNDM-1,blaOXA-58	-	KL6	OCL2	r3-T15,r3-T61
GCA_040151215.1	Brasil	150	2011	si	blaIMP-1,blaOXA-58	718	KL81	OCL6	r3-T3,r3-T55,r3-T6
GCA_040223795.1	Brasil	1	2019	si	blaOXA-23	-	KL17	OCL1	r3-T1
GCA_041501475.1	Brasil	329	2015	si	blaNDM-1	-	KL9	OCL6	r3-T5,r3-T7
GCA_041927285.1	Argentina	79	2021	si	blaNDM-1,blaOXA-23	-	KL9	OCL10	ninguno
GCA_042142835.1	Bolivia	25	2016	si	blaOXA-23	1489	KL22	OCL5	ninguno
GCA_042153585.1	Argentina	25	2018	si	blaOXA-23	691	KL23	OCL5	r3-T14
GCA_042862905.1	Brasil	1	2019	si	blaOXA-23	-	KL17	OCL1	ninguno
GCA_042862925.1	Brasil	79	2019	si	blaOXA-23	-	KL9	OCL10	ninguno
GCA_042938265.1	Brasil	730	2020	si	blaOXA-23	-	KL22	OCL10	r3-T1,r3-T13
GCA_042939275.1	Brasil	79	2020	si	blaOXA-23	-	KL9	OCL10	r3-T1,rP-T1
GCA_045064695.1	Argentina	1	2014	no	ninguna	-	KL1	OCL1	r3-T13,r3-T14
GCA_045066095.1	Argentina	15	NA	no	ninguna	104	KL77	OCL7	r3-T3,r3-T36,r3-T68
GCA_045066125.1	Argentina	15	NA	no	ninguna	225	KL22	OCL7	r3-T14,r3-T3
GCA_045066145.1	Argentina	79	NA	no	ninguna	-	KL77	OCL10	r3-T36
GCA_045066255.1	Argentina	15	NA	si	blaOXA-58	692	KL81	OCL7	r3-T14,r3-T32,r3-T36,r3-T68
GCA_045066275.1	Argentina	109	NA	no	ninguna	-	KL49	OCL3	r3-T5,r3-T6
GCA_045066335.1	Argentina	79	NA	no	ninguna	-	KL77	OCL10	r3-T14
GCA_045066365.1	Argentina	15	NA	no	ninguna	225	KL22	OCL7	r3-T14,r3-T3,r3-T36,r3-T68
GCA_045066455.1	Argentina	15	NA	no	ninguna	104	KL77	OCL7	r3-T13,r3-T14
GCA_045066515.1	Argentina	109	NA	no	ninguna	542	KL49	OCL3	r3-T5
GCA_045066655.1	Argentina	109	NA	no	ninguna	542	KL49	OCL3	r3-T28,r3-T5,r3-T6
GCA_048067285.1	Paraguay	2	2024	si	blaOXA-23	-	KL3	OCL1	r3-T1
GCA_048067295.1	Paraguay	2	2024	si	blaOXA-23	-	KL3	OCL1	r3-T1
GCA_048067305.1	Paraguay	2	2024	si	blaOXA-23	-	KL81	OCL1	r3-T1,r3-T15
GCA_048069565.1	Paraguay	2	2024	si	blaOXA-23	-	KL3	OCL1	r3-T1
GCA_048480215.1	Paraguay	2	2024	si	blaOXA-23	-	KL81	OCL1	r3-T1,r3-T15
GCA_048750995.1	Argentina	172	2010	no	ninguna	-	KL51	OCL1	ninguno
GCA_049355475.1	Chile	318	2022	no	ninguna	225	KL22	OCL7	r3-T14,r3-T34
GCA_049356015.1	Chile	1	2023	no	ninguna	-	KL1	OCL1	r3-T14
GCA_049388885.1	Chile	1	2023	no	ninguna	-	KL1	OCL1	r3-T14
GCA_049706335.1	Argentina	25	2010	si	blaOXA-23	691	KL23	OCL5	ninguno
GCA_050030175.1	Paraguay	2	2024	si	blaOXA-23	-	KL81	OCL1	r3-T1,r3-T15
GCA_050030185.1	Paraguay	79	2024	si	blaOXA-23	-	KL9	OCL10	r3-T14
GCA_050030675.1	Paraguay	2	2024	si	blaOXA-23	-	KL3	OCL1	r3-T1
GCA_050269755.1	Venezuela	79	2015	si	blaOXA-23	205	KL22	OCL5	r3-T11,r3-T26,rP-T1
GCA_050896615.1	Chile	162	2020	si	blaOXA-23	235	KL19	OCL1	r3-T13,rP-T1
GCA_050896635.1	Chile	15	2021	no	ninguna	225	KL22	OCL7	r3-T14
GCA_050896655.1	Chile	318	2020	no	ninguna	225	KL22	OCL7	r3-T14
GCA_050896695.1	Chile	15	2018	no	ninguna	225	KL22	OCL7	r3-T14
GCA_050896705.1	Chile	15	2020	no	ninguna	225	KL22	OCL7	r3-T14
GCA_050896775.1	Chile	1	2020	si	blaOXA-58	-	KL1	OCL1	r3-T14,r3-T18
GCA_050896815.1	Chile	162	2021	si	blaOXA-23	235	KL19	OCL1	r3-T13,r3-T80,rP-T1
GCA_050896855.1	Chile	162	2021	si	blaOXA-23	235	KL19	OCL1	r3-T13,rP-T1
GCA_050896895.1	Chile	318	2020	si	blaOXA-58	225	KL22	OCL7	r3-T14,r3-T34
GCA_050896935.1	Chile	318	2019	no	ninguna	225	KL22	OCL7	ninguno
GCA_050896975.1	Chile	15	2015	no	ninguna	225	KL22	OCL7	r3-T14
GCA_050897015.1	Chile	318	2019	si	blaOXA-58	225	KL22	OCL3	r3-T14
GCA_050897035.1	Chile	318	2019	si	blaOXA-58	225	KL22	OCL7	r3-T14,r3-T34
GCA_050897055.1	Chile	15	2020	no	ninguna	225	KL22	OCL7	r3-T13,r3-T14
GCA_050897075.1	Chile	15	2020	no	ninguna	225	KL22	OCL7	r3-T14
GCA_050897095.1	Chile	1	2021	si	blaOXA-58	-	KL1	OCL1	r3-T14,r3-T159,r3-T18
GCA_050897115.1	Chile	318	2021	no	ninguna	225	KL22	OCL3	r3-T14
GCA_050897135.1	Chile	1	2021	no	ninguna	-	KL1	OCL1	r3-T14
GCA_050897155.1	Chile	318	2020	no	ninguna	225	KL22	OCL3	r3-T14
GCA_050897175.1	Chile	1	2022	no	ninguna	-	KL1	OCL1	r3-T14
GCA_050897195.1	Chile	162	2024	no	ninguna	235	KL19	OCL1	r3-T13,rP-T1
GCA_050897215.1	Chile	162	2020	si	blaOXA-23	235	KL19	OCL1	r3-T13,rP-T1
GCA_050897235.1	Chile	193	2020	si	blaNDM-1	699	KL48	OCL6	r3-T2
GCA_050897255.1	Chile	15	2020	no	ninguna	225	KL22	OCL7	r3-T14
GCA_050897275.1	Chile	162	2024	si	blaOXA-23	235	KL19	OCL1	r3-T13,rP-T1
GCA_050897295.1	Chile	318	2019	no	ninguna	225	KL22	OCL3	r3-T14
GCA_050897315.1	Chile	15	2007	no	ninguna	225	KL22	OCL7	r3-T13,r3-T14
GCA_050897325.1	Chile	15	2018	no	ninguna	225	KL22	OCL7	r3-T13,r3-T14
GCA_050897355.1	Chile	15	2016	no	ninguna	236	KL9	OCL7	r3-T13,r3-T14
GCA_050897395.1	Chile	318	2017	si	blaOXA-58	225	KL22	OCL3	r3-T14
GCA_050897455.1	Chile	1	2016	no	ninguna	-	KL1	OCL1	r3-T14
GCA_050897475.1	Chile	15	2015	si	blaOXA-23	225	KL22	OCL7	r3-T13,r3-T14
GCA_050897555.1	Chile	15	2015	si	blaOXA-23	225	KL22	OCL7	r3-T13,r3-T14
GCA_050897575.1	Chile	-	2015	no	ninguna	225	KL22	OCL7	r3-T13,r3-T14
GCA_050897595.1	Chile	318	2011	si	blaOXA-58	225	KL22	OCL3	r3-T14
GCA_050897675.1	Chile	162	2009	si	blaOXA-23	235	KL19	OCL1	r3-T13,rP-T1
GCA_050897695.1	Chile	109	1997	no	ninguna	-	KL49	OCL3	r3-T28,r3-T5,r3-T6
GCA_050897715.1	Chile	1	2009	no	ninguna	-	KL1	OCL1	r3-T14
GCA_050897775.1	Chile	109	1993	no	ninguna	-	KL49	OCL3	r3-T28,r3-T5,r3-T6
GCA_050897795.1	Chile	109	1990	no	ninguna	-	KL49	OCL3	r3-T28,r3-T5,r3-T6
GCA_051169065.1	Brasil	2	2021	si	blaOXA-23	-	KL7	OCL1	r3-T1
GCA_051169085.1	Brasil	2	2021	si	blaOXA-23	-	KL7	OCL1	r3-T1
GCA_051169105.1	Brasil	2	2021	si	blaOXA-23	-	KL7	OCL1	r3-T1
GCA_051169125.1	Brasil	2	2021	si	blaOXA-23	-	KL7	OCL1	r3-T1
GCA_051169155.1	Brasil	2	2021	si	blaOXA-23	-	KL7	OCL1	r3-T1
GCA_051169175.1	Brasil	2	2021	si	blaOXA-23	-	KL7	OCL1	r3-T1
GCA_051169195.1	Brasil	2	2021	si	blaOXA-23	-	KL7	OCL1	r3-T1
GCA_051169215.1	Brasil	-	2021	si	blaOXA-23	-	KL7	OCL1	r3-T1
GCA_051169235.1	Brasil	2	2021	si	blaOXA-23	-	KL7	OCL1	r3-T1
GCA_051169255.1	Brasil	2	2021	si	blaOXA-23	-	KL7	OCL1	r3-T1
GCA_051169275.1	Brasil	2	2021	si	blaOXA-23	-	KL7	OCL1	r3-T1
GCA_051169295.1	Brasil	2	2021	si	blaOXA-23	-	KL7	OCL1	r3-T1
GCA_051169315.1	Brasil	2	2021	si	blaOXA-23	-	KL7	OCL1	r3-T1
GCA_051169335.1	Brasil	2	2021	si	blaOXA-23	-	KL7	OCL1	r3-T1
GCA_051169355.1	Brasil	2	2021	si	blaOXA-23	-	KL7	OCL1	r3-T1
GCA_051169375.1	Brasil	2	2021	si	blaOXA-23	-	KL7	OCL1	r3-T1
GCA_051169395.1	Brasil	2	2021	si	blaOXA-23	-	KL7	OCL1	r3-T1
GCA_051169415.1	Brasil	2	2021	si	blaOXA-23	-	KL7	OCL1	r3-T1
GCA_051169435.1	Brasil	2	2021	si	blaOXA-23	-	KL7	OCL1	r3-T1
GCA_051169445.1	Brasil	2	2021	si	blaOXA-23	-	KL7	OCL1	r3-T1
GCA_051169475.1	Brasil	2	2021	si	blaOXA-23	-	KL7	OCL1	r3-T1
GCA_051169495.1	Brasil	2	2021	si	blaOXA-23	-	KL7	OCL1	r3-T1
GCA_051169515.1	Brasil	2	2021	si	blaOXA-23	-	KL7	OCL1	r3-T1
GCA_051169535.1	Brasil	2	2021	si	blaOXA-23	-	KL7	OCL1	r3-T1
GCA_051169555.1	Brasil	2	2021	si	blaOXA-23	-	KL7	OCL1	r3-T1
GCA_051169575.1	Brasil	2	2021	si	blaOXA-23	-	KL7	OCL1	r3-T1,rP-T1
GCA_051169595.1	Brasil	2	2021	si	blaOXA-23	-	KL7	OCL1	r3-T1
GCA_051169615.1	Brasil	2	2021	si	blaOXA-23	-	KL7	OCL1	r3-T1
GCA_051169635.1	Brasil	2	2021	si	blaOXA-23	-	KL7	OCL1	r3-T1
GCA_051169655.1	Brasil	2	2021	si	blaOXA-23	-	KL7	OCL1	r3-T1
GCA_051169675.1	Brasil	2	2021	si	blaOXA-23	-	KL7	OCL1	r3-T1
GCA_051169695.1	Brasil	2	2021	si	blaOXA-23	-	KL7	OCL1	r3-T1
GCA_051169715.1	Brasil	2	2021	si	blaOXA-23	-	KL7	OCL1	r3-T1
GCA_051169745.1	Brasil	2	2021	si	blaOXA-23	-	KL7	OCL1	r3-T1
GCA_051169765.1	Brasil	2	2021	si	blaOXA-23	-	KL7	OCL1	r3-T1
GCA_051169785.1	Brasil	2	2021	si	blaOXA-23	-	KL7	OCL1	r3-T1
GCA_051169805.1	Brasil	2	2021	si	blaOXA-23	-	KL7	OCL1	r3-T1
GCA_051169825.1	Brasil	2	2021	si	blaOXA-23	-	KL7	OCL1	r3-T1,rP-T1
GCA_051169845.1	Brasil	2	2021	si	blaOXA-23	-	KL7	OCL1	r3-T1
GCA_051169865.1	Brasil	2	2021	si	blaOXA-23	-	KL7	OCL1	r3-T1
GCA_051169885.1	Brasil	2	2021	si	blaOXA-23	-	KL7	OCL1	r3-T1
GCA_051169905.1	Brasil	2	2021	si	blaOXA-23	-	KL7	OCL1	r3-T1
GCA_051169925.1	Brasil	2	2021	si	blaOXA-23	-	KL7	OCL1	r3-T1
GCA_051169945.1	Brasil	2	2021	si	blaOXA-23	-	KL7	OCL1	r3-T1
GCA_051169965.1	Brasil	2	2021	si	blaOXA-23	-	KL7	OCL1	r3-T1
GCA_051169985.1	Brasil	2	2021	si	blaOXA-23	-	KL7	OCL1	r3-T1
GCA_051170005.1	Brasil	2	2021	si	blaOXA-23	-	KL7	OCL1	r3-T1,rP-T1
GCA_051170025.1	Brasil	2	2021	si	blaOXA-23	-	KL7	OCL1	r3-T1
GCA_051170045.1	Brasil	2	2021	si	blaOXA-23	-	KL7	OCL1	r3-T1,rP-T1
GCA_051170065.1	Brasil	2	2021	si	blaOXA-23	-	KL7	OCL1	r3-T1
GCA_051170085.1	Brasil	2	2021	si	blaOXA-23	-	KL7	OCL1	r3-T1
GCA_051170105.1	Brasil	2	2021	si	blaOXA-23	-	KL7	OCL1	r3-T1
GCA_051170125.1	Brasil	2	2021	si	blaOXA-23	-	KL7	OCL1	r3-T1
GCA_051170145.1	Brasil	2	2021	si	blaOXA-23	-	KL7	OCL1	r3-T1
GCA_051170165.1	Brasil	2	2021	si	blaOXA-23	-	KL7	OCL1	r3-T1
GCA_051170185.1	Brasil	2	2021	si	blaOXA-23	-	KL7	OCL1	r3-T1
GCA_051170205.1	Brasil	2	2021	si	blaOXA-23	-	KL7	OCL1	r3-T1
GCA_051170225.1	Brasil	2	2021	si	blaOXA-23	-	KL7	OCL1	r3-T1
GCA_051170245.1	Brasil	2	2021	si	blaOXA-23	-	KL7	OCL1	r3-T1
GCA_051170265.1	Brasil	2	2021	si	blaOXA-23	-	KL7	OCL1	r3-T1,rP-T1
GCA_051170285.1	Brasil	2	2021	si	blaOXA-23	-	KL7	OCL1	r3-T1
GCA_051170305.1	Brasil	2	2021	si	blaOXA-23	-	KL7	OCL1	r3-T1
GCA_051170325.1	Brasil	2	2021	si	blaOXA-23	-	KL7	OCL1	r3-T1,r3-T15
GCA_051170345.1	Brasil	2	2021	si	blaOXA-23	-	KL7	OCL1	r3-T1
GCA_051170365.1	Brasil	2	2021	si	blaOXA-23	-	KL7	OCL1	r3-T1
GCA_051170385.1	Brasil	2	2021	si	blaOXA-23	-	KL7	OCL1	r3-T1
GCA_051170405.1	Brasil	2	2021	si	blaOXA-23	-	KL7	OCL1	r3-T1,r3-T15
GCA_051170425.1	Brasil	2	2021	si	blaOXA-23	-	KL7	OCL1	r3-T1
GCA_051170445.1	Brasil	2	2021	si	blaOXA-23	-	KL7	OCL1	r3-T1
GCA_051170465.1	Brasil	2	2021	si	blaOXA-23	-	KL7	OCL1	r3-T1,r3-T15
GCA_051170485.1	Brasil	2	2021	si	blaOXA-23	-	KL7	OCL1	r3-T1,r3-T15
GCA_051170505.1	Brasil	2	2021	si	blaOXA-23	-	KL7	OCL1	r3-T1
GCA_051170525.1	Brasil	2	2021	si	blaOXA-23	-	KL7	OCL1	r3-T1
GCA_051170545.1	Brasil	2	2021	si	blaOXA-23	-	KL7	OCL1	r3-T1,r3-T15
GCA_051170565.1	Brasil	2	2021	si	blaOXA-23	-	KL7	OCL1	r3-T1,r3-T15
GCA_051170585.1	Brasil	2	2021	si	blaOXA-23	-	KL7	OCL1	r3-T1,r3-T15
GCA_051170605.1	Brasil	2	2021	si	blaOXA-23	-	KL7	OCL1	r3-T1
GCA_051170625.1	Brasil	2	2021	si	blaOXA-23	-	KL7	OCL1	r3-T1
GCA_051170645.1	Brasil	2	2020	si	blaOXA-23	-	KL7	OCL1	r3-T1
GCA_051170665.1	Brasil	2	2020	si	blaOXA-23	-	KL7	OCL1	r3-T1
GCA_051170685.1	Brasil	2	2020	si	blaOXA-23	-	KL7	OCL1	r3-T1
GCA_051170705.1	Brasil	2	2020	si	blaOXA-23	-	KL7	OCL1	r3-T1
GCA_051170725.1	Brasil	2	2020	si	blaOXA-23	-	KL7	OCL1	r3-T1
GCA_051170745.1	Brasil	2	2020	si	blaOXA-23	-	KL7	OCL1	r3-T1
GCA_051170765.1	Brasil	2	2020	si	blaOXA-23	-	KL7	OCL1	r3-T1
GCA_051170785.1	Brasil	2	2020	si	blaOXA-23	-	KL7	OCL1	r3-T1,rP-T1
GCA_051170805.1	Brasil	2	2020	si	blaOXA-23	-	KL7	OCL1	r3-T1
GCA_051170825.1	Brasil	2	2020	si	blaOXA-23	-	KL7	OCL1	r3-T1
GCA_051170845.1	Brasil	2	2020	si	blaOXA-23	-	KL7	OCL1	r3-T1
GCA_051776275.1	Bolivia	267	2016	no	ninguna	942	KL9	OCL2	rP-T1
GCA_051842185.1	Brasil	79	2022	si	blaOXA-23	227	KL3	OCL10	r3-T1
GCA_051842205.1	Brasil	25	2023	si	blaOXA-23	690	KL22	OCL10	r3-T1,rP-T1
GCA_051842225.1	Brasil	2	2021	si	blaOXA-23	-	KL9	OCL1	r3-T1,r3-T15,rP-T1
GCA_051842245.1	Brasil	2	2020	si	blaOXA-23	-	KL7	OCL1	r3-T1,r3-T15
GCA_051842265.1	Brasil	2	2022	si	blaNDM-1,blaOXA-23	-	KL9	OCL1	r3-T1,r3-T15,rP-T1
GCA_051842285.1	Brasil	2	2022	si	blaNDM-1,blaOXA-23	-	KL9	OCL1	r3-T1,r3-T15,rP-T1
GCA_051842305.1	Brasil	2	2023	si	blaNDM-1,blaOXA-23	-	KL9	OCL1	r3-T1,r3-T15,rP-T1
GCA_051941745.1	Peru	2724	2021	si	blaOXA-72	-	KL9	OCL1	r3-T18,r3-T28
GCA_051942065.1	Peru	2	2021	si	blaOXA-72	-	KL9	OCL1	r3-T18,r3-T28,r3-T3
GCA_052115825.1	Brasil	79	2021	si	blaOXA-23	-	KL167	OCL10	r3-T1
GCA_052371335.1	Argentina	25	2023	si	blaOXA-23	691	KL2	OCL5	r3-T14
GCA_052371415.1	Argentina	25	2024	si	blaOXA-23	490	KL9	OCL5	r3-T14
GCA_052371495.1	Argentina	2	2023	si	blaOXA-23	-	KL3	OCL1	r3-T1
GCA_052371515.1	Argentina	2	2023	si	blaOXA-23	-	KL3	OCL1	r3-T1
GCA_052371655.1	Argentina	2	2024	si	blaOXA-23	-	KL3	OCL1	r3-T1
GCA_052371695.1	Argentina	2	2023	si	blaOXA-23	-	KL3	OCL1	r3-T1
GCA_052371715.1	Argentina	2	2023	si	blaOXA-23	-	KL3	OCL1	r3-T1
GCA_052371735.1	Argentina	2	2023	si	blaOXA-23	-	KL3	OCL1	r3-T1
GCA_052492475.1	Brasil	2	2022	si	blaNDM-1,blaOXA-23	-	KL7	OCL1	r3-T1
GCA_052492535.1	Brasil	2	2023	si	blaNDM-1,blaOXA-23	-	KL7	OCL1	r3-T1
GCA_052492555.1	Brasil	2	2022	si	blaNDM-1,blaOXA-23	-	KL7	OCL1	r3-T1
GCA_052492595.1	Brasil	2	2022	si	blaNDM-1,blaOXA-23	-	KL7	OCL1	r3-T1
GCA_052492615.1	Brasil	2	2022	si	blaNDM-1,blaOXA-23	-	KL7	OCL1	r3-T1
GCA_052492635.1	Brasil	2	2023	si	blaNDM-1,blaOXA-23	-	KL7	OCL1	r3-T1
GCA_052492675.1	Brasil	2	2023	si	blaNDM-1,blaOXA-23	-	KL7	OCL1	ninguno
GCA_052492695.1	Brasil	2	2022	si	blaOXA-23	-	KL7	OCL1	ninguno
GCA_052492715.1	Brasil	2	2022	si	blaNDM-1,blaOXA-23	-	KL7	OCL1	r3-T1
GCA_052492735.1	Brasil	2	2022	si	blaNDM-1,blaOXA-23	-	KL7	OCL1	r3-T1
GCA_052492755.1	Brasil	2	2022	si	blaNDM-1,blaOXA-23	-	KL7	OCL1	r3-T1
GCA_052492775.1	Brasil	2	2022	si	blaNDM-1,blaOXA-23	-	KL7	OCL1	r3-T1
GCA_052492795.1	Brasil	2	2023	si	blaNDM-1,blaOXA-23	-	KL7	OCL1	r3-T1
GCA_052492815.1	Brasil	2	2022	si	blaNDM-1,blaOXA-23	-	KL7	OCL1	ninguno
GCA_052492835.1	Brasil	2	2022	si	blaNDM-1,blaOXA-23	-	KL7	OCL1	r3-T1
GCA_052492855.1	Brasil	2	2023	si	blaNDM-1,blaOXA-23	-	KL7	OCL1	r3-T1
GCA_052545275.1	Brasil	2	2023	si	blaNDM-1,blaOXA-23	-	KL7	OCL1	r3-T1
GCA_053309335.1	Brasil	15	2020	si	blaOXA-23	236	KL81	OCL7	r3-T13,r3-T14,r3-T3
GCA_053320195.1	Peru	2	2024	si	blaOXA-72	-	KL9	OCL1	r3-T18,r3-T28,r3-T3
GCA_053320235.1	Peru	2	2024	si	blaOXA-72	-	KL2	OCL1	r3-T3
GCA_053320255.1	Peru	79	2024	si	blaOXA-23	-	KL13	OCL10	r3-T1,r3-T15,r3-T18
GCA_053320275.1	Peru	2	2024	si	blaOXA-72	-	KL2	OCL1	r3-T3
GCA_053320295.1	Peru	2	2024	si	blaOXA-72	-	KL9	OCL1	r3-T18,r3-T28,r3-T3
GCA_053320315.1	Peru	2	2024	si	blaOXA-72	-	KL2	OCL1	r3-T18
GCA_053320335.1	Peru	2	2023	si	blaOXA-72	-	KL2	OCL1	r3-T18,r3-T28,r3-T3
GCA_053320355.1	Peru	2	2023	si	blaOXA-72	-	KL9	OCL1	r3-T18,r3-T28,r3-T3
GCA_053320375.1	Peru	2	2023	si	blaOXA-72	-	KL9	OCL1	r3-T18,r3-T28,r3-T3
GCA_053320395.1	Peru	2	2023	no	ninguna	-	KL9	OCL1	r3-T18,r3-T28,r3-T3
GCA_053320415.1	Peru	2	2023	si	blaOXA-72	-	KL2	OCL1	r3-T18,r3-T3
GCA_053320435.1	Peru	1079	2024	si	blaOXA-23	1483	KL107	OCL3	r3-T14
GCA_053320455.1	Peru	2	2024	si	blaOXA-72	-	KL9	OCL1	r3-T28,r3-T3
GCA_053373735.1	Peru	2	2024	no	ninguna	-	KL2	OCL1	r3-T18,r3-T3
GCA_053373755.1	Peru	2	2024	no	ninguna	-	KL2	OCL1	r3-T18,r3-T3
GCA_053373775.1	Peru	2	2024	no	ninguna	-	KL9	OCL1	r3-T18,r3-T28,r3-T3
GCA_053373795.1	Peru	79	2024	si	blaOXA-23	-	KL13	OCL10	r3-T1,r3-T15,r3-T18
GCA_053373815.1	Peru	1079	2024	si	blaOXA-23	1483	KL107	OCL3	r3-T14
GCA_053373835.1	Peru	1079	2024	si	blaOXA-23	1483	KL107	OCL3	r3-T14
GCA_053819165.1	Bolivia	25	2016	si	blaOXA-23	1489	KL22	OCL5	ninguno
GCA_053819305.1	Argentina	991	NA	si	blaOXA-23	-	KL81	OCL5	ninguno
GCA_053819325.1	Argentina	25	NA	si	blaOXA-23	490	KL9	OCL5	ninguno
GCA_053819345.1	Bolivia	25	2016	si	blaOXA-23	1528	KL49	OCL5	rP-T1
GCA_054458955.1	Chile	15	2021	no	ninguna	225	KL22	OCL7	r3-T14
GCA_054458975.1	Chile	15	2021	no	ninguna	225	KL22	OCL7	r3-T14
GCA_054458995.1	Chile	15	2022	no	ninguna	225	KL22	OCL7	r3-T14
GCA_055403185.1	Brasil	15	2022	si	blaOXA-23	236	KL9	OCL7	r3-T14
GCA_055403225.1	Brasil	15	2022	si	blaOXA-23	236	KL9	OCL7	r3-T14
GCA_055403245.1	Brasil	986	2021	si	blaOXA-23	-	KL18	OCL1	r3-T1
GCA_055403305.1	Brasil	2	2023	si	blaOXA-23	-	KL7	OCL1	r3-T1
GCA_055403365.1	Brasil	25	2022	no	ninguna	229	KL14	OCL6	r3-T67
GCA_055403405.1	Brasil	2	2022	si	blaOXA-23	-	KL56	OCL1	r3-T1
GCA_055403465.1	Brasil	15	2022	si	blaOXA-23	236	KL9	OCL7	r3-T14
GCA_055403485.1	Brasil	15	2022	si	blaOXA-23	236	KL9	OCL7	r3-T14
GCA_055403505.1	Brasil	15	2022	si	blaOXA-23	236	KL9	OCL7	r3-T14
GCA_055403515.1	Brasil	15	2022	si	blaOXA-23	236	KL9	OCL7	r3-T14
GCA_055403605.1	Brasil	79	2021	si	blaOXA-23	-	KL33	OCL10	r1-T24,r3-T1,rP-T1
GCA_055403625.1	Brasil	15	2022	si	blaOXA-23	236	KL9	OCL7	r3-T14
GCA_055403665.1	Brasil	15	2022	no	ninguna	236	KL9	OCL7	r3-T14
GCA_055403715.1	Brasil	79	2023	si	blaOXA-23	-	KL210	OCL10	r3-T14
GCA_055404845.1	Brasil	79	2021	si	blaOXA-23	-	KL9	OCL10	r3-T1,rP-T1
GCA_055405025.1	Brasil	-	2019	no	ninguna	-	KL48	OCL5	r1-T1,r1-T2,r3-T27,r3-T62
GCA_055405425.1	Brasil	2	2021	si	blaOXA-23	-	KL7	OCL1	r3-T1
GCA_055405505.1	Brasil	2	2021	si	blaOXA-23	-	KL56	OCL1	r3-T1
GCA_055405585.1	Brasil	15	2021	si	blaOXA-23	236	KL81	OCL7	r3-T14
GCA_055405785.1	Brasil	1448	2022	si	blaOXA-23	229	KL14	OCL17	r3-T1,r3-T67
GCA_055405925.1	Brasil	15	2019	si	blaOXA-23	236	KL81	OCL7	r3-T14
GCA_055521135.1	Brasil	162	2021	si	blaOXA-23	235	KL19	OCL1	r3-T13,r3-T15,r3-T3
GCA_055521155.1	Brasil	15	2021	si	blaOXA-23	1619	KL167	OCL7	r3-T13,r3-T14,r3-T3
GCA_055521185.1	Brasil	2	2021	si	blaOXA-23	-	KL7	OCL1	r3-T1
GCA_055521205.1	Brasil	2	2021	si	blaOXA-23	-	KL7	OCL1	r3-T1
GCA_055521235.1	Brasil	162	2021	si	blaOXA-23	235	KL19	OCL1	r3-T13,r3-T15,r3-T3
GCA_055521255.1	Brasil	-	2021	si	blaOXA-23	-	KL9	OCL7	rP-T1
GCA_055521295.1	Brasil	193	2021	no	ninguna	2459	KL92	OCL5	r3-T15,r3-T43,r3-T7,r3-T76,rP-T1
GCA_055521315.1	Brasil	2	2021	si	blaOXA-23	-	KL7	OCL1	r3-T1
GCA_055521335.1	Brasil	1	2021	si	blaOXA-23	-	KL17	OCL3	r3-T1,r3-T15,rP-T1
GCA_055521355.1	Brasil	2	2021	si	blaOXA-23	-	KL56	OCL1	r3-T1,rP-T1
GCA_055521375.1	Brasil	2	2021	si	blaOXA-23	-	KL7	OCL1	r3-T1
GCA_055521395.1	Brasil	1	2021	si	blaOXA-23	-	KL17	OCL3	rP-T1
GCA_055521415.1	Brasil	-	2021	si	blaOXA-23	-	KL77	OCL7	r3-T14
GCA_055521435.1	Brasil	143	2021	si	blaOXA-23	-	KL7	OCL1	r3-T1
GCA_057186615.1	Chile	318	2022	si	blaOXA-58	225	KL22	OCL3	r3-T14
GCA_057186955.1	Chile	1	2022	no	ninguna	-	KL1	OCL1	r3-T13,r3-T14
GCA_057205515.1	Chile	318	2022	si	blaOXA-58	225	KL22	OCL3	r3-T14
GCA_057211905.1	Chile	1	2022	no	ninguna	-	KL1	OCL1	r3-T13,r3-T14
GCA_058313035.1	Brasil	15	2023	si	blaNDM,blaOXA-23	236	KL81	OCL7	r3-T14
GCA_058666895.1	Brasil	188	2023	si	blaOXA-23,blaOXA-407	-	KL27	OCL1	r3-T43,rP-T1
GCA_058666915.1	Brasil	15	2023	si	blaNDM,blaOXA-23	236	KL81	OCL7	r3-T14
GCA_058666955.1	Brasil	2	2023	si	blaOXA-23	-	KL56	OCL1	r3-T1,r3-T3
GCA_058666975.1	Brasil	2	2023	si	blaOXA-23	-	KL56	OCL1	r3-T1,r3-T3
GCA_058667035.1	Brasil	2	2023	si	blaOXA-23	-	KL56	OCL1	r3-T1
GCA_058667075.1	Brasil	25	2023	si	blaOXA-23	690	KL22	OCL10	r3-T1,rP-T1
GCA_058667095.1	Brasil	15	2023	si	blaOXA-23	-	KL167	OCL7	r3-T13,r3-T14,r3-T3
GCA_058667155.1	Brasil	188	2023	si	blaOXA-23,blaOXA-407	-	KL27	OCL1	r3-T43,rP-T1
GCA_058667175.1	Brasil	2	2023	si	blaOXA-23	-	KL56	OCL1	r3-T1,r3-T15
GCA_058667195.1	Brasil	2742	2023	si	blaOXA-23	-	KL14	OCL3	r3-T14,r3-T3
GCA_058672075.1	Brasil	2742	2023	si	blaOXA-23	-	KL14	OCL3	r3-T14,r3-T3,rP-T1
GCA_058672095.1	Brasil	-	2023	si	blaOXA-23	1338	KL27	OCL7	r3-T1,rP-T1
GCA_058672115.1	Brasil	231	2023	si	blaOXA-23	-	KL17	OCL3	r3-T1,rP-T1
GCA_058672145.1	Brasil	2742	2023	si	blaOXA-23	-	KL14	OCL3	r3-T14,r3-T3,rP-T1
GCA_058672235.1	Brasil	15	2023	si	blaOXA-23	236	KL81	OCL7	r3-T14
GCA_058672295.1	Brasil	2	2023	si	blaOXA-23	-	KL7	OCL1	r3-T1
GCA_058672335.1	Brasil	-	2023	si	blaOXA-23	-	KL9	OCL7	rP-T1
GCA_058672355.1	Brasil	188	2023	si	blaOXA-23,blaOXA-407	305	KL33	OCL1	r3-T3,r3-T43,rP-T1
GCA_058672415.1	Brasil	2	2023	si	blaOXA-23	-	KL56	OCL1	r3-T1,r3-T15,r3-T3
GCA_058672435.1	Brasil	2	2023	si	blaOXA-23	-	KL7	OCL1	r3-T1
GCA_058672455.1	Brasil	231	2023	si	blaOXA-23	-	KL17	OCL3	r3-T1,rP-T1
GCA_058672535.1	Brasil	2	2023	si	blaOXA-23	-	KL9	OCL1	r3-T1,r3-T15,r3-T3
GCA_058672555.1	Brasil	1	2023	si	blaOXA-23	-	KL17	OCL3	r3-T1,rP-T1
GCA_058672575.1	Brasil	1	2023	si	blaOXA-23	-	KL17	OCL3	r3-T1,rP-T1
GCA_058672635.1	Brasil	2	2023	si	blaOXA-23	-	KL7	OCL1	r3-T1
GCA_058672675.1	Brasil	2742	2023	si	blaOXA-23,blaOXA-407	3385	KL9	OCL3	r3-T14,rP-T1
GCA_058672695.1	Brasil	2	2023	si	blaOXA-23	-	KL56	OCL1	r3-T1
GCA_058672735.1	Brasil	15	2023	si	blaOXA-23	236	KL81	OCL7	r3-T14,rP-T1
GCA_058672755.1	Brasil	2	2023	si	blaOXA-23	-	KL7	OCL1	r3-T1
GCA_058672775.1	Brasil	2	2023	si	blaOXA-23	-	KL7	OCL1	r3-T1
GCA_058672875.1	Brasil	2742	2023	si	blaOXA-23,blaOXA-407	3385	KL9	OCL3	r3-T14,rP-T1
GCA_058672895.1	Brasil	2742	2023	si	blaOXA-23,blaOXA-407	3385	KL9	OCL3	r3-T14,rP-T1
GCA_058672975.1	Brasil	2	2023	si	blaOXA-23	-	KL9	OCL1	r3-T1
GCA_058673035.1	Brasil	1	2023	si	blaOXA-23	-	KL17	OCL3	rP-T1
GCA_058673075.1	Brasil	216	2023	no	ninguna	-	KL81	OCL6	r3-T13,r3-T21
GCA_058673135.1	Brasil	-	2023	no	ninguna	234	KL106	OCL8	r1-T1,r3-T3,r3-T43
GCA_058673155.1	Brasil	2	2023	si	blaOXA-23	-	KL56	OCL1	r3-T1,r3-T3
GCA_058673175.1	Brasil	729	2023	no	ninguna	3388	KL6	OCL2	r3-T5,r3-T8
GCA_058673275.1	Brasil	2742	2023	si	blaOXA-23,blaOXA-407	-	KL22	OCL3	r3-T14,r3-T15,rP-T1
GCA_058673285.1	Brasil	2742	2023	si	blaOXA-23,blaOXA-407	-	KL22	OCL3	r3-T14,r3-T15,rP-T1
GCA_058673315.1	Brasil	2	2023	si	blaOXA-23	-	KL7	OCL1	r3-T14
GCA_058673385.1	Brasil	2742	2023	si	blaOXA-23,blaOXA-407	-	KL22	OCL3	r3-T14,rP-T1
GCA_059036965.1	Argentina	1	NA	no	ninguna	-	KL1	OCL1	ninguno
GCA_059040385.1	Argentina	15	1993	no	ninguna	104	KL77	OCL7	ninguno
GCA_059040405.1	Argentina	15	1994	no	ninguna	104	KL77	OCL7	ninguno
GCA_059040425.1	Argentina	15	1994	no	ninguna	104	KL77	OCL7	ninguno
GCA_059040505.1	Argentina	15	1994	no	ninguna	104	KL77	OCL7	ninguno
GCA_059041325.1	Argentina	79	1998	no	ninguna	-	KL77	OCL10	ninguno
GCA_059041335.1	Argentina	79	1998	no	ninguna	-	KL77	OCL10	ninguno
GCA_059041385.1	Argentina	79	NA	no	ninguna	-	KL49	OCL10	ninguno
GCA_900519195.1	Venezuela	2	2016	si	blaNDM-1,blaOXA-23	-	KL16	OCL1	r3-T1,rP-T1
SRR35795686	Colombia	345	2019	no	ninguna	745	KL54	OCL6	r3-T22,r3-T5,r3-T6,r3-T67
SRR37377127	Peru	158	2012	no	ninguna	499	KL6	OCL1	r3-T3
SRR37377138	Peru	158	2013	no	ninguna	499	KL6	OCL1	r3-T13,r3-T3
SRR37377149	Peru	158	2016	no	ninguna	499	KL6	OCL1	r3-T3
SRR37377150	Peru	158	2016	no	ninguna	499	KL6	OCL1	r3-T3
